schema_mode,entity_id,feature_name,canonical_feature_name,source_feature_name,entity_type,widget_id,widget_key,widget_type,widget_family,widget_group,widget_order,display_label,display_description,help_text,placeholder,tooltip_text,is_visible,is_editable,is_required,is_payload_field,payload_compatible,payload_source,technical_only,default_value,allowed_values,min_value,max_value,step,format_hint,unit_label,validation_rule_id,normalization_rule_id,limitation_required,limitation_badge,limitation_note,disclosure_required,disclosure_text,requires_disclaimer,mode_disclaimer,ui_risk_level,widget_status,widget_issue
BASIC_FORM,SRC::annual_inc,SRC::annual_inc,,SRC::annual_inc,SOURCE_INPUT,WIDGET::BASIC_FORM::ANNUAL_INC,basic_form__annual_inc,number_input,numeric_input,Applicant Financial Profile,1,Annual Inc,Annual Inc widget metadata for basic form mode.,,Enter Annual Inc,Basic form contains only governed non-blocking source inputs for portfolio demo entry. It is not a production application intake workflow.,True,True,False,False,False,source_input,False,,,,,,unknown,USD,,,False,False,,False,,False,Basic form contains only governed non-blocking source inputs for portfolio demo entry. It is not a production application intake workflow.,STANDARD,READY,
BASIC_FORM,SRC::dti,SRC::dti,,SRC::dti,SOURCE_INPUT,WIDGET::BASIC_FORM::DTI,basic_form__dti,slider,numeric_input,Applicant Financial Profile,2,Dti,Dti widget metadata for basic form mode.,,Enter Dti,Basic form contains only governed non-blocking source inputs for portfolio demo entry. It is not a production application intake workflow.,True,True,False,False,False,source_input,False,,,,,0.01,unknown,ratio,,,False,False,,False,,False,Basic form contains only governed non-blocking source inputs for portfolio demo entry. It is not a production application intake workflow.,STANDARD,READY,
BASIC_FORM,SRC::home_ownership,SRC::home_ownership,,SRC::home_ownership,SOURCE_INPUT,WIDGET::BASIC_FORM::HOME_OWNERSHIP,basic_form__home_ownership,text_input,interactive_input,Applicant Financial Profile,3,Home Ownership,Home Ownership widget metadata for basic form mode.,,Enter Home Ownership,Basic form contains only governed non-blocking source inputs for portfolio demo entry. It is not a production application intake workflow.,True,True,False,False,False,source_input,False,,,,,,unknown,,,,False,False,,False,,False,Basic form contains only governed non-blocking source inputs for portfolio demo entry. It is not a production application intake workflow.,STANDARD,READY,
BASIC_FORM,SRC::loan_amnt,SRC::loan_amnt,,SRC::loan_amnt,SOURCE_INPUT,WIDGET::BASIC_FORM::LOAN_AMNT,basic_form__loan_amnt,number_input,numeric_input,Loan Details,4,Loan Amnt,Loan Amnt widget metadata for basic form mode.,,Enter Loan Amnt,Basic form contains only governed non-blocking source inputs for portfolio demo entry. It is not a production application intake workflow.,True,True,False,False,False,source_input,False,,,,,,unknown,USD,,,False,False,,False,,False,Basic form contains only governed non-blocking source inputs for portfolio demo entry. It is not a production application intake workflow.,STANDARD,READY,
BASIC_FORM,SRC::purpose,SRC::purpose,,SRC::purpose,SOURCE_INPUT,WIDGET::BASIC_FORM::PURPOSE,basic_form__purpose,text_input,interactive_input,Applicant Financial Profile,5,Purpose,Purpose widget metadata for basic form mode.,,Enter Purpose,Basic form contains only governed non-blocking source inputs for portfolio demo entry. It is not a production application intake workflow.,True,True,False,False,False,source_input,False,,,,,,unknown,,,,False,False,,False,,False,Basic form contains only governed non-blocking source inputs for portfolio demo entry. It is not a production application intake workflow.,STANDARD,READY,
BASIC_FORM,SRC::term_months,SRC::term_months,,SRC::term_months,SOURCE_INPUT,WIDGET::BASIC_FORM::TERM_MONTHS,basic_form__term_months,number_input,numeric_input,Loan Details,6,Term Months,Term Months widget metadata for basic form mode.,,Enter Term Months,Basic form contains only governed non-blocking source inputs for portfolio demo entry. It is not a production application intake workflow.,True,True,False,False,False,source_input,False,,,,,1.0,numeric,months,,,False,False,,False,,False,Basic form contains only governed non-blocking source inputs for portfolio demo entry. It is not a production application intake workflow.,STANDARD,READY,
SAMPLE_PROFILE,MF::acc_open_past_24mths,acc_open_past_24mths,acc_open_past_24mths,,MODEL_FEATURE,WIDGET::SAMPLE_PROFILE::ACC_OPEN_PAST_24MTHS,sample_profile__acc_open_past_24mths,readonly_metric,readonly_display,Synthetic Profile Fields,7,Acc Open Past 24Mths,Acc Open Past 24Mths widget metadata for sample profile mode.,,,Sample profiles are synthetic validated canonical feature profiles for portfolio demo inspection only.,True,False,True,False,True,synthetic_profile,False,,,,,,unknown,,,,False,False,,False,,False,Sample profiles are synthetic validated canonical feature profiles for portfolio demo inspection only.,STANDARD,READY,
SAMPLE_PROFILE,MF::bankruptcy_flag,bankruptcy_flag,bankruptcy_flag,,MODEL_FEATURE,WIDGET::SAMPLE_PROFILE::BANKRUPTCY_FLAG,sample_profile__bankruptcy_flag,readonly_metric,readonly_display,Synthetic Profile Fields,8,Bankruptcy Flag,Bankruptcy Flag widget metadata for sample profile mode.,,,Sample profiles are synthetic validated canonical feature profiles for portfolio demo inspection only.,True,False,True,False,True,synthetic_profile,False,,,,,,boolean,,,,False,False,,False,,False,Sample profiles are synthetic validated canonical feature profiles for portfolio demo inspection only.,STANDARD,READY,
SAMPLE_PROFILE,MF::bc_open_to_buy,bc_open_to_buy,bc_open_to_buy,,MODEL_FEATURE,WIDGET::SAMPLE_PROFILE::BC_OPEN_TO_BUY,sample_profile__bc_open_to_buy,readonly_metric,readonly_display,Synthetic Profile Fields,9,Bc Open To Buy,Bc Open To Buy widget metadata for sample profile mode.,,,Sample profiles are synthetic validated canonical feature profiles for portfolio demo inspection only.,True,False,True,False,True,synthetic_profile,False,,,,,,unknown,,,,False,False,,False,,False,Sample profiles are synthetic validated canonical feature profiles for portfolio demo inspection only.,STANDARD,READY,
SAMPLE_PROFILE,MF::bc_open_to_buy_missing_flag,bc_open_to_buy_missing_flag,bc_open_to_buy_missing_flag,,MODEL_FEATURE,WIDGET::SAMPLE_PROFILE::BC_OPEN_TO_BUY_MISSING_FLAG,sample_profile__bc_open_to_buy_missing_flag,readonly_metric,readonly_display,Synthetic Profile Fields,10,Bc Open To Buy Missing Flag,Bc Open To Buy Missing Flag widget metadata for sample profile mode.,,,Sample profiles are synthetic validated canonical feature profiles for portfolio demo inspection only.,True,False,True,False,True,synthetic_profile,False,,,,,,boolean,,,,False,False,,False,,False,Sample profiles are synthetic validated canonical feature profiles for portfolio demo inspection only.,STANDARD,READY,
SAMPLE_PROFILE,MF::bc_util,bc_util,bc_util,,MODEL_FEATURE,WIDGET::SAMPLE_PROFILE::BC_UTIL,sample_profile__bc_util,readonly_metric,readonly_display,Synthetic Profile Fields,11,Bc Util,Bc Util widget metadata for sample profile mode.,,,Sample profiles are synthetic validated canonical feature profiles for portfolio demo inspection only.,True,False,True,False,True,synthetic_profile,False,,,,,,unknown,ratio,,,False,False,,False,,False,Sample profiles are synthetic validated canonical feature profiles for portfolio demo inspection only.,STANDARD,READY,
SAMPLE_PROFILE,MF::bc_util_missing_flag,bc_util_missing_flag,bc_util_missing_flag,,MODEL_FEATURE,WIDGET::SAMPLE_PROFILE::BC_UTIL_MISSING_FLAG,sample_profile__bc_util_missing_flag,readonly_metric,readonly_display,Synthetic Profile Fields,12,Bc Util Missing Flag,Bc Util Missing Flag widget metadata for sample profile mode.,,,Sample profiles are synthetic validated canonical feature profiles for portfolio demo inspection only.,True,False,True,False,True,synthetic_profile,False,,,,,,boolean,ratio,,,False,False,,False,,False,Sample profiles are synthetic validated canonical feature profiles for portfolio demo inspection only.,STANDARD,READY,
SAMPLE_PROFILE,MF::credit_age_months,credit_age_months,credit_age_months,,MODEL_FEATURE,WIDGET::SAMPLE_PROFILE::CREDIT_AGE_MONTHS,sample_profile__credit_age_months,readonly_metric,readonly_display,Limited Canonical Features,13,Credit Age Months,Credit Age Months widget metadata for sample profile mode.,credit_age_months has no basic source-derived path in this demo because issue_year remains rejected temporal metadata; allowed only through validated synthetic profiles or technical canonical editor. credit_age_months has no basic source-derived path in this demo because issue_year remains rejected temporal metadata; allowed only through validated synthetic profiles or technical canonical editor.,,credit_age_months has no basic source-derived path in this demo because issue_year remains rejected temporal metadata; allowed only through validated synthetic profiles or technical canonical editor.,True,False,True,False,True,synthetic_profile,False,,,,,1.0,numeric,months,,,True,True,credit_age_months has no basic source-derived path in this demo because issue_year remains rejected temporal metadata; allowed only through validated synthetic profiles or technical canonical editor.,True,credit_age_months has no basic source-derived path in this demo because issue_year remains rejected temporal metadata; allowed only through validated synthetic profiles or technical canonical editor.,False,Sample profiles are synthetic validated canonical feature profiles for portfolio demo inspection only.,LIMITED,READY_WITH_LIMITATION,
SAMPLE_PROFILE,MF::debt_to_income_revol,debt_to_income_revol,debt_to_income_revol,,MODEL_FEATURE,WIDGET::SAMPLE_PROFILE::DEBT_TO_INCOME_REVOL,sample_profile__debt_to_income_revol,readonly_metric,readonly_display,Synthetic Profile Fields,14,Debt To Income Revol,Debt To Income Revol widget metadata for sample profile mode.,,,Sample profiles are synthetic validated canonical feature profiles for portfolio demo inspection only.,True,False,True,False,True,synthetic_profile,False,,,,,,unknown,USD,,,False,False,,False,,False,Sample profiles are synthetic validated canonical feature profiles for portfolio demo inspection only.,STANDARD,READY,
SAMPLE_PROFILE,MF::delinq_2yrs,delinq_2yrs,delinq_2yrs,,MODEL_FEATURE,WIDGET::SAMPLE_PROFILE::DELINQ_2YRS,sample_profile__delinq_2yrs,readonly_metric,readonly_display,Synthetic Profile Fields,15,Delinq 2Yrs,Delinq 2Yrs widget metadata for sample profile mode.,,,Sample profiles are synthetic validated canonical feature profiles for portfolio demo inspection only.,True,False,True,False,True,synthetic_profile,False,,,,,,unknown,,,,False,False,,False,,False,Sample profiles are synthetic validated canonical feature profiles for portfolio demo inspection only.,STANDARD,READY,
SAMPLE_PROFILE,MF::delinq_flag,delinq_flag,delinq_flag,,MODEL_FEATURE,WIDGET::SAMPLE_PROFILE::DELINQ_FLAG,sample_profile__delinq_flag,readonly_metric,readonly_display,Synthetic Profile Fields,16,Delinq Flag,Delinq Flag widget metadata for sample profile mode.,,,Sample profiles are synthetic validated canonical feature profiles for portfolio demo inspection only.,True,False,True,False,True,synthetic_profile,False,,,,,,boolean,,,,False,False,,False,,False,Sample profiles are synthetic validated canonical feature profiles for portfolio demo inspection only.,STANDARD,READY,
SAMPLE_PROFILE,MF::dti,dti,dti,,MODEL_FEATURE,WIDGET::SAMPLE_PROFILE::DTI,sample_profile__dti,readonly_metric,readonly_display,Synthetic Profile Fields,17,Dti,Dti widget metadata for sample profile mode.,,,Sample profiles are synthetic validated canonical feature profiles for portfolio demo inspection only.,True,False,True,False,True,synthetic_profile,False,,,,,,unknown,ratio,,,False,False,,False,,False,Sample profiles are synthetic validated canonical feature profiles for portfolio demo inspection only.,STANDARD,READY,
SAMPLE_PROFILE,MF::fico_avg,fico_avg,fico_avg,,MODEL_FEATURE,WIDGET::SAMPLE_PROFILE::FICO_AVG,sample_profile__fico_avg,readonly_metric,readonly_display,Synthetic Profile Fields,18,Fico Avg,Fico Avg widget metadata for sample profile mode.,,,Sample profiles are synthetic validated canonical feature profiles for portfolio demo inspection only.,True,False,True,False,True,synthetic_profile,False,,,,,,unknown,,,,False,False,,False,,False,Sample profiles are synthetic validated canonical feature profiles for portfolio demo inspection only.,STANDARD,READY,
SAMPLE_PROFILE,MF::grade_encoded,grade_encoded,grade_encoded,,MODEL_FEATURE,WIDGET::SAMPLE_PROFILE::GRADE_ENCODED,sample_profile__grade_encoded,readonly_metric,readonly_display,Limited Canonical Features,19,Grade Encoded,Grade Encoded widget metadata for sample profile mode.,grade_encoded is not available through basic applicant-provided input; allowed only through validated synthetic profiles or technical canonical editor for portfolio demo. grade_encoded is not available through basic applicant-provided input; allowed only through validated synthetic profiles or technical canonical editor for portfolio demo.,,grade_encoded is not available through basic applicant-provided input; allowed only through validated synthetic profiles or technical canonical editor for portfolio demo.,True,False,True,False,True,synthetic_profile,False,,,,,,unknown,,,,True,True,grade_encoded is not available through basic applicant-provided input; allowed only through validated synthetic profiles or technical canonical editor for portfolio demo.,True,grade_encoded is not available through basic applicant-provided input; allowed only through validated synthetic profiles or technical canonical editor for portfolio demo.,False,Sample profiles are synthetic validated canonical feature profiles for portfolio demo inspection only.,LIMITED,READY_WITH_LIMITATION,
SAMPLE_PROFILE,MF::high_revol_util_flag,high_revol_util_flag,high_revol_util_flag,,MODEL_FEATURE,WIDGET::SAMPLE_PROFILE::HIGH_REVOL_UTIL_FLAG,sample_profile__high_revol_util_flag,readonly_metric,readonly_display,Synthetic Profile Fields,20,High Revol Util Flag,High Revol Util Flag widget metadata for sample profile mode.,,,Sample profiles are synthetic validated canonical feature profiles for portfolio demo inspection only.,True,False,True,False,True,synthetic_profile,False,,,,,,boolean,ratio,,,False,False,,False,,False,Sample profiles are synthetic validated canonical feature profiles for portfolio demo inspection only.,STANDARD,READY,
SAMPLE_PROFILE,MF::home_ownership_encoded,home_ownership_encoded,home_ownership_encoded,,MODEL_FEATURE,WIDGET::SAMPLE_PROFILE::HOME_OWNERSHIP_ENCODED,sample_profile__home_ownership_encoded,readonly_metric,readonly_display,Synthetic Profile Fields,21,Home Ownership Encoded,Home Ownership Encoded widget metadata for sample profile mode.,,,Sample profiles are synthetic validated canonical feature profiles for portfolio demo inspection only.,True,False,True,False,True,synthetic_profile,False,,,,,,unknown,,,,False,False,,False,,False,Sample profiles are synthetic validated canonical feature profiles for portfolio demo inspection only.,STANDARD,READY,
SAMPLE_PROFILE,MF::inq_last_6mths,inq_last_6mths,inq_last_6mths,,MODEL_FEATURE,WIDGET::SAMPLE_PROFILE::INQ_LAST_6MTHS,sample_profile__inq_last_6mths,readonly_metric,readonly_display,Synthetic Profile Fields,22,Inq Last 6Mths,Inq Last 6Mths widget metadata for sample profile mode.,,,Sample profiles are synthetic validated canonical feature profiles for portfolio demo inspection only.,True,False,True,False,True,synthetic_profile,False,,,,,,unknown,,,,False,False,,False,,False,Sample profiles are synthetic validated canonical feature profiles for portfolio demo inspection only.,STANDARD,READY,
SAMPLE_PROFILE,MF::inq_per_open_acc,inq_per_open_acc,inq_per_open_acc,,MODEL_FEATURE,WIDGET::SAMPLE_PROFILE::INQ_PER_OPEN_ACC,sample_profile__inq_per_open_acc,readonly_metric,readonly_display,Synthetic Profile Fields,23,Inq Per Open Acc,Inq Per Open Acc widget metadata for sample profile mode.,,,Sample profiles are synthetic validated canonical feature profiles for portfolio demo inspection only.,True,False,True,False,True,synthetic_profile,False,,,,,,unknown,,,,False,False,,False,,False,Sample profiles are synthetic validated canonical feature profiles for portfolio demo inspection only.,STANDARD,READY,
SAMPLE_PROFILE,MF::installment,installment,installment,,MODEL_FEATURE,WIDGET::SAMPLE_PROFILE::INSTALLMENT,sample_profile__installment,readonly_metric,readonly_display,Synthetic Profile Fields,24,Installment,Installment widget metadata for sample profile mode.,,,Sample profiles are synthetic validated canonical feature profiles for portfolio demo inspection only.,True,False,True,False,True,synthetic_profile,False,,,,,,unknown,USD,,,False,False,,False,,False,Sample profiles are synthetic validated canonical feature profiles for portfolio demo inspection only.,STANDARD,READY,
SAMPLE_PROFILE,MF::is_60_month,is_60_month,is_60_month,,MODEL_FEATURE,WIDGET::SAMPLE_PROFILE::IS_60_MONTH,sample_profile__is_60_month,readonly_metric,readonly_display,Synthetic Profile Fields,25,Is 60 Month,Is 60 Month widget metadata for sample profile mode.,,,Sample profiles are synthetic validated canonical feature profiles for portfolio demo inspection only.,True,False,True,False,True,synthetic_profile,False,,,,,,unknown,,,,False,False,,False,,False,Sample profiles are synthetic validated canonical feature profiles for portfolio demo inspection only.,STANDARD,READY,
SAMPLE_PROFILE,MF::loan_amnt,loan_amnt,loan_amnt,,MODEL_FEATURE,WIDGET::SAMPLE_PROFILE::LOAN_AMNT,sample_profile__loan_amnt,readonly_metric,readonly_display,Synthetic Profile Fields,26,Loan Amnt,Loan Amnt widget metadata for sample profile mode.,,,Sample profiles are synthetic validated canonical feature profiles for portfolio demo inspection only.,True,False,True,False,True,synthetic_profile,False,,,,,,unknown,USD,,,False,False,,False,,False,Sample profiles are synthetic validated canonical feature profiles for portfolio demo inspection only.,STANDARD,READY,
SAMPLE_PROFILE,MF::loan_to_income,loan_to_income,loan_to_income,,MODEL_FEATURE,WIDGET::SAMPLE_PROFILE::LOAN_TO_INCOME,sample_profile__loan_to_income,readonly_metric,readonly_display,Synthetic Profile Fields,27,Loan To Income,Loan To Income widget metadata for sample profile mode.,,,Sample profiles are synthetic validated canonical feature profiles for portfolio demo inspection only.,True,False,True,False,True,synthetic_profile,False,,,,,,unknown,USD,,,False,False,,False,,False,Sample profiles are synthetic validated canonical feature profiles for portfolio demo inspection only.,STANDARD,READY,
SAMPLE_PROFILE,MF::log_annual_inc,log_annual_inc,log_annual_inc,,MODEL_FEATURE,WIDGET::SAMPLE_PROFILE::LOG_ANNUAL_INC,sample_profile__log_annual_inc,readonly_metric,readonly_display,Synthetic Profile Fields,28,Log Annual Inc,Log Annual Inc widget metadata for sample profile mode.,,,Sample profiles are synthetic validated canonical feature profiles for portfolio demo inspection only.,True,False,True,False,True,synthetic_profile,False,,,,,,unknown,USD,,,False,False,,False,,False,Sample profiles are synthetic validated canonical feature profiles for portfolio demo inspection only.,STANDARD,READY,
SAMPLE_PROFILE,MF::log_loan_amnt,log_loan_amnt,log_loan_amnt,,MODEL_FEATURE,WIDGET::SAMPLE_PROFILE::LOG_LOAN_AMNT,sample_profile__log_loan_amnt,readonly_metric,readonly_display,Synthetic Profile Fields,29,Log Loan Amnt,Log Loan Amnt widget metadata for sample profile mode.,,,Sample profiles are synthetic validated canonical feature profiles for portfolio demo inspection only.,True,False,True,False,True,synthetic_profile,False,,,,,,unknown,USD,,,False,False,,False,,False,Sample profiles are synthetic validated canonical feature profiles for portfolio demo inspection only.,STANDARD,READY,
SAMPLE_PROFILE,MF::log_revol_bal,log_revol_bal,log_revol_bal,,MODEL_FEATURE,WIDGET::SAMPLE_PROFILE::LOG_REVOL_BAL,sample_profile__log_revol_bal,readonly_metric,readonly_display,Synthetic Profile Fields,30,Log Revol Bal,Log Revol Bal widget metadata for sample profile mode.,,,Sample profiles are synthetic validated canonical feature profiles for portfolio demo inspection only.,True,False,True,False,True,synthetic_profile,False,,,,,,unknown,,,,False,False,,False,,False,Sample profiles are synthetic validated canonical feature profiles for portfolio demo inspection only.,STANDARD,READY,
SAMPLE_PROFILE,MF::log_tot_cur_bal,log_tot_cur_bal,log_tot_cur_bal,,MODEL_FEATURE,WIDGET::SAMPLE_PROFILE::LOG_TOT_CUR_BAL,sample_profile__log_tot_cur_bal,readonly_metric,readonly_display,Synthetic Profile Fields,31,Log Tot Cur Bal,Log Tot Cur Bal widget metadata for sample profile mode.,,,Sample profiles are synthetic validated canonical feature profiles for portfolio demo inspection only.,True,False,True,False,True,synthetic_profile,False,,,,,,unknown,,,,False,False,,False,,False,Sample profiles are synthetic validated canonical feature profiles for portfolio demo inspection only.,STANDARD,READY,
SAMPLE_PROFILE,MF::log_total_rev_hi_lim,log_total_rev_hi_lim,log_total_rev_hi_lim,,MODEL_FEATURE,WIDGET::SAMPLE_PROFILE::LOG_TOTAL_REV_HI_LIM,sample_profile__log_total_rev_hi_lim,readonly_metric,readonly_display,Synthetic Profile Fields,32,Log Total Rev Hi Lim,Log Total Rev Hi Lim widget metadata for sample profile mode.,,,Sample profiles are synthetic validated canonical feature profiles for portfolio demo inspection only.,True,False,True,False,True,synthetic_profile,False,,,,,,unknown,,,,False,False,,False,,False,Sample profiles are synthetic validated canonical feature profiles for portfolio demo inspection only.,STANDARD,READY,
SAMPLE_PROFILE,MF::mo_sin_old_rev_tl_op,mo_sin_old_rev_tl_op,mo_sin_old_rev_tl_op,,MODEL_FEATURE,WIDGET::SAMPLE_PROFILE::MO_SIN_OLD_REV_TL_OP,sample_profile__mo_sin_old_rev_tl_op,readonly_metric,readonly_display,Synthetic Profile Fields,33,Mo Sin Old Rev Tl Op,Mo Sin Old Rev Tl Op widget metadata for sample profile mode.,,,Sample profiles are synthetic validated canonical feature profiles for portfolio demo inspection only.,True,False,True,False,True,synthetic_profile,False,,,,,,unknown,,,,False,False,,False,,False,Sample profiles are synthetic validated canonical feature profiles for portfolio demo inspection only.,STANDARD,READY,
SAMPLE_PROFILE,MF::mo_sin_old_rev_tl_op_missing_flag,mo_sin_old_rev_tl_op_missing_flag,mo_sin_old_rev_tl_op_missing_flag,,MODEL_FEATURE,WIDGET::SAMPLE_PROFILE::MO_SIN_OLD_REV_TL_OP_MISSING_FLAG,sample_profile__mo_sin_old_rev_tl_op_missing_flag,readonly_metric,readonly_display,Synthetic Profile Fields,34,Mo Sin Old Rev Tl Op Missing Flag,Mo Sin Old Rev Tl Op Missing Flag widget metadata for sample profile mode.,,,Sample profiles are synthetic validated canonical feature profiles for portfolio demo inspection only.,True,False,True,False,True,synthetic_profile,False,,,,,,boolean,,,,False,False,,False,,False,Sample profiles are synthetic validated canonical feature profiles for portfolio demo inspection only.,STANDARD,READY,
SAMPLE_PROFILE,MF::mo_sin_rcnt_rev_tl_op,mo_sin_rcnt_rev_tl_op,mo_sin_rcnt_rev_tl_op,,MODEL_FEATURE,WIDGET::SAMPLE_PROFILE::MO_SIN_RCNT_REV_TL_OP,sample_profile__mo_sin_rcnt_rev_tl_op,readonly_metric,readonly_display,Synthetic Profile Fields,35,Mo Sin Rcnt Rev Tl Op,Mo Sin Rcnt Rev Tl Op widget metadata for sample profile mode.,,,Sample profiles are synthetic validated canonical feature profiles for portfolio demo inspection only.,True,False,True,False,True,synthetic_profile,False,,,,,,unknown,,,,False,False,,False,,False,Sample profiles are synthetic validated canonical feature profiles for portfolio demo inspection only.,STANDARD,READY,
SAMPLE_PROFILE,MF::mo_sin_rcnt_rev_tl_op_missing_flag,mo_sin_rcnt_rev_tl_op_missing_flag,mo_sin_rcnt_rev_tl_op_missing_flag,,MODEL_FEATURE,WIDGET::SAMPLE_PROFILE::MO_SIN_RCNT_REV_TL_OP_MISSING_FLAG,sample_profile__mo_sin_rcnt_rev_tl_op_missing_flag,readonly_metric,readonly_display,Synthetic Profile Fields,36,Mo Sin Rcnt Rev Tl Op Missing Flag,Mo Sin Rcnt Rev Tl Op Missing Flag widget metadata for sample profile mode.,,,Sample profiles are synthetic validated canonical feature profiles for portfolio demo inspection only.,True,False,True,False,True,synthetic_profile,False,,,,,,boolean,,,,False,False,,False,,False,Sample profiles are synthetic validated canonical feature profiles for portfolio demo inspection only.,STANDARD,READY,
SAMPLE_PROFILE,MF::mort_acc,mort_acc,mort_acc,,MODEL_FEATURE,WIDGET::SAMPLE_PROFILE::MORT_ACC,sample_profile__mort_acc,readonly_metric,readonly_display,Synthetic Profile Fields,37,Mort Acc,Mort Acc widget metadata for sample profile mode.,,,Sample profiles are synthetic validated canonical feature profiles for portfolio demo inspection only.,True,False,True,False,True,synthetic_profile,False,,,,,,unknown,,,,False,False,,False,,False,Sample profiles are synthetic validated canonical feature profiles for portfolio demo inspection only.,STANDARD,READY,
SAMPLE_PROFILE,MF::mths_since_last_delinq,mths_since_last_delinq,mths_since_last_delinq,,MODEL_FEATURE,WIDGET::SAMPLE_PROFILE::MTHS_SINCE_LAST_DELINQ,sample_profile__mths_since_last_delinq,readonly_metric,readonly_display,Synthetic Profile Fields,38,Mths Since Last Delinq,Mths Since Last Delinq widget metadata for sample profile mode.,,,Sample profiles are synthetic validated canonical feature profiles for portfolio demo inspection only.,True,False,True,False,True,synthetic_profile,False,,,,,,unknown,USD,,,False,False,,False,,False,Sample profiles are synthetic validated canonical feature profiles for portfolio demo inspection only.,STANDARD,READY,
SAMPLE_PROFILE,MF::mths_since_last_delinq_missing_flag,mths_since_last_delinq_missing_flag,mths_since_last_delinq_missing_flag,,MODEL_FEATURE,WIDGET::SAMPLE_PROFILE::MTHS_SINCE_LAST_DELINQ_MISSING_FLAG,sample_profile__mths_since_last_delinq_missing_flag,readonly_metric,readonly_display,Synthetic Profile Fields,39,Mths Since Last Delinq Missing Flag,Mths Since Last Delinq Missing Flag widget metadata for sample profile mode.,,,Sample profiles are synthetic validated canonical feature profiles for portfolio demo inspection only.,True,False,True,False,True,synthetic_profile,False,,,,,,boolean,USD,,,False,False,,False,,False,Sample profiles are synthetic validated canonical feature profiles for portfolio demo inspection only.,STANDARD,READY,
SAMPLE_PROFILE,MF::num_actv_bc_tl,num_actv_bc_tl,num_actv_bc_tl,,MODEL_FEATURE,WIDGET::SAMPLE_PROFILE::NUM_ACTV_BC_TL,sample_profile__num_actv_bc_tl,readonly_metric,readonly_display,Synthetic Profile Fields,40,Num Actv Bc Tl,Num Actv Bc Tl widget metadata for sample profile mode.,,,Sample profiles are synthetic validated canonical feature profiles for portfolio demo inspection only.,True,False,True,False,True,synthetic_profile,False,,,,,1.0,numeric,,,,False,False,,False,,False,Sample profiles are synthetic validated canonical feature profiles for portfolio demo inspection only.,STANDARD,READY,
SAMPLE_PROFILE,MF::open_acc,open_acc,open_acc,,MODEL_FEATURE,WIDGET::SAMPLE_PROFILE::OPEN_ACC,sample_profile__open_acc,readonly_metric,readonly_display,Synthetic Profile Fields,41,Open Acc,Open Acc widget metadata for sample profile mode.,,,Sample profiles are synthetic validated canonical feature profiles for portfolio demo inspection only.,True,False,True,False,True,synthetic_profile,False,,,,,,unknown,,,,False,False,,False,,False,Sample profiles are synthetic validated canonical feature profiles for portfolio demo inspection only.,STANDARD,READY,
SAMPLE_PROFILE,MF::payment_to_income,payment_to_income,payment_to_income,,MODEL_FEATURE,WIDGET::SAMPLE_PROFILE::PAYMENT_TO_INCOME,sample_profile__payment_to_income,readonly_metric,readonly_display,Synthetic Profile Fields,42,Payment To Income,Payment To Income widget metadata for sample profile mode.,,,Sample profiles are synthetic validated canonical feature profiles for portfolio demo inspection only.,True,False,True,False,True,synthetic_profile,False,,,,,,unknown,USD,,,False,False,,False,,False,Sample profiles are synthetic validated canonical feature profiles for portfolio demo inspection only.,STANDARD,READY,
SAMPLE_PROFILE,MF::pct_tl_nvr_dlq,pct_tl_nvr_dlq,pct_tl_nvr_dlq,,MODEL_FEATURE,WIDGET::SAMPLE_PROFILE::PCT_TL_NVR_DLQ,sample_profile__pct_tl_nvr_dlq,readonly_metric,readonly_display,Synthetic Profile Fields,43,Pct Tl Nvr Dlq,Pct Tl Nvr Dlq widget metadata for sample profile mode.,,,Sample profiles are synthetic validated canonical feature profiles for portfolio demo inspection only.,True,False,True,False,True,synthetic_profile,False,,,,,,unknown,,,,False,False,,False,,False,Sample profiles are synthetic validated canonical feature profiles for portfolio demo inspection only.,STANDARD,READY,
SAMPLE_PROFILE,MF::pub_rec,pub_rec,pub_rec,,MODEL_FEATURE,WIDGET::SAMPLE_PROFILE::PUB_REC,sample_profile__pub_rec,readonly_metric,readonly_display,Synthetic Profile Fields,44,Pub Rec,Pub Rec widget metadata for sample profile mode.,,,Sample profiles are synthetic validated canonical feature profiles for portfolio demo inspection only.,True,False,True,False,True,synthetic_profile,False,,,,,,unknown,,,,False,False,,False,,False,Sample profiles are synthetic validated canonical feature profiles for portfolio demo inspection only.,STANDARD,READY,
SAMPLE_PROFILE,MF::pub_rec_bankruptcies,pub_rec_bankruptcies,pub_rec_bankruptcies,,MODEL_FEATURE,WIDGET::SAMPLE_PROFILE::PUB_REC_BANKRUPTCIES,sample_profile__pub_rec_bankruptcies,readonly_metric,readonly_display,Synthetic Profile Fields,45,Pub Rec Bankruptcies,Pub Rec Bankruptcies widget metadata for sample profile mode.,,,Sample profiles are synthetic validated canonical feature profiles for portfolio demo inspection only.,True,False,True,False,True,synthetic_profile,False,,,,,,unknown,,,,False,False,,False,,False,Sample profiles are synthetic validated canonical feature profiles for portfolio demo inspection only.,STANDARD,READY,
SAMPLE_PROFILE,MF::pub_rec_flag,pub_rec_flag,pub_rec_flag,,MODEL_FEATURE,WIDGET::SAMPLE_PROFILE::PUB_REC_FLAG,sample_profile__pub_rec_flag,readonly_metric,readonly_display,Synthetic Profile Fields,46,Pub Rec Flag,Pub Rec Flag widget metadata for sample profile mode.,,,Sample profiles are synthetic validated canonical feature profiles for portfolio demo inspection only.,True,False,True,False,True,synthetic_profile,False,,,,,,boolean,,,,False,False,,False,,False,Sample profiles are synthetic validated canonical feature profiles for portfolio demo inspection only.,STANDARD,READY,
SAMPLE_PROFILE,MF::purpose,purpose,purpose,,MODEL_FEATURE,WIDGET::SAMPLE_PROFILE::PURPOSE,sample_profile__purpose,readonly_metric,readonly_display,Synthetic Profile Fields,47,Purpose,Purpose widget metadata for sample profile mode.,,,Sample profiles are synthetic validated canonical feature profiles for portfolio demo inspection only.,True,False,True,False,True,synthetic_profile,False,,,,,,unknown,,,,False,False,,False,,False,Sample profiles are synthetic validated canonical feature profiles for portfolio demo inspection only.,STANDARD,READY,
SAMPLE_PROFILE,MF::revol_bal,revol_bal,revol_bal,,MODEL_FEATURE,WIDGET::SAMPLE_PROFILE::REVOL_BAL,sample_profile__revol_bal,readonly_metric,readonly_display,Synthetic Profile Fields,48,Revol Bal,Revol Bal widget metadata for sample profile mode.,,,Sample profiles are synthetic validated canonical feature profiles for portfolio demo inspection only.,True,False,True,False,True,synthetic_profile,False,,,,,,unknown,,,,False,False,,False,,False,Sample profiles are synthetic validated canonical feature profiles for portfolio demo inspection only.,STANDARD,READY,
SAMPLE_PROFILE,MF::revol_util,revol_util,revol_util,,MODEL_FEATURE,WIDGET::SAMPLE_PROFILE::REVOL_UTIL,sample_profile__revol_util,readonly_metric,readonly_display,Synthetic Profile Fields,49,Revol Util,Revol Util widget metadata for sample profile mode.,,,Sample profiles are synthetic validated canonical feature profiles for portfolio demo inspection only.,True,False,True,False,True,synthetic_profile,False,,,,,,unknown,ratio,,,False,False,,False,,False,Sample profiles are synthetic validated canonical feature profiles for portfolio demo inspection only.,STANDARD,READY,
SAMPLE_PROFILE,MF::term_months,term_months,term_months,,MODEL_FEATURE,WIDGET::SAMPLE_PROFILE::TERM_MONTHS,sample_profile__term_months,readonly_metric,readonly_display,Synthetic Profile Fields,50,Term Months,Term Months widget metadata for sample profile mode.,,,Sample profiles are synthetic validated canonical feature profiles for portfolio demo inspection only.,True,False,True,False,True,synthetic_profile,False,,,,,1.0,numeric,months,,,False,False,,False,,False,Sample profiles are synthetic validated canonical feature profiles for portfolio demo inspection only.,STANDARD,READY,
SAMPLE_PROFILE,MF::tot_cur_bal,tot_cur_bal,tot_cur_bal,,MODEL_FEATURE,WIDGET::SAMPLE_PROFILE::TOT_CUR_BAL,sample_profile__tot_cur_bal,readonly_metric,readonly_display,Synthetic Profile Fields,51,Tot Cur Bal,Tot Cur Bal widget metadata for sample profile mode.,,,Sample profiles are synthetic validated canonical feature profiles for portfolio demo inspection only.,True,False,True,False,True,synthetic_profile,False,,,,,,unknown,,,,False,False,,False,,False,Sample profiles are synthetic validated canonical feature profiles for portfolio demo inspection only.,STANDARD,READY,
SAMPLE_PROFILE,MF::total_acc,total_acc,total_acc,,MODEL_FEATURE,WIDGET::SAMPLE_PROFILE::TOTAL_ACC,sample_profile__total_acc,readonly_metric,readonly_display,Synthetic Profile Fields,52,Total Acc,Total Acc widget metadata for sample profile mode.,,,Sample profiles are synthetic validated canonical feature profiles for portfolio demo inspection only.,True,False,True,False,True,synthetic_profile,False,,,,,,unknown,,,,False,False,,False,,False,Sample profiles are synthetic validated canonical feature profiles for portfolio demo inspection only.,STANDARD,READY,
SAMPLE_PROFILE,MF::total_rev_hi_lim,total_rev_hi_lim,total_rev_hi_lim,,MODEL_FEATURE,WIDGET::SAMPLE_PROFILE::TOTAL_REV_HI_LIM,sample_profile__total_rev_hi_lim,readonly_metric,readonly_display,Synthetic Profile Fields,53,Total Rev Hi Lim,Total Rev Hi Lim widget metadata for sample profile mode.,,,Sample profiles are synthetic validated canonical feature profiles for portfolio demo inspection only.,True,False,True,False,True,synthetic_profile,False,,,,,,unknown,,,,False,False,,False,,False,Sample profiles are synthetic validated canonical feature profiles for portfolio demo inspection only.,STANDARD,READY,
SAMPLE_PROFILE,MF::util_to_fico_ratio,util_to_fico_ratio,util_to_fico_ratio,,MODEL_FEATURE,WIDGET::SAMPLE_PROFILE::UTIL_TO_FICO_RATIO,sample_profile__util_to_fico_ratio,readonly_metric,readonly_display,Synthetic Profile Fields,54,Util To Fico Ratio,Util To Fico Ratio widget metadata for sample profile mode.,,,Sample profiles are synthetic validated canonical feature profiles for portfolio demo inspection only.,True,False,True,False,True,synthetic_profile,False,,,,,,numeric,ratio,,,False,False,,False,,False,Sample profiles are synthetic validated canonical feature profiles for portfolio demo inspection only.,STANDARD,READY,
SAMPLE_PROFILE,MF::verification_encoded,verification_encoded,verification_encoded,,MODEL_FEATURE,WIDGET::SAMPLE_PROFILE::VERIFICATION_ENCODED,sample_profile__verification_encoded,readonly_metric,readonly_display,Synthetic Profile Fields,55,Verification Encoded,Verification Encoded widget metadata for sample profile mode.,,,Sample profiles are synthetic validated canonical feature profiles for portfolio demo inspection only.,True,False,True,False,True,synthetic_profile,False,,,,,,unknown,,,,False,False,,False,,False,Sample profiles are synthetic validated canonical feature profiles for portfolio demo inspection only.,STANDARD,READY,
ADVANCED_EDITOR,MF::acc_open_past_24mths,acc_open_past_24mths,acc_open_past_24mths,,MODEL_FEATURE,WIDGET::ADVANCED_EDITOR::ACC_OPEN_PAST_24MTHS,advanced_editor__acc_open_past_24mths,number_input,numeric_input,Canonical Feature Vector,56,Acc Open Past 24Mths,Acc Open Past 24Mths widget metadata for advanced editor mode.,"Advanced editor is a technical canonical feature editor for portfolio demo inspection only. It is not a production loan intake form, not an applicant-facing eligibility workflow, and does not authorize credit decisions.",,"Advanced editor is a technical canonical feature editor for portfolio demo inspection only. It is not a production loan intake form, not an applicant-facing eligibility workflow, and does not authorize credit decisions.",True,True,True,False,True,canonical_feature,True,,,,,,unknown,,,,False,False,,False,,True,"Advanced editor is a technical canonical feature editor for portfolio demo inspection only. It is not a production loan intake form, not an applicant-facing eligibility workflow, and does not authorize credit decisions.",TECHNICAL,READY,
ADVANCED_EDITOR,MF::bankruptcy_flag,bankruptcy_flag,bankruptcy_flag,,MODEL_FEATURE,WIDGET::ADVANCED_EDITOR::BANKRUPTCY_FLAG,advanced_editor__bankruptcy_flag,checkbox,interactive_input,Canonical Feature Vector,57,Bankruptcy Flag,Bankruptcy Flag widget metadata for advanced editor mode.,"Advanced editor is a technical canonical feature editor for portfolio demo inspection only. It is not a production loan intake form, not an applicant-facing eligibility workflow, and does not authorize credit decisions.",,"Advanced editor is a technical canonical feature editor for portfolio demo inspection only. It is not a production loan intake form, not an applicant-facing eligibility workflow, and does not authorize credit decisions.",True,True,True,False,True,canonical_feature,True,,,,,,boolean,,,,False,False,,False,,True,"Advanced editor is a technical canonical feature editor for portfolio demo inspection only. It is not a production loan intake form, not an applicant-facing eligibility workflow, and does not authorize credit decisions.",TECHNICAL,READY,
ADVANCED_EDITOR,MF::bc_open_to_buy,bc_open_to_buy,bc_open_to_buy,,MODEL_FEATURE,WIDGET::ADVANCED_EDITOR::BC_OPEN_TO_BUY,advanced_editor__bc_open_to_buy,text_input,interactive_input,Canonical Feature Vector,58,Bc Open To Buy,Bc Open To Buy widget metadata for advanced editor mode.,"Advanced editor is a technical canonical feature editor for portfolio demo inspection only. It is not a production loan intake form, not an applicant-facing eligibility workflow, and does not authorize credit decisions.",,"Advanced editor is a technical canonical feature editor for portfolio demo inspection only. It is not a production loan intake form, not an applicant-facing eligibility workflow, and does not authorize credit decisions.",True,True,True,False,True,canonical_feature,True,,,,,,unknown,,,,False,False,,False,,True,"Advanced editor is a technical canonical feature editor for portfolio demo inspection only. It is not a production loan intake form, not an applicant-facing eligibility workflow, and does not authorize credit decisions.",TECHNICAL,READY,
ADVANCED_EDITOR,MF::bc_open_to_buy_missing_flag,bc_open_to_buy_missing_flag,bc_open_to_buy_missing_flag,,MODEL_FEATURE,WIDGET::ADVANCED_EDITOR::BC_OPEN_TO_BUY_MISSING_FLAG,advanced_editor__bc_open_to_buy_missing_flag,checkbox,interactive_input,Canonical Feature Vector,59,Bc Open To Buy Missing Flag,Bc Open To Buy Missing Flag widget metadata for advanced editor mode.,"Advanced editor is a technical canonical feature editor for portfolio demo inspection only. It is not a production loan intake form, not an applicant-facing eligibility workflow, and does not authorize credit decisions.",,"Advanced editor is a technical canonical feature editor for portfolio demo inspection only. It is not a production loan intake form, not an applicant-facing eligibility workflow, and does not authorize credit decisions.",True,True,True,False,True,canonical_feature,True,,,,,,boolean,,,,False,False,,False,,True,"Advanced editor is a technical canonical feature editor for portfolio demo inspection only. It is not a production loan intake form, not an applicant-facing eligibility workflow, and does not authorize credit decisions.",TECHNICAL,READY,
ADVANCED_EDITOR,MF::bc_util,bc_util,bc_util,,MODEL_FEATURE,WIDGET::ADVANCED_EDITOR::BC_UTIL,advanced_editor__bc_util,slider,numeric_input,Canonical Feature Vector,60,Bc Util,Bc Util widget metadata for advanced editor mode.,"Advanced editor is a technical canonical feature editor for portfolio demo inspection only. It is not a production loan intake form, not an applicant-facing eligibility workflow, and does not authorize credit decisions.",,"Advanced editor is a technical canonical feature editor for portfolio demo inspection only. It is not a production loan intake form, not an applicant-facing eligibility workflow, and does not authorize credit decisions.",True,True,True,False,True,canonical_feature,True,,,,,0.01,unknown,ratio,,,False,False,,False,,True,"Advanced editor is a technical canonical feature editor for portfolio demo inspection only. It is not a production loan intake form, not an applicant-facing eligibility workflow, and does not authorize credit decisions.",TECHNICAL,READY,
ADVANCED_EDITOR,MF::bc_util_missing_flag,bc_util_missing_flag,bc_util_missing_flag,,MODEL_FEATURE,WIDGET::ADVANCED_EDITOR::BC_UTIL_MISSING_FLAG,advanced_editor__bc_util_missing_flag,checkbox,interactive_input,Canonical Feature Vector,61,Bc Util Missing Flag,Bc Util Missing Flag widget metadata for advanced editor mode.,"Advanced editor is a technical canonical feature editor for portfolio demo inspection only. It is not a production loan intake form, not an applicant-facing eligibility workflow, and does not authorize credit decisions.",,"Advanced editor is a technical canonical feature editor for portfolio demo inspection only. It is not a production loan intake form, not an applicant-facing eligibility workflow, and does not authorize credit decisions.",True,True,True,False,True,canonical_feature,True,,,,,,boolean,ratio,,,False,False,,False,,True,"Advanced editor is a technical canonical feature editor for portfolio demo inspection only. It is not a production loan intake form, not an applicant-facing eligibility workflow, and does not authorize credit decisions.",TECHNICAL,READY,
ADVANCED_EDITOR,MF::credit_age_months,credit_age_months,credit_age_months,,MODEL_FEATURE,WIDGET::ADVANCED_EDITOR::CREDIT_AGE_MONTHS,advanced_editor__credit_age_months,number_input,numeric_input,Limited Canonical Features,62,Credit Age Months,Credit Age Months widget metadata for advanced editor mode.,"credit_age_months has no basic source-derived path in this demo because issue_year remains rejected temporal metadata; allowed only through validated synthetic profiles or technical canonical editor. credit_age_months has no basic source-derived path in this demo because issue_year remains rejected temporal metadata; allowed only through validated synthetic profiles or technical canonical editor. Advanced editor is a technical canonical feature editor for portfolio demo inspection only. It is not a production loan intake form, not an applicant-facing eligibility workflow, and does not authorize credit decisions.",,credit_age_months has no basic source-derived path in this demo because issue_year remains rejected temporal metadata; allowed only through validated synthetic profiles or technical canonical editor.,True,True,True,False,True,canonical_feature,True,,,,,1.0,numeric,months,,,True,True,credit_age_months has no basic source-derived path in this demo because issue_year remains rejected temporal metadata; allowed only through validated synthetic profiles or technical canonical editor.,True,credit_age_months has no basic source-derived path in this demo because issue_year remains rejected temporal metadata; allowed only through validated synthetic profiles or technical canonical editor.,True,"Advanced editor is a technical canonical feature editor for portfolio demo inspection only. It is not a production loan intake form, not an applicant-facing eligibility workflow, and does not authorize credit decisions.",LIMITED,READY_WITH_LIMITATION,
ADVANCED_EDITOR,MF::debt_to_income_revol,debt_to_income_revol,debt_to_income_revol,,MODEL_FEATURE,WIDGET::ADVANCED_EDITOR::DEBT_TO_INCOME_REVOL,advanced_editor__debt_to_income_revol,text_input,interactive_input,Canonical Feature Vector,63,Debt To Income Revol,Debt To Income Revol widget metadata for advanced editor mode.,"Advanced editor is a technical canonical feature editor for portfolio demo inspection only. It is not a production loan intake form, not an applicant-facing eligibility workflow, and does not authorize credit decisions.",,"Advanced editor is a technical canonical feature editor for portfolio demo inspection only. It is not a production loan intake form, not an applicant-facing eligibility workflow, and does not authorize credit decisions.",True,True,True,False,True,canonical_feature,True,,,,,,unknown,USD,,,False,False,,False,,True,"Advanced editor is a technical canonical feature editor for portfolio demo inspection only. It is not a production loan intake form, not an applicant-facing eligibility workflow, and does not authorize credit decisions.",TECHNICAL,READY,
ADVANCED_EDITOR,MF::delinq_2yrs,delinq_2yrs,delinq_2yrs,,MODEL_FEATURE,WIDGET::ADVANCED_EDITOR::DELINQ_2YRS,advanced_editor__delinq_2yrs,number_input,numeric_input,Canonical Feature Vector,64,Delinq 2Yrs,Delinq 2Yrs widget metadata for advanced editor mode.,"Advanced editor is a technical canonical feature editor for portfolio demo inspection only. It is not a production loan intake form, not an applicant-facing eligibility workflow, and does not authorize credit decisions.",,"Advanced editor is a technical canonical feature editor for portfolio demo inspection only. It is not a production loan intake form, not an applicant-facing eligibility workflow, and does not authorize credit decisions.",True,True,True,False,True,canonical_feature,True,,,,,,unknown,,,,False,False,,False,,True,"Advanced editor is a technical canonical feature editor for portfolio demo inspection only. It is not a production loan intake form, not an applicant-facing eligibility workflow, and does not authorize credit decisions.",TECHNICAL,READY,
ADVANCED_EDITOR,MF::delinq_flag,delinq_flag,delinq_flag,,MODEL_FEATURE,WIDGET::ADVANCED_EDITOR::DELINQ_FLAG,advanced_editor__delinq_flag,checkbox,interactive_input,Canonical Feature Vector,65,Delinq Flag,Delinq Flag widget metadata for advanced editor mode.,"Advanced editor is a technical canonical feature editor for portfolio demo inspection only. It is not a production loan intake form, not an applicant-facing eligibility workflow, and does not authorize credit decisions.",,"Advanced editor is a technical canonical feature editor for portfolio demo inspection only. It is not a production loan intake form, not an applicant-facing eligibility workflow, and does not authorize credit decisions.",True,True,True,False,True,canonical_feature,True,,,,,,boolean,,,,False,False,,False,,True,"Advanced editor is a technical canonical feature editor for portfolio demo inspection only. It is not a production loan intake form, not an applicant-facing eligibility workflow, and does not authorize credit decisions.",TECHNICAL,READY,
ADVANCED_EDITOR,MF::dti,dti,dti,,MODEL_FEATURE,WIDGET::ADVANCED_EDITOR::DTI,advanced_editor__dti,slider,numeric_input,Canonical Feature Vector,66,Dti,Dti widget metadata for advanced editor mode.,"Advanced editor is a technical canonical feature editor for portfolio demo inspection only. It is not a production loan intake form, not an applicant-facing eligibility workflow, and does not authorize credit decisions.",,"Advanced editor is a technical canonical feature editor for portfolio demo inspection only. It is not a production loan intake form, not an applicant-facing eligibility workflow, and does not authorize credit decisions.",True,True,True,False,True,canonical_feature,True,,,,,0.01,unknown,ratio,,,False,False,,False,,True,"Advanced editor is a technical canonical feature editor for portfolio demo inspection only. It is not a production loan intake form, not an applicant-facing eligibility workflow, and does not authorize credit decisions.",TECHNICAL,READY,
ADVANCED_EDITOR,MF::fico_avg,fico_avg,fico_avg,,MODEL_FEATURE,WIDGET::ADVANCED_EDITOR::FICO_AVG,advanced_editor__fico_avg,slider,numeric_input,Canonical Feature Vector,67,Fico Avg,Fico Avg widget metadata for advanced editor mode.,"Advanced editor is a technical canonical feature editor for portfolio demo inspection only. It is not a production loan intake form, not an applicant-facing eligibility workflow, and does not authorize credit decisions.",,"Advanced editor is a technical canonical feature editor for portfolio demo inspection only. It is not a production loan intake form, not an applicant-facing eligibility workflow, and does not authorize credit decisions.",True,True,True,False,True,canonical_feature,True,,,,,,unknown,,,,False,False,,False,,True,"Advanced editor is a technical canonical feature editor for portfolio demo inspection only. It is not a production loan intake form, not an applicant-facing eligibility workflow, and does not authorize credit decisions.",TECHNICAL,READY,
ADVANCED_EDITOR,MF::grade_encoded,grade_encoded,grade_encoded,,MODEL_FEATURE,WIDGET::ADVANCED_EDITOR::GRADE_ENCODED,advanced_editor__grade_encoded,text_input,interactive_input,Limited Canonical Features,68,Grade Encoded,Grade Encoded widget metadata for advanced editor mode.,"grade_encoded is not available through basic applicant-provided input; allowed only through validated synthetic profiles or technical canonical editor for portfolio demo. grade_encoded is not available through basic applicant-provided input; allowed only through validated synthetic profiles or technical canonical editor for portfolio demo. Advanced editor is a technical canonical feature editor for portfolio demo inspection only. It is not a production loan intake form, not an applicant-facing eligibility workflow, and does not authorize credit decisions.",,grade_encoded is not available through basic applicant-provided input; allowed only through validated synthetic profiles or technical canonical editor for portfolio demo.,True,True,True,False,True,canonical_feature,True,,,,,,unknown,,,,True,True,grade_encoded is not available through basic applicant-provided input; allowed only through validated synthetic profiles or technical canonical editor for portfolio demo.,True,grade_encoded is not available through basic applicant-provided input; allowed only through validated synthetic profiles or technical canonical editor for portfolio demo.,True,"Advanced editor is a technical canonical feature editor for portfolio demo inspection only. It is not a production loan intake form, not an applicant-facing eligibility workflow, and does not authorize credit decisions.",LIMITED,READY_WITH_LIMITATION,
ADVANCED_EDITOR,MF::high_revol_util_flag,high_revol_util_flag,high_revol_util_flag,,MODEL_FEATURE,WIDGET::ADVANCED_EDITOR::HIGH_REVOL_UTIL_FLAG,advanced_editor__high_revol_util_flag,checkbox,interactive_input,Canonical Feature Vector,69,High Revol Util Flag,High Revol Util Flag widget metadata for advanced editor mode.,"Advanced editor is a technical canonical feature editor for portfolio demo inspection only. It is not a production loan intake form, not an applicant-facing eligibility workflow, and does not authorize credit decisions.",,"Advanced editor is a technical canonical feature editor for portfolio demo inspection only. It is not a production loan intake form, not an applicant-facing eligibility workflow, and does not authorize credit decisions.",True,True,True,False,True,canonical_feature,True,,,,,,boolean,ratio,,,False,False,,False,,True,"Advanced editor is a technical canonical feature editor for portfolio demo inspection only. It is not a production loan intake form, not an applicant-facing eligibility workflow, and does not authorize credit decisions.",TECHNICAL,READY,
ADVANCED_EDITOR,MF::home_ownership_encoded,home_ownership_encoded,home_ownership_encoded,,MODEL_FEATURE,WIDGET::ADVANCED_EDITOR::HOME_OWNERSHIP_ENCODED,advanced_editor__home_ownership_encoded,text_input,interactive_input,Canonical Feature Vector,70,Home Ownership Encoded,Home Ownership Encoded widget metadata for advanced editor mode.,"Advanced editor is a technical canonical feature editor for portfolio demo inspection only. It is not a production loan intake form, not an applicant-facing eligibility workflow, and does not authorize credit decisions.",,"Advanced editor is a technical canonical feature editor for portfolio demo inspection only. It is not a production loan intake form, not an applicant-facing eligibility workflow, and does not authorize credit decisions.",True,True,True,False,True,canonical_feature,True,,,,,,unknown,,,,False,False,,False,,True,"Advanced editor is a technical canonical feature editor for portfolio demo inspection only. It is not a production loan intake form, not an applicant-facing eligibility workflow, and does not authorize credit decisions.",TECHNICAL,READY,
ADVANCED_EDITOR,MF::inq_last_6mths,inq_last_6mths,inq_last_6mths,,MODEL_FEATURE,WIDGET::ADVANCED_EDITOR::INQ_LAST_6MTHS,advanced_editor__inq_last_6mths,number_input,numeric_input,Canonical Feature Vector,71,Inq Last 6Mths,Inq Last 6Mths widget metadata for advanced editor mode.,"Advanced editor is a technical canonical feature editor for portfolio demo inspection only. It is not a production loan intake form, not an applicant-facing eligibility workflow, and does not authorize credit decisions.",,"Advanced editor is a technical canonical feature editor for portfolio demo inspection only. It is not a production loan intake form, not an applicant-facing eligibility workflow, and does not authorize credit decisions.",True,True,True,False,True,canonical_feature,True,,,,,,unknown,,,,False,False,,False,,True,"Advanced editor is a technical canonical feature editor for portfolio demo inspection only. It is not a production loan intake form, not an applicant-facing eligibility workflow, and does not authorize credit decisions.",TECHNICAL,READY,
ADVANCED_EDITOR,MF::inq_per_open_acc,inq_per_open_acc,inq_per_open_acc,,MODEL_FEATURE,WIDGET::ADVANCED_EDITOR::INQ_PER_OPEN_ACC,advanced_editor__inq_per_open_acc,number_input,numeric_input,Canonical Feature Vector,72,Inq Per Open Acc,Inq Per Open Acc widget metadata for advanced editor mode.,"Advanced editor is a technical canonical feature editor for portfolio demo inspection only. It is not a production loan intake form, not an applicant-facing eligibility workflow, and does not authorize credit decisions.",,"Advanced editor is a technical canonical feature editor for portfolio demo inspection only. It is not a production loan intake form, not an applicant-facing eligibility workflow, and does not authorize credit decisions.",True,True,True,False,True,canonical_feature,True,,,,,,unknown,,,,False,False,,False,,True,"Advanced editor is a technical canonical feature editor for portfolio demo inspection only. It is not a production loan intake form, not an applicant-facing eligibility workflow, and does not authorize credit decisions.",TECHNICAL,READY,
ADVANCED_EDITOR,MF::installment,installment,installment,,MODEL_FEATURE,WIDGET::ADVANCED_EDITOR::INSTALLMENT,advanced_editor__installment,number_input,numeric_input,Canonical Feature Vector,73,Installment,Installment widget metadata for advanced editor mode.,"Advanced editor is a technical canonical feature editor for portfolio demo inspection only. It is not a production loan intake form, not an applicant-facing eligibility workflow, and does not authorize credit decisions.",,"Advanced editor is a technical canonical feature editor for portfolio demo inspection only. It is not a production loan intake form, not an applicant-facing eligibility workflow, and does not authorize credit decisions.",True,True,True,False,True,canonical_feature,True,,,,,,unknown,USD,,,False,False,,False,,True,"Advanced editor is a technical canonical feature editor for portfolio demo inspection only. It is not a production loan intake form, not an applicant-facing eligibility workflow, and does not authorize credit decisions.",TECHNICAL,READY,
ADVANCED_EDITOR,MF::is_60_month,is_60_month,is_60_month,,MODEL_FEATURE,WIDGET::ADVANCED_EDITOR::IS_60_MONTH,advanced_editor__is_60_month,text_input,interactive_input,Canonical Feature Vector,74,Is 60 Month,Is 60 Month widget metadata for advanced editor mode.,"Advanced editor is a technical canonical feature editor for portfolio demo inspection only. It is not a production loan intake form, not an applicant-facing eligibility workflow, and does not authorize credit decisions.",,"Advanced editor is a technical canonical feature editor for portfolio demo inspection only. It is not a production loan intake form, not an applicant-facing eligibility workflow, and does not authorize credit decisions.",True,True,True,False,True,canonical_feature,True,,,,,,unknown,,,,False,False,,False,,True,"Advanced editor is a technical canonical feature editor for portfolio demo inspection only. It is not a production loan intake form, not an applicant-facing eligibility workflow, and does not authorize credit decisions.",TECHNICAL,READY,
ADVANCED_EDITOR,MF::loan_amnt,loan_amnt,loan_amnt,,MODEL_FEATURE,WIDGET::ADVANCED_EDITOR::LOAN_AMNT,advanced_editor__loan_amnt,number_input,numeric_input,Canonical Feature Vector,75,Loan Amnt,Loan Amnt widget metadata for advanced editor mode.,"Advanced editor is a technical canonical feature editor for portfolio demo inspection only. It is not a production loan intake form, not an applicant-facing eligibility workflow, and does not authorize credit decisions.",,"Advanced editor is a technical canonical feature editor for portfolio demo inspection only. It is not a production loan intake form, not an applicant-facing eligibility workflow, and does not authorize credit decisions.",True,True,True,False,True,canonical_feature,True,,,,,,unknown,USD,,,False,False,,False,,True,"Advanced editor is a technical canonical feature editor for portfolio demo inspection only. It is not a production loan intake form, not an applicant-facing eligibility workflow, and does not authorize credit decisions.",TECHNICAL,READY,
ADVANCED_EDITOR,MF::loan_to_income,loan_to_income,loan_to_income,,MODEL_FEATURE,WIDGET::ADVANCED_EDITOR::LOAN_TO_INCOME,advanced_editor__loan_to_income,text_input,interactive_input,Canonical Feature Vector,76,Loan To Income,Loan To Income widget metadata for advanced editor mode.,"Advanced editor is a technical canonical feature editor for portfolio demo inspection only. It is not a production loan intake form, not an applicant-facing eligibility workflow, and does not authorize credit decisions.",,"Advanced editor is a technical canonical feature editor for portfolio demo inspection only. It is not a production loan intake form, not an applicant-facing eligibility workflow, and does not authorize credit decisions.",True,True,True,False,True,canonical_feature,True,,,,,,unknown,USD,,,False,False,,False,,True,"Advanced editor is a technical canonical feature editor for portfolio demo inspection only. It is not a production loan intake form, not an applicant-facing eligibility workflow, and does not authorize credit decisions.",TECHNICAL,READY,
ADVANCED_EDITOR,MF::log_annual_inc,log_annual_inc,log_annual_inc,,MODEL_FEATURE,WIDGET::ADVANCED_EDITOR::LOG_ANNUAL_INC,advanced_editor__log_annual_inc,number_input,numeric_input,Canonical Feature Vector,77,Log Annual Inc,Log Annual Inc widget metadata for advanced editor mode.,"Advanced editor is a technical canonical feature editor for portfolio demo inspection only. It is not a production loan intake form, not an applicant-facing eligibility workflow, and does not authorize credit decisions.",,"Advanced editor is a technical canonical feature editor for portfolio demo inspection only. It is not a production loan intake form, not an applicant-facing eligibility workflow, and does not authorize credit decisions.",True,True,True,False,True,canonical_feature,True,,,,,,unknown,USD,,,False,False,,False,,True,"Advanced editor is a technical canonical feature editor for portfolio demo inspection only. It is not a production loan intake form, not an applicant-facing eligibility workflow, and does not authorize credit decisions.",TECHNICAL,READY,
ADVANCED_EDITOR,MF::log_loan_amnt,log_loan_amnt,log_loan_amnt,,MODEL_FEATURE,WIDGET::ADVANCED_EDITOR::LOG_LOAN_AMNT,advanced_editor__log_loan_amnt,number_input,numeric_input,Canonical Feature Vector,78,Log Loan Amnt,Log Loan Amnt widget metadata for advanced editor mode.,"Advanced editor is a technical canonical feature editor for portfolio demo inspection only. It is not a production loan intake form, not an applicant-facing eligibility workflow, and does not authorize credit decisions.",,"Advanced editor is a technical canonical feature editor for portfolio demo inspection only. It is not a production loan intake form, not an applicant-facing eligibility workflow, and does not authorize credit decisions.",True,True,True,False,True,canonical_feature,True,,,,,,unknown,USD,,,False,False,,False,,True,"Advanced editor is a technical canonical feature editor for portfolio demo inspection only. It is not a production loan intake form, not an applicant-facing eligibility workflow, and does not authorize credit decisions.",TECHNICAL,READY,
ADVANCED_EDITOR,MF::log_revol_bal,log_revol_bal,log_revol_bal,,MODEL_FEATURE,WIDGET::ADVANCED_EDITOR::LOG_REVOL_BAL,advanced_editor__log_revol_bal,text_input,interactive_input,Canonical Feature Vector,79,Log Revol Bal,Log Revol Bal widget metadata for advanced editor mode.,"Advanced editor is a technical canonical feature editor for portfolio demo inspection only. It is not a production loan intake form, not an applicant-facing eligibility workflow, and does not authorize credit decisions.",,"Advanced editor is a technical canonical feature editor for portfolio demo inspection only. It is not a production loan intake form, not an applicant-facing eligibility workflow, and does not authorize credit decisions.",True,True,True,False,True,canonical_feature,True,,,,,,unknown,,,,False,False,,False,,True,"Advanced editor is a technical canonical feature editor for portfolio demo inspection only. It is not a production loan intake form, not an applicant-facing eligibility workflow, and does not authorize credit decisions.",TECHNICAL,READY,
ADVANCED_EDITOR,MF::log_tot_cur_bal,log_tot_cur_bal,log_tot_cur_bal,,MODEL_FEATURE,WIDGET::ADVANCED_EDITOR::LOG_TOT_CUR_BAL,advanced_editor__log_tot_cur_bal,text_input,interactive_input,Canonical Feature Vector,80,Log Tot Cur Bal,Log Tot Cur Bal widget metadata for advanced editor mode.,"Advanced editor is a technical canonical feature editor for portfolio demo inspection only. It is not a production loan intake form, not an applicant-facing eligibility workflow, and does not authorize credit decisions.",,"Advanced editor is a technical canonical feature editor for portfolio demo inspection only. It is not a production loan intake form, not an applicant-facing eligibility workflow, and does not authorize credit decisions.",True,True,True,False,True,canonical_feature,True,,,,,,unknown,,,,False,False,,False,,True,"Advanced editor is a technical canonical feature editor for portfolio demo inspection only. It is not a production loan intake form, not an applicant-facing eligibility workflow, and does not authorize credit decisions.",TECHNICAL,READY,
ADVANCED_EDITOR,MF::log_total_rev_hi_lim,log_total_rev_hi_lim,log_total_rev_hi_lim,,MODEL_FEATURE,WIDGET::ADVANCED_EDITOR::LOG_TOTAL_REV_HI_LIM,advanced_editor__log_total_rev_hi_lim,text_input,interactive_input,Canonical Feature Vector,81,Log Total Rev Hi Lim,Log Total Rev Hi Lim widget metadata for advanced editor mode.,"Advanced editor is a technical canonical feature editor for portfolio demo inspection only. It is not a production loan intake form, not an applicant-facing eligibility workflow, and does not authorize credit decisions.",,"Advanced editor is a technical canonical feature editor for portfolio demo inspection only. It is not a production loan intake form, not an applicant-facing eligibility workflow, and does not authorize credit decisions.",True,True,True,False,True,canonical_feature,True,,,,,,unknown,,,,False,False,,False,,True,"Advanced editor is a technical canonical feature editor for portfolio demo inspection only. It is not a production loan intake form, not an applicant-facing eligibility workflow, and does not authorize credit decisions.",TECHNICAL,READY,
ADVANCED_EDITOR,MF::mo_sin_old_rev_tl_op,mo_sin_old_rev_tl_op,mo_sin_old_rev_tl_op,,MODEL_FEATURE,WIDGET::ADVANCED_EDITOR::MO_SIN_OLD_REV_TL_OP,advanced_editor__mo_sin_old_rev_tl_op,text_input,interactive_input,Canonical Feature Vector,82,Mo Sin Old Rev Tl Op,Mo Sin Old Rev Tl Op widget metadata for advanced editor mode.,"Advanced editor is a technical canonical feature editor for portfolio demo inspection only. It is not a production loan intake form, not an applicant-facing eligibility workflow, and does not authorize credit decisions.",,"Advanced editor is a technical canonical feature editor for portfolio demo inspection only. It is not a production loan intake form, not an applicant-facing eligibility workflow, and does not authorize credit decisions.",True,True,True,False,True,canonical_feature,True,,,,,,unknown,,,,False,False,,False,,True,"Advanced editor is a technical canonical feature editor for portfolio demo inspection only. It is not a production loan intake form, not an applicant-facing eligibility workflow, and does not authorize credit decisions.",TECHNICAL,READY,
ADVANCED_EDITOR,MF::mo_sin_old_rev_tl_op_missing_flag,mo_sin_old_rev_tl_op_missing_flag,mo_sin_old_rev_tl_op_missing_flag,,MODEL_FEATURE,WIDGET::ADVANCED_EDITOR::MO_SIN_OLD_REV_TL_OP_MISSING_FLAG,advanced_editor__mo_sin_old_rev_tl_op_missing_flag,checkbox,interactive_input,Canonical Feature Vector,83,Mo Sin Old Rev Tl Op Missing Flag,Mo Sin Old Rev Tl Op Missing Flag widget metadata for advanced editor mode.,"Advanced editor is a technical canonical feature editor for portfolio demo inspection only. It is not a production loan intake form, not an applicant-facing eligibility workflow, and does not authorize credit decisions.",,"Advanced editor is a technical canonical feature editor for portfolio demo inspection only. It is not a production loan intake form, not an applicant-facing eligibility workflow, and does not authorize credit decisions.",True,True,True,False,True,canonical_feature,True,,,,,,boolean,,,,False,False,,False,,True,"Advanced editor is a technical canonical feature editor for portfolio demo inspection only. It is not a production loan intake form, not an applicant-facing eligibility workflow, and does not authorize credit decisions.",TECHNICAL,READY,
ADVANCED_EDITOR,MF::mo_sin_rcnt_rev_tl_op,mo_sin_rcnt_rev_tl_op,mo_sin_rcnt_rev_tl_op,,MODEL_FEATURE,WIDGET::ADVANCED_EDITOR::MO_SIN_RCNT_REV_TL_OP,advanced_editor__mo_sin_rcnt_rev_tl_op,text_input,interactive_input,Canonical Feature Vector,84,Mo Sin Rcnt Rev Tl Op,Mo Sin Rcnt Rev Tl Op widget metadata for advanced editor mode.,"Advanced editor is a technical canonical feature editor for portfolio demo inspection only. It is not a production loan intake form, not an applicant-facing eligibility workflow, and does not authorize credit decisions.",,"Advanced editor is a technical canonical feature editor for portfolio demo inspection only. It is not a production loan intake form, not an applicant-facing eligibility workflow, and does not authorize credit decisions.",True,True,True,False,True,canonical_feature,True,,,,,,unknown,,,,False,False,,False,,True,"Advanced editor is a technical canonical feature editor for portfolio demo inspection only. It is not a production loan intake form, not an applicant-facing eligibility workflow, and does not authorize credit decisions.",TECHNICAL,READY,
ADVANCED_EDITOR,MF::mo_sin_rcnt_rev_tl_op_missing_flag,mo_sin_rcnt_rev_tl_op_missing_flag,mo_sin_rcnt_rev_tl_op_missing_flag,,MODEL_FEATURE,WIDGET::ADVANCED_EDITOR::MO_SIN_RCNT_REV_TL_OP_MISSING_FLAG,advanced_editor__mo_sin_rcnt_rev_tl_op_missing_flag,checkbox,interactive_input,Canonical Feature Vector,85,Mo Sin Rcnt Rev Tl Op Missing Flag,Mo Sin Rcnt Rev Tl Op Missing Flag widget metadata for advanced editor mode.,"Advanced editor is a technical canonical feature editor for portfolio demo inspection only. It is not a production loan intake form, not an applicant-facing eligibility workflow, and does not authorize credit decisions.",,"Advanced editor is a technical canonical feature editor for portfolio demo inspection only. It is not a production loan intake form, not an applicant-facing eligibility workflow, and does not authorize credit decisions.",True,True,True,False,True,canonical_feature,True,,,,,,boolean,,,,False,False,,False,,True,"Advanced editor is a technical canonical feature editor for portfolio demo inspection only. It is not a production loan intake form, not an applicant-facing eligibility workflow, and does not authorize credit decisions.",TECHNICAL,READY,
ADVANCED_EDITOR,MF::mort_acc,mort_acc,mort_acc,,MODEL_FEATURE,WIDGET::ADVANCED_EDITOR::MORT_ACC,advanced_editor__mort_acc,number_input,numeric_input,Canonical Feature Vector,86,Mort Acc,Mort Acc widget metadata for advanced editor mode.,"Advanced editor is a technical canonical feature editor for portfolio demo inspection only. It is not a production loan intake form, not an applicant-facing eligibility workflow, and does not authorize credit decisions.",,"Advanced editor is a technical canonical feature editor for portfolio demo inspection only. It is not a production loan intake form, not an applicant-facing eligibility workflow, and does not authorize credit decisions.",True,True,True,False,True,canonical_feature,True,,,,,,unknown,,,,False,False,,False,,True,"Advanced editor is a technical canonical feature editor for portfolio demo inspection only. It is not a production loan intake form, not an applicant-facing eligibility workflow, and does not authorize credit decisions.",TECHNICAL,READY,
ADVANCED_EDITOR,MF::mths_since_last_delinq,mths_since_last_delinq,mths_since_last_delinq,,MODEL_FEATURE,WIDGET::ADVANCED_EDITOR::MTHS_SINCE_LAST_DELINQ,advanced_editor__mths_since_last_delinq,number_input,numeric_input,Canonical Feature Vector,87,Mths Since Last Delinq,Mths Since Last Delinq widget metadata for advanced editor mode.,"Advanced editor is a technical canonical feature editor for portfolio demo inspection only. It is not a production loan intake form, not an applicant-facing eligibility workflow, and does not authorize credit decisions.",,"Advanced editor is a technical canonical feature editor for portfolio demo inspection only. It is not a production loan intake form, not an applicant-facing eligibility workflow, and does not authorize credit decisions.",True,True,True,False,True,canonical_feature,True,,,,,,unknown,USD,,,False,False,,False,,True,"Advanced editor is a technical canonical feature editor for portfolio demo inspection only. It is not a production loan intake form, not an applicant-facing eligibility workflow, and does not authorize credit decisions.",TECHNICAL,READY,
ADVANCED_EDITOR,MF::mths_since_last_delinq_missing_flag,mths_since_last_delinq_missing_flag,mths_since_last_delinq_missing_flag,,MODEL_FEATURE,WIDGET::ADVANCED_EDITOR::MTHS_SINCE_LAST_DELINQ_MISSING_FLAG,advanced_editor__mths_since_last_delinq_missing_flag,checkbox,interactive_input,Canonical Feature Vector,88,Mths Since Last Delinq Missing Flag,Mths Since Last Delinq Missing Flag widget metadata for advanced editor mode.,"Advanced editor is a technical canonical feature editor for portfolio demo inspection only. It is not a production loan intake form, not an applicant-facing eligibility workflow, and does not authorize credit decisions.",,"Advanced editor is a technical canonical feature editor for portfolio demo inspection only. It is not a production loan intake form, not an applicant-facing eligibility workflow, and does not authorize credit decisions.",True,True,True,False,True,canonical_feature,True,,,,,,boolean,USD,,,False,False,,False,,True,"Advanced editor is a technical canonical feature editor for portfolio demo inspection only. It is not a production loan intake form, not an applicant-facing eligibility workflow, and does not authorize credit decisions.",TECHNICAL,READY,
ADVANCED_EDITOR,MF::num_actv_bc_tl,num_actv_bc_tl,num_actv_bc_tl,,MODEL_FEATURE,WIDGET::ADVANCED_EDITOR::NUM_ACTV_BC_TL,advanced_editor__num_actv_bc_tl,number_input,numeric_input,Canonical Feature Vector,89,Num Actv Bc Tl,Num Actv Bc Tl widget metadata for advanced editor mode.,"Advanced editor is a technical canonical feature editor for portfolio demo inspection only. It is not a production loan intake form, not an applicant-facing eligibility workflow, and does not authorize credit decisions.",,"Advanced editor is a technical canonical feature editor for portfolio demo inspection only. It is not a production loan intake form, not an applicant-facing eligibility workflow, and does not authorize credit decisions.",True,True,True,False,True,canonical_feature,True,,,,,1.0,numeric,,,,False,False,,False,,True,"Advanced editor is a technical canonical feature editor for portfolio demo inspection only. It is not a production loan intake form, not an applicant-facing eligibility workflow, and does not authorize credit decisions.",TECHNICAL,READY,
ADVANCED_EDITOR,MF::open_acc,open_acc,open_acc,,MODEL_FEATURE,WIDGET::ADVANCED_EDITOR::OPEN_ACC,advanced_editor__open_acc,number_input,numeric_input,Canonical Feature Vector,90,Open Acc,Open Acc widget metadata for advanced editor mode.,"Advanced editor is a technical canonical feature editor for portfolio demo inspection only. It is not a production loan intake form, not an applicant-facing eligibility workflow, and does not authorize credit decisions.",,"Advanced editor is a technical canonical feature editor for portfolio demo inspection only. It is not a production loan intake form, not an applicant-facing eligibility workflow, and does not authorize credit decisions.",True,True,True,False,True,canonical_feature,True,,,,,,unknown,,,,False,False,,False,,True,"Advanced editor is a technical canonical feature editor for portfolio demo inspection only. It is not a production loan intake form, not an applicant-facing eligibility workflow, and does not authorize credit decisions.",TECHNICAL,READY,
ADVANCED_EDITOR,MF::payment_to_income,payment_to_income,payment_to_income,,MODEL_FEATURE,WIDGET::ADVANCED_EDITOR::PAYMENT_TO_INCOME,advanced_editor__payment_to_income,text_input,interactive_input,Canonical Feature Vector,91,Payment To Income,Payment To Income widget metadata for advanced editor mode.,"Advanced editor is a technical canonical feature editor for portfolio demo inspection only. It is not a production loan intake form, not an applicant-facing eligibility workflow, and does not authorize credit decisions.",,"Advanced editor is a technical canonical feature editor for portfolio demo inspection only. It is not a production loan intake form, not an applicant-facing eligibility workflow, and does not authorize credit decisions.",True,True,True,False,True,canonical_feature,True,,,,,,unknown,USD,,,False,False,,False,,True,"Advanced editor is a technical canonical feature editor for portfolio demo inspection only. It is not a production loan intake form, not an applicant-facing eligibility workflow, and does not authorize credit decisions.",TECHNICAL,READY,
ADVANCED_EDITOR,MF::pct_tl_nvr_dlq,pct_tl_nvr_dlq,pct_tl_nvr_dlq,,MODEL_FEATURE,WIDGET::ADVANCED_EDITOR::PCT_TL_NVR_DLQ,advanced_editor__pct_tl_nvr_dlq,text_input,interactive_input,Canonical Feature Vector,92,Pct Tl Nvr Dlq,Pct Tl Nvr Dlq widget metadata for advanced editor mode.,"Advanced editor is a technical canonical feature editor for portfolio demo inspection only. It is not a production loan intake form, not an applicant-facing eligibility workflow, and does not authorize credit decisions.",,"Advanced editor is a technical canonical feature editor for portfolio demo inspection only. It is not a production loan intake form, not an applicant-facing eligibility workflow, and does not authorize credit decisions.",True,True,True,False,True,canonical_feature,True,,,,,,unknown,,,,False,False,,False,,True,"Advanced editor is a technical canonical feature editor for portfolio demo inspection only. It is not a production loan intake form, not an applicant-facing eligibility workflow, and does not authorize credit decisions.",TECHNICAL,READY,
ADVANCED_EDITOR,MF::pub_rec,pub_rec,pub_rec,,MODEL_FEATURE,WIDGET::ADVANCED_EDITOR::PUB_REC,advanced_editor__pub_rec,text_input,interactive_input,Canonical Feature Vector,93,Pub Rec,Pub Rec widget metadata for advanced editor mode.,"Advanced editor is a technical canonical feature editor for portfolio demo inspection only. It is not a production loan intake form, not an applicant-facing eligibility workflow, and does not authorize credit decisions.",,"Advanced editor is a technical canonical feature editor for portfolio demo inspection only. It is not a production loan intake form, not an applicant-facing eligibility workflow, and does not authorize credit decisions.",True,True,True,False,True,canonical_feature,True,,,,,,unknown,,,,False,False,,False,,True,"Advanced editor is a technical canonical feature editor for portfolio demo inspection only. It is not a production loan intake form, not an applicant-facing eligibility workflow, and does not authorize credit decisions.",TECHNICAL,READY,
ADVANCED_EDITOR,MF::pub_rec_bankruptcies,pub_rec_bankruptcies,pub_rec_bankruptcies,,MODEL_FEATURE,WIDGET::ADVANCED_EDITOR::PUB_REC_BANKRUPTCIES,advanced_editor__pub_rec_bankruptcies,text_input,interactive_input,Canonical Feature Vector,94,Pub Rec Bankruptcies,Pub Rec Bankruptcies widget metadata for advanced editor mode.,"Advanced editor is a technical canonical feature editor for portfolio demo inspection only. It is not a production loan intake form, not an applicant-facing eligibility workflow, and does not authorize credit decisions.",,"Advanced editor is a technical canonical feature editor for portfolio demo inspection only. It is not a production loan intake form, not an applicant-facing eligibility workflow, and does not authorize credit decisions.",True,True,True,False,True,canonical_feature,True,,,,,,unknown,,,,False,False,,False,,True,"Advanced editor is a technical canonical feature editor for portfolio demo inspection only. It is not a production loan intake form, not an applicant-facing eligibility workflow, and does not authorize credit decisions.",TECHNICAL,READY,
ADVANCED_EDITOR,MF::pub_rec_flag,pub_rec_flag,pub_rec_flag,,MODEL_FEATURE,WIDGET::ADVANCED_EDITOR::PUB_REC_FLAG,advanced_editor__pub_rec_flag,checkbox,interactive_input,Canonical Feature Vector,95,Pub Rec Flag,Pub Rec Flag widget metadata for advanced editor mode.,"Advanced editor is a technical canonical feature editor for portfolio demo inspection only. It is not a production loan intake form, not an applicant-facing eligibility workflow, and does not authorize credit decisions.",,"Advanced editor is a technical canonical feature editor for portfolio demo inspection only. It is not a production loan intake form, not an applicant-facing eligibility workflow, and does not authorize credit decisions.",True,True,True,False,True,canonical_feature,True,,,,,,boolean,,,,False,False,,False,,True,"Advanced editor is a technical canonical feature editor for portfolio demo inspection only. It is not a production loan intake form, not an applicant-facing eligibility workflow, and does not authorize credit decisions.",TECHNICAL,READY,
ADVANCED_EDITOR,MF::purpose,purpose,purpose,,MODEL_FEATURE,WIDGET::ADVANCED_EDITOR::PURPOSE,advanced_editor__purpose,text_input,interactive_input,Canonical Feature Vector,96,Purpose,Purpose widget metadata for advanced editor mode.,"Advanced editor is a technical canonical feature editor for portfolio demo inspection only. It is not a production loan intake form, not an applicant-facing eligibility workflow, and does not authorize credit decisions.",,"Advanced editor is a technical canonical feature editor for portfolio demo inspection only. It is not a production loan intake form, not an applicant-facing eligibility workflow, and does not authorize credit decisions.",True,True,True,False,True,canonical_feature,True,,,,,,unknown,,,,False,False,,False,,True,"Advanced editor is a technical canonical feature editor for portfolio demo inspection only. It is not a production loan intake form, not an applicant-facing eligibility workflow, and does not authorize credit decisions.",TECHNICAL,READY,
ADVANCED_EDITOR,MF::revol_bal,revol_bal,revol_bal,,MODEL_FEATURE,WIDGET::ADVANCED_EDITOR::REVOL_BAL,advanced_editor__revol_bal,text_input,interactive_input,Canonical Feature Vector,97,Revol Bal,Revol Bal widget metadata for advanced editor mode.,"Advanced editor is a technical canonical feature editor for portfolio demo inspection only. It is not a production loan intake form, not an applicant-facing eligibility workflow, and does not authorize credit decisions.",,"Advanced editor is a technical canonical feature editor for portfolio demo inspection only. It is not a production loan intake form, not an applicant-facing eligibility workflow, and does not authorize credit decisions.",True,True,True,False,True,canonical_feature,True,,,,,,unknown,,,,False,False,,False,,True,"Advanced editor is a technical canonical feature editor for portfolio demo inspection only. It is not a production loan intake form, not an applicant-facing eligibility workflow, and does not authorize credit decisions.",TECHNICAL,READY,
ADVANCED_EDITOR,MF::revol_util,revol_util,revol_util,,MODEL_FEATURE,WIDGET::ADVANCED_EDITOR::REVOL_UTIL,advanced_editor__revol_util,slider,numeric_input,Canonical Feature Vector,98,Revol Util,Revol Util widget metadata for advanced editor mode.,"Advanced editor is a technical canonical feature editor for portfolio demo inspection only. It is not a production loan intake form, not an applicant-facing eligibility workflow, and does not authorize credit decisions.",,"Advanced editor is a technical canonical feature editor for portfolio demo inspection only. It is not a production loan intake form, not an applicant-facing eligibility workflow, and does not authorize credit decisions.",True,True,True,False,True,canonical_feature,True,,,,,0.01,unknown,ratio,,,False,False,,False,,True,"Advanced editor is a technical canonical feature editor for portfolio demo inspection only. It is not a production loan intake form, not an applicant-facing eligibility workflow, and does not authorize credit decisions.",TECHNICAL,READY,
ADVANCED_EDITOR,MF::term_months,term_months,term_months,,MODEL_FEATURE,WIDGET::ADVANCED_EDITOR::TERM_MONTHS,advanced_editor__term_months,number_input,numeric_input,Canonical Feature Vector,99,Term Months,Term Months widget metadata for advanced editor mode.,"Advanced editor is a technical canonical feature editor for portfolio demo inspection only. It is not a production loan intake form, not an applicant-facing eligibility workflow, and does not authorize credit decisions.",,"Advanced editor is a technical canonical feature editor for portfolio demo inspection only. It is not a production loan intake form, not an applicant-facing eligibility workflow, and does not authorize credit decisions.",True,True,True,False,True,canonical_feature,True,,,,,1.0,numeric,months,,,False,False,,False,,True,"Advanced editor is a technical canonical feature editor for portfolio demo inspection only. It is not a production loan intake form, not an applicant-facing eligibility workflow, and does not authorize credit decisions.",TECHNICAL,READY,
ADVANCED_EDITOR,MF::tot_cur_bal,tot_cur_bal,tot_cur_bal,,MODEL_FEATURE,WIDGET::ADVANCED_EDITOR::TOT_CUR_BAL,advanced_editor__tot_cur_bal,text_input,interactive_input,Canonical Feature Vector,100,Tot Cur Bal,Tot Cur Bal widget metadata for advanced editor mode.,"Advanced editor is a technical canonical feature editor for portfolio demo inspection only. It is not a production loan intake form, not an applicant-facing eligibility workflow, and does not authorize credit decisions.",,"Advanced editor is a technical canonical feature editor for portfolio demo inspection only. It is not a production loan intake form, not an applicant-facing eligibility workflow, and does not authorize credit decisions.",True,True,True,False,True,canonical_feature,True,,,,,,unknown,,,,False,False,,False,,True,"Advanced editor is a technical canonical feature editor for portfolio demo inspection only. It is not a production loan intake form, not an applicant-facing eligibility workflow, and does not authorize credit decisions.",TECHNICAL,READY,
ADVANCED_EDITOR,MF::total_acc,total_acc,total_acc,,MODEL_FEATURE,WIDGET::ADVANCED_EDITOR::TOTAL_ACC,advanced_editor__total_acc,number_input,numeric_input,Canonical Feature Vector,101,Total Acc,Total Acc widget metadata for advanced editor mode.,"Advanced editor is a technical canonical feature editor for portfolio demo inspection only. It is not a production loan intake form, not an applicant-facing eligibility workflow, and does not authorize credit decisions.",,"Advanced editor is a technical canonical feature editor for portfolio demo inspection only. It is not a production loan intake form, not an applicant-facing eligibility workflow, and does not authorize credit decisions.",True,True,True,False,True,canonical_feature,True,,,,,,unknown,,,,False,False,,False,,True,"Advanced editor is a technical canonical feature editor for portfolio demo inspection only. It is not a production loan intake form, not an applicant-facing eligibility workflow, and does not authorize credit decisions.",TECHNICAL,READY,
ADVANCED_EDITOR,MF::total_rev_hi_lim,total_rev_hi_lim,total_rev_hi_lim,,MODEL_FEATURE,WIDGET::ADVANCED_EDITOR::TOTAL_REV_HI_LIM,advanced_editor__total_rev_hi_lim,text_input,interactive_input,Canonical Feature Vector,102,Total Rev Hi Lim,Total Rev Hi Lim widget metadata for advanced editor mode.,"Advanced editor is a technical canonical feature editor for portfolio demo inspection only. It is not a production loan intake form, not an applicant-facing eligibility workflow, and does not authorize credit decisions.",,"Advanced editor is a technical canonical feature editor for portfolio demo inspection only. It is not a production loan intake form, not an applicant-facing eligibility workflow, and does not authorize credit decisions.",True,True,True,False,True,canonical_feature,True,,,,,,unknown,,,,False,False,,False,,True,"Advanced editor is a technical canonical feature editor for portfolio demo inspection only. It is not a production loan intake form, not an applicant-facing eligibility workflow, and does not authorize credit decisions.",TECHNICAL,READY,
ADVANCED_EDITOR,MF::util_to_fico_ratio,util_to_fico_ratio,util_to_fico_ratio,,MODEL_FEATURE,WIDGET::ADVANCED_EDITOR::UTIL_TO_FICO_RATIO,advanced_editor__util_to_fico_ratio,slider,numeric_input,Canonical Feature Vector,103,Util To Fico Ratio,Util To Fico Ratio widget metadata for advanced editor mode.,"Advanced editor is a technical canonical feature editor for portfolio demo inspection only. It is not a production loan intake form, not an applicant-facing eligibility workflow, and does not authorize credit decisions.",,"Advanced editor is a technical canonical feature editor for portfolio demo inspection only. It is not a production loan intake form, not an applicant-facing eligibility workflow, and does not authorize credit decisions.",True,True,True,False,True,canonical_feature,True,,,,,0.01,numeric,ratio,,,False,False,,False,,True,"Advanced editor is a technical canonical feature editor for portfolio demo inspection only. It is not a production loan intake form, not an applicant-facing eligibility workflow, and does not authorize credit decisions.",TECHNICAL,READY,
ADVANCED_EDITOR,MF::verification_encoded,verification_encoded,verification_encoded,,MODEL_FEATURE,WIDGET::ADVANCED_EDITOR::VERIFICATION_ENCODED,advanced_editor__verification_encoded,text_input,interactive_input,Canonical Feature Vector,104,Verification Encoded,Verification Encoded widget metadata for advanced editor mode.,"Advanced editor is a technical canonical feature editor for portfolio demo inspection only. It is not a production loan intake form, not an applicant-facing eligibility workflow, and does not authorize credit decisions.",,"Advanced editor is a technical canonical feature editor for portfolio demo inspection only. It is not a production loan intake form, not an applicant-facing eligibility workflow, and does not authorize credit decisions.",True,True,True,False,True,canonical_feature,True,,,,,,unknown,,,,False,False,,False,,True,"Advanced editor is a technical canonical feature editor for portfolio demo inspection only. It is not a production loan intake form, not an applicant-facing eligibility workflow, and does not authorize credit decisions.",TECHNICAL,READY,
CANONICAL_PAYLOAD,MF::acc_open_past_24mths,acc_open_past_24mths,acc_open_past_24mths,,MODEL_FEATURE,WIDGET::CANONICAL_PAYLOAD::ACC_OPEN_PAST_24MTHS,canonical_payload__acc_open_past_24mths,hidden_payload_field,hidden_payload,Hidden Canonical Payload,105,Acc Open Past 24Mths,Acc Open Past 24Mths widget metadata for canonical payload mode.,,,Canonical payload is an internal demo request contract only. Cell 7.4 does not run inference or produce credit recommendations.,False,False,True,True,True,canonical_payload,True,,,,,,unknown,,,,False,False,,False,,False,Canonical payload is an internal demo request contract only. Cell 7.4 does not run inference or produce credit recommendations.,TECHNICAL,READY,
CANONICAL_PAYLOAD,MF::bankruptcy_flag,bankruptcy_flag,bankruptcy_flag,,MODEL_FEATURE,WIDGET::CANONICAL_PAYLOAD::BANKRUPTCY_FLAG,canonical_payload__bankruptcy_flag,hidden_payload_field,hidden_payload,Hidden Canonical Payload,106,Bankruptcy Flag,Bankruptcy Flag widget metadata for canonical payload mode.,,,Canonical payload is an internal demo request contract only. Cell 7.4 does not run inference or produce credit recommendations.,False,False,True,True,True,canonical_payload,True,,,,,,boolean,,,,False,False,,False,,False,Canonical payload is an internal demo request contract only. Cell 7.4 does not run inference or produce credit recommendations.,TECHNICAL,READY,
CANONICAL_PAYLOAD,MF::bc_open_to_buy,bc_open_to_buy,bc_open_to_buy,,MODEL_FEATURE,WIDGET::CANONICAL_PAYLOAD::BC_OPEN_TO_BUY,canonical_payload__bc_open_to_buy,hidden_payload_field,hidden_payload,Hidden Canonical Payload,107,Bc Open To Buy,Bc Open To Buy widget metadata for canonical payload mode.,,,Canonical payload is an internal demo request contract only. Cell 7.4 does not run inference or produce credit recommendations.,False,False,True,True,True,canonical_payload,True,,,,,,unknown,,,,False,False,,False,,False,Canonical payload is an internal demo request contract only. Cell 7.4 does not run inference or produce credit recommendations.,TECHNICAL,READY,
CANONICAL_PAYLOAD,MF::bc_open_to_buy_missing_flag,bc_open_to_buy_missing_flag,bc_open_to_buy_missing_flag,,MODEL_FEATURE,WIDGET::CANONICAL_PAYLOAD::BC_OPEN_TO_BUY_MISSING_FLAG,canonical_payload__bc_open_to_buy_missing_flag,hidden_payload_field,hidden_payload,Hidden Canonical Payload,108,Bc Open To Buy Missing Flag,Bc Open To Buy Missing Flag widget metadata for canonical payload mode.,,,Canonical payload is an internal demo request contract only. Cell 7.4 does not run inference or produce credit recommendations.,False,False,True,True,True,canonical_payload,True,,,,,,boolean,,,,False,False,,False,,False,Canonical payload is an internal demo request contract only. Cell 7.4 does not run inference or produce credit recommendations.,TECHNICAL,READY,
CANONICAL_PAYLOAD,MF::bc_util,bc_util,bc_util,,MODEL_FEATURE,WIDGET::CANONICAL_PAYLOAD::BC_UTIL,canonical_payload__bc_util,hidden_payload_field,hidden_payload,Hidden Canonical Payload,109,Bc Util,Bc Util widget metadata for canonical payload mode.,,,Canonical payload is an internal demo request contract only. Cell 7.4 does not run inference or produce credit recommendations.,False,False,True,True,True,canonical_payload,True,,,,,,unknown,ratio,,,False,False,,False,,False,Canonical payload is an internal demo request contract only. Cell 7.4 does not run inference or produce credit recommendations.,TECHNICAL,READY,
CANONICAL_PAYLOAD,MF::bc_util_missing_flag,bc_util_missing_flag,bc_util_missing_flag,,MODEL_FEATURE,WIDGET::CANONICAL_PAYLOAD::BC_UTIL_MISSING_FLAG,canonical_payload__bc_util_missing_flag,hidden_payload_field,hidden_payload,Hidden Canonical Payload,110,Bc Util Missing Flag,Bc Util Missing Flag widget metadata for canonical payload mode.,,,Canonical payload is an internal demo request contract only. Cell 7.4 does not run inference or produce credit recommendations.,False,False,True,True,True,canonical_payload,True,,,,,,boolean,ratio,,,False,False,,False,,False,Canonical payload is an internal demo request contract only. Cell 7.4 does not run inference or produce credit recommendations.,TECHNICAL,READY,
CANONICAL_PAYLOAD,MF::credit_age_months,credit_age_months,credit_age_months,,MODEL_FEATURE,WIDGET::CANONICAL_PAYLOAD::CREDIT_AGE_MONTHS,canonical_payload__credit_age_months,hidden_payload_field,hidden_payload,Hidden Canonical Payload,111,Credit Age Months,Credit Age Months widget metadata for canonical payload mode.,credit_age_months has no basic source-derived path in this demo because issue_year remains rejected temporal metadata; allowed only through validated synthetic profiles or technical canonical editor. credit_age_months has no basic source-derived path in this demo because issue_year remains rejected temporal metadata; allowed only through validated synthetic profiles or technical canonical editor.,,credit_age_months has no basic source-derived path in this demo because issue_year remains rejected temporal metadata; allowed only through validated synthetic profiles or technical canonical editor.,False,False,True,True,True,canonical_payload,True,,,,,1.0,numeric,months,,,True,True,credit_age_months has no basic source-derived path in this demo because issue_year remains rejected temporal metadata; allowed only through validated synthetic profiles or technical canonical editor.,True,credit_age_months has no basic source-derived path in this demo because issue_year remains rejected temporal metadata; allowed only through validated synthetic profiles or technical canonical editor.,False,Canonical payload is an internal demo request contract only. Cell 7.4 does not run inference or produce credit recommendations.,LIMITED,READY_WITH_LIMITATION,
CANONICAL_PAYLOAD,MF::debt_to_income_revol,debt_to_income_revol,debt_to_income_revol,,MODEL_FEATURE,WIDGET::CANONICAL_PAYLOAD::DEBT_TO_INCOME_REVOL,canonical_payload__debt_to_income_revol,hidden_payload_field,hidden_payload,Hidden Canonical Payload,112,Debt To Income Revol,Debt To Income Revol widget metadata for canonical payload mode.,,,Canonical payload is an internal demo request contract only. Cell 7.4 does not run inference or produce credit recommendations.,False,False,True,True,True,canonical_payload,True,,,,,,unknown,USD,,,False,False,,False,,False,Canonical payload is an internal demo request contract only. Cell 7.4 does not run inference or produce credit recommendations.,TECHNICAL,READY,
CANONICAL_PAYLOAD,MF::delinq_2yrs,delinq_2yrs,delinq_2yrs,,MODEL_FEATURE,WIDGET::CANONICAL_PAYLOAD::DELINQ_2YRS,canonical_payload__delinq_2yrs,hidden_payload_field,hidden_payload,Hidden Canonical Payload,113,Delinq 2Yrs,Delinq 2Yrs widget metadata for canonical payload mode.,,,Canonical payload is an internal demo request contract only. Cell 7.4 does not run inference or produce credit recommendations.,False,False,True,True,True,canonical_payload,True,,,,,,unknown,,,,False,False,,False,,False,Canonical payload is an internal demo request contract only. Cell 7.4 does not run inference or produce credit recommendations.,TECHNICAL,READY,
CANONICAL_PAYLOAD,MF::delinq_flag,delinq_flag,delinq_flag,,MODEL_FEATURE,WIDGET::CANONICAL_PAYLOAD::DELINQ_FLAG,canonical_payload__delinq_flag,hidden_payload_field,hidden_payload,Hidden Canonical Payload,114,Delinq Flag,Delinq Flag widget metadata for canonical payload mode.,,,Canonical payload is an internal demo request contract only. Cell 7.4 does not run inference or produce credit recommendations.,False,False,True,True,True,canonical_payload,True,,,,,,boolean,,,,False,False,,False,,False,Canonical payload is an internal demo request contract only. Cell 7.4 does not run inference or produce credit recommendations.,TECHNICAL,READY,
CANONICAL_PAYLOAD,MF::dti,dti,dti,,MODEL_FEATURE,WIDGET::CANONICAL_PAYLOAD::DTI,canonical_payload__dti,hidden_payload_field,hidden_payload,Hidden Canonical Payload,115,Dti,Dti widget metadata for canonical payload mode.,,,Canonical payload is an internal demo request contract only. Cell 7.4 does not run inference or produce credit recommendations.,False,False,True,True,True,canonical_payload,True,,,,,,unknown,ratio,,,False,False,,False,,False,Canonical payload is an internal demo request contract only. Cell 7.4 does not run inference or produce credit recommendations.,TECHNICAL,READY,
CANONICAL_PAYLOAD,MF::fico_avg,fico_avg,fico_avg,,MODEL_FEATURE,WIDGET::CANONICAL_PAYLOAD::FICO_AVG,canonical_payload__fico_avg,hidden_payload_field,hidden_payload,Hidden Canonical Payload,116,Fico Avg,Fico Avg widget metadata for canonical payload mode.,,,Canonical payload is an internal demo request contract only. Cell 7.4 does not run inference or produce credit recommendations.,False,False,True,True,True,canonical_payload,True,,,,,,unknown,,,,False,False,,False,,False,Canonical payload is an internal demo request contract only. Cell 7.4 does not run inference or produce credit recommendations.,TECHNICAL,READY,
CANONICAL_PAYLOAD,MF::grade_encoded,grade_encoded,grade_encoded,,MODEL_FEATURE,WIDGET::CANONICAL_PAYLOAD::GRADE_ENCODED,canonical_payload__grade_encoded,hidden_payload_field,hidden_payload,Hidden Canonical Payload,117,Grade Encoded,Grade Encoded widget metadata for canonical payload mode.,grade_encoded is not available through basic applicant-provided input; allowed only through validated synthetic profiles or technical canonical editor for portfolio demo. grade_encoded is not available through basic applicant-provided input; allowed only through validated synthetic profiles or technical canonical editor for portfolio demo.,,grade_encoded is not available through basic applicant-provided input; allowed only through validated synthetic profiles or technical canonical editor for portfolio demo.,False,False,True,True,True,canonical_payload,True,,,,,,unknown,,,,True,True,grade_encoded is not available through basic applicant-provided input; allowed only through validated synthetic profiles or technical canonical editor for portfolio demo.,True,grade_encoded is not available through basic applicant-provided input; allowed only through validated synthetic profiles or technical canonical editor for portfolio demo.,False,Canonical payload is an internal demo request contract only. Cell 7.4 does not run inference or produce credit recommendations.,LIMITED,READY_WITH_LIMITATION,
CANONICAL_PAYLOAD,MF::high_revol_util_flag,high_revol_util_flag,high_revol_util_flag,,MODEL_FEATURE,WIDGET::CANONICAL_PAYLOAD::HIGH_REVOL_UTIL_FLAG,canonical_payload__high_revol_util_flag,hidden_payload_field,hidden_payload,Hidden Canonical Payload,118,High Revol Util Flag,High Revol Util Flag widget metadata for canonical payload mode.,,,Canonical payload is an internal demo request contract only. Cell 7.4 does not run inference or produce credit recommendations.,False,False,True,True,True,canonical_payload,True,,,,,,boolean,ratio,,,False,False,,False,,False,Canonical payload is an internal demo request contract only. Cell 7.4 does not run inference or produce credit recommendations.,TECHNICAL,READY,
CANONICAL_PAYLOAD,MF::home_ownership_encoded,home_ownership_encoded,home_ownership_encoded,,MODEL_FEATURE,WIDGET::CANONICAL_PAYLOAD::HOME_OWNERSHIP_ENCODED,canonical_payload__home_ownership_encoded,hidden_payload_field,hidden_payload,Hidden Canonical Payload,119,Home Ownership Encoded,Home Ownership Encoded widget metadata for canonical payload mode.,,,Canonical payload is an internal demo request contract only. Cell 7.4 does not run inference or produce credit recommendations.,False,False,True,True,True,canonical_payload,True,,,,,,unknown,,,,False,False,,False,,False,Canonical payload is an internal demo request contract only. Cell 7.4 does not run inference or produce credit recommendations.,TECHNICAL,READY,
CANONICAL_PAYLOAD,MF::inq_last_6mths,inq_last_6mths,inq_last_6mths,,MODEL_FEATURE,WIDGET::CANONICAL_PAYLOAD::INQ_LAST_6MTHS,canonical_payload__inq_last_6mths,hidden_payload_field,hidden_payload,Hidden Canonical Payload,120,Inq Last 6Mths,Inq Last 6Mths widget metadata for canonical payload mode.,,,Canonical payload is an internal demo request contract only. Cell 7.4 does not run inference or produce credit recommendations.,False,False,True,True,True,canonical_payload,True,,,,,,unknown,,,,False,False,,False,,False,Canonical payload is an internal demo request contract only. Cell 7.4 does not run inference or produce credit recommendations.,TECHNICAL,READY,
CANONICAL_PAYLOAD,MF::inq_per_open_acc,inq_per_open_acc,inq_per_open_acc,,MODEL_FEATURE,WIDGET::CANONICAL_PAYLOAD::INQ_PER_OPEN_ACC,canonical_payload__inq_per_open_acc,hidden_payload_field,hidden_payload,Hidden Canonical Payload,121,Inq Per Open Acc,Inq Per Open Acc widget metadata for canonical payload mode.,,,Canonical payload is an internal demo request contract only. Cell 7.4 does not run inference or produce credit recommendations.,False,False,True,True,True,canonical_payload,True,,,,,,unknown,,,,False,False,,False,,False,Canonical payload is an internal demo request contract only. Cell 7.4 does not run inference or produce credit recommendations.,TECHNICAL,READY,
CANONICAL_PAYLOAD,MF::installment,installment,installment,,MODEL_FEATURE,WIDGET::CANONICAL_PAYLOAD::INSTALLMENT,canonical_payload__installment,hidden_payload_field,hidden_payload,Hidden Canonical Payload,122,Installment,Installment widget metadata for canonical payload mode.,,,Canonical payload is an internal demo request contract only. Cell 7.4 does not run inference or produce credit recommendations.,False,False,True,True,True,canonical_payload,True,,,,,,unknown,USD,,,False,False,,False,,False,Canonical payload is an internal demo request contract only. Cell 7.4 does not run inference or produce credit recommendations.,TECHNICAL,READY,
CANONICAL_PAYLOAD,MF::is_60_month,is_60_month,is_60_month,,MODEL_FEATURE,WIDGET::CANONICAL_PAYLOAD::IS_60_MONTH,canonical_payload__is_60_month,hidden_payload_field,hidden_payload,Hidden Canonical Payload,123,Is 60 Month,Is 60 Month widget metadata for canonical payload mode.,,,Canonical payload is an internal demo request contract only. Cell 7.4 does not run inference or produce credit recommendations.,False,False,True,True,True,canonical_payload,True,,,,,,unknown,,,,False,False,,False,,False,Canonical payload is an internal demo request contract only. Cell 7.4 does not run inference or produce credit recommendations.,TECHNICAL,READY,
CANONICAL_PAYLOAD,MF::loan_amnt,loan_amnt,loan_amnt,,MODEL_FEATURE,WIDGET::CANONICAL_PAYLOAD::LOAN_AMNT,canonical_payload__loan_amnt,hidden_payload_field,hidden_payload,Hidden Canonical Payload,124,Loan Amnt,Loan Amnt widget metadata for canonical payload mode.,,,Canonical payload is an internal demo request contract only. Cell 7.4 does not run inference or produce credit recommendations.,False,False,True,True,True,canonical_payload,True,,,,,,unknown,USD,,,False,False,,False,,False,Canonical payload is an internal demo request contract only. Cell 7.4 does not run inference or produce credit recommendations.,TECHNICAL,READY,
CANONICAL_PAYLOAD,MF::loan_to_income,loan_to_income,loan_to_income,,MODEL_FEATURE,WIDGET::CANONICAL_PAYLOAD::LOAN_TO_INCOME,canonical_payload__loan_to_income,hidden_payload_field,hidden_payload,Hidden Canonical Payload,125,Loan To Income,Loan To Income widget metadata for canonical payload mode.,,,Canonical payload is an internal demo request contract only. Cell 7.4 does not run inference or produce credit recommendations.,False,False,True,True,True,canonical_payload,True,,,,,,unknown,USD,,,False,False,,False,,False,Canonical payload is an internal demo request contract only. Cell 7.4 does not run inference or produce credit recommendations.,TECHNICAL,READY,
CANONICAL_PAYLOAD,MF::log_annual_inc,log_annual_inc,log_annual_inc,,MODEL_FEATURE,WIDGET::CANONICAL_PAYLOAD::LOG_ANNUAL_INC,canonical_payload__log_annual_inc,hidden_payload_field,hidden_payload,Hidden Canonical Payload,126,Log Annual Inc,Log Annual Inc widget metadata for canonical payload mode.,,,Canonical payload is an internal demo request contract only. Cell 7.4 does not run inference or produce credit recommendations.,False,False,True,True,True,canonical_payload,True,,,,,,unknown,USD,,,False,False,,False,,False,Canonical payload is an internal demo request contract only. Cell 7.4 does not run inference or produce credit recommendations.,TECHNICAL,READY,
CANONICAL_PAYLOAD,MF::log_loan_amnt,log_loan_amnt,log_loan_amnt,,MODEL_FEATURE,WIDGET::CANONICAL_PAYLOAD::LOG_LOAN_AMNT,canonical_payload__log_loan_amnt,hidden_payload_field,hidden_payload,Hidden Canonical Payload,127,Log Loan Amnt,Log Loan Amnt widget metadata for canonical payload mode.,,,Canonical payload is an internal demo request contract only. Cell 7.4 does not run inference or produce credit recommendations.,False,False,True,True,True,canonical_payload,True,,,,,,unknown,USD,,,False,False,,False,,False,Canonical payload is an internal demo request contract only. Cell 7.4 does not run inference or produce credit recommendations.,TECHNICAL,READY,
CANONICAL_PAYLOAD,MF::log_revol_bal,log_revol_bal,log_revol_bal,,MODEL_FEATURE,WIDGET::CANONICAL_PAYLOAD::LOG_REVOL_BAL,canonical_payload__log_revol_bal,hidden_payload_field,hidden_payload,Hidden Canonical Payload,128,Log Revol Bal,Log Revol Bal widget metadata for canonical payload mode.,,,Canonical payload is an internal demo request contract only. Cell 7.4 does not run inference or produce credit recommendations.,False,False,True,True,True,canonical_payload,True,,,,,,unknown,,,,False,False,,False,,False,Canonical payload is an internal demo request contract only. Cell 7.4 does not run inference or produce credit recommendations.,TECHNICAL,READY,
CANONICAL_PAYLOAD,MF::log_tot_cur_bal,log_tot_cur_bal,log_tot_cur_bal,,MODEL_FEATURE,WIDGET::CANONICAL_PAYLOAD::LOG_TOT_CUR_BAL,canonical_payload__log_tot_cur_bal,hidden_payload_field,hidden_payload,Hidden Canonical Payload,129,Log Tot Cur Bal,Log Tot Cur Bal widget metadata for canonical payload mode.,,,Canonical payload is an internal demo request contract only. Cell 7.4 does not run inference or produce credit recommendations.,False,False,True,True,True,canonical_payload,True,,,,,,unknown,,,,False,False,,False,,False,Canonical payload is an internal demo request contract only. Cell 7.4 does not run inference or produce credit recommendations.,TECHNICAL,READY,
CANONICAL_PAYLOAD,MF::log_total_rev_hi_lim,log_total_rev_hi_lim,log_total_rev_hi_lim,,MODEL_FEATURE,WIDGET::CANONICAL_PAYLOAD::LOG_TOTAL_REV_HI_LIM,canonical_payload__log_total_rev_hi_lim,hidden_payload_field,hidden_payload,Hidden Canonical Payload,130,Log Total Rev Hi Lim,Log Total Rev Hi Lim widget metadata for canonical payload mode.,,,Canonical payload is an internal demo request contract only. Cell 7.4 does not run inference or produce credit recommendations.,False,False,True,True,True,canonical_payload,True,,,,,,unknown,,,,False,False,,False,,False,Canonical payload is an internal demo request contract only. Cell 7.4 does not run inference or produce credit recommendations.,TECHNICAL,READY,
CANONICAL_PAYLOAD,MF::mo_sin_old_rev_tl_op,mo_sin_old_rev_tl_op,mo_sin_old_rev_tl_op,,MODEL_FEATURE,WIDGET::CANONICAL_PAYLOAD::MO_SIN_OLD_REV_TL_OP,canonical_payload__mo_sin_old_rev_tl_op,hidden_payload_field,hidden_payload,Hidden Canonical Payload,131,Mo Sin Old Rev Tl Op,Mo Sin Old Rev Tl Op widget metadata for canonical payload mode.,,,Canonical payload is an internal demo request contract only. Cell 7.4 does not run inference or produce credit recommendations.,False,False,True,True,True,canonical_payload,True,,,,,,unknown,,,,False,False,,False,,False,Canonical payload is an internal demo request contract only. Cell 7.4 does not run inference or produce credit recommendations.,TECHNICAL,READY,
CANONICAL_PAYLOAD,MF::mo_sin_old_rev_tl_op_missing_flag,mo_sin_old_rev_tl_op_missing_flag,mo_sin_old_rev_tl_op_missing_flag,,MODEL_FEATURE,WIDGET::CANONICAL_PAYLOAD::MO_SIN_OLD_REV_TL_OP_MISSING_FLAG,canonical_payload__mo_sin_old_rev_tl_op_missing_flag,hidden_payload_field,hidden_payload,Hidden Canonical Payload,132,Mo Sin Old Rev Tl Op Missing Flag,Mo Sin Old Rev Tl Op Missing Flag widget metadata for canonical payload mode.,,,Canonical payload is an internal demo request contract only. Cell 7.4 does not run inference or produce credit recommendations.,False,False,True,True,True,canonical_payload,True,,,,,,boolean,,,,False,False,,False,,False,Canonical payload is an internal demo request contract only. Cell 7.4 does not run inference or produce credit recommendations.,TECHNICAL,READY,
CANONICAL_PAYLOAD,MF::mo_sin_rcnt_rev_tl_op,mo_sin_rcnt_rev_tl_op,mo_sin_rcnt_rev_tl_op,,MODEL_FEATURE,WIDGET::CANONICAL_PAYLOAD::MO_SIN_RCNT_REV_TL_OP,canonical_payload__mo_sin_rcnt_rev_tl_op,hidden_payload_field,hidden_payload,Hidden Canonical Payload,133,Mo Sin Rcnt Rev Tl Op,Mo Sin Rcnt Rev Tl Op widget metadata for canonical payload mode.,,,Canonical payload is an internal demo request contract only. Cell 7.4 does not run inference or produce credit recommendations.,False,False,True,True,True,canonical_payload,True,,,,,,unknown,,,,False,False,,False,,False,Canonical payload is an internal demo request contract only. Cell 7.4 does not run inference or produce credit recommendations.,TECHNICAL,READY,
CANONICAL_PAYLOAD,MF::mo_sin_rcnt_rev_tl_op_missing_flag,mo_sin_rcnt_rev_tl_op_missing_flag,mo_sin_rcnt_rev_tl_op_missing_flag,,MODEL_FEATURE,WIDGET::CANONICAL_PAYLOAD::MO_SIN_RCNT_REV_TL_OP_MISSING_FLAG,canonical_payload__mo_sin_rcnt_rev_tl_op_missing_flag,hidden_payload_field,hidden_payload,Hidden Canonical Payload,134,Mo Sin Rcnt Rev Tl Op Missing Flag,Mo Sin Rcnt Rev Tl Op Missing Flag widget metadata for canonical payload mode.,,,Canonical payload is an internal demo request contract only. Cell 7.4 does not run inference or produce credit recommendations.,False,False,True,True,True,canonical_payload,True,,,,,,boolean,,,,False,False,,False,,False,Canonical payload is an internal demo request contract only. Cell 7.4 does not run inference or produce credit recommendations.,TECHNICAL,READY,
CANONICAL_PAYLOAD,MF::mort_acc,mort_acc,mort_acc,,MODEL_FEATURE,WIDGET::CANONICAL_PAYLOAD::MORT_ACC,canonical_payload__mort_acc,hidden_payload_field,hidden_payload,Hidden Canonical Payload,135,Mort Acc,Mort Acc widget metadata for canonical payload mode.,,,Canonical payload is an internal demo request contract only. Cell 7.4 does not run inference or produce credit recommendations.,False,False,True,True,True,canonical_payload,True,,,,,,unknown,,,,False,False,,False,,False,Canonical payload is an internal demo request contract only. Cell 7.4 does not run inference or produce credit recommendations.,TECHNICAL,READY,
CANONICAL_PAYLOAD,MF::mths_since_last_delinq,mths_since_last_delinq,mths_since_last_delinq,,MODEL_FEATURE,WIDGET::CANONICAL_PAYLOAD::MTHS_SINCE_LAST_DELINQ,canonical_payload__mths_since_last_delinq,hidden_payload_field,hidden_payload,Hidden Canonical Payload,136,Mths Since Last Delinq,Mths Since Last Delinq widget metadata for canonical payload mode.,,,Canonical payload is an internal demo request contract only. Cell 7.4 does not run inference or produce credit recommendations.,False,False,True,True,True,canonical_payload,True,,,,,,unknown,USD,,,False,False,,False,,False,Canonical payload is an internal demo request contract only. Cell 7.4 does not run inference or produce credit recommendations.,TECHNICAL,READY,
CANONICAL_PAYLOAD,MF::mths_since_last_delinq_missing_flag,mths_since_last_delinq_missing_flag,mths_since_last_delinq_missing_flag,,MODEL_FEATURE,WIDGET::CANONICAL_PAYLOAD::MTHS_SINCE_LAST_DELINQ_MISSING_FLAG,canonical_payload__mths_since_last_delinq_missing_flag,hidden_payload_field,hidden_payload,Hidden Canonical Payload,137,Mths Since Last Delinq Missing Flag,Mths Since Last Delinq Missing Flag widget metadata for canonical payload mode.,,,Canonical payload is an internal demo request contract only. Cell 7.4 does not run inference or produce credit recommendations.,False,False,True,True,True,canonical_payload,True,,,,,,boolean,USD,,,False,False,,False,,False,Canonical payload is an internal demo request contract only. Cell 7.4 does not run inference or produce credit recommendations.,TECHNICAL,READY,
CANONICAL_PAYLOAD,MF::num_actv_bc_tl,num_actv_bc_tl,num_actv_bc_tl,,MODEL_FEATURE,WIDGET::CANONICAL_PAYLOAD::NUM_ACTV_BC_TL,canonical_payload__num_actv_bc_tl,hidden_payload_field,hidden_payload,Hidden Canonical Payload,138,Num Actv Bc Tl,Num Actv Bc Tl widget metadata for canonical payload mode.,,,Canonical payload is an internal demo request contract only. Cell 7.4 does not run inference or produce credit recommendations.,False,False,True,True,True,canonical_payload,True,,,,,1.0,numeric,,,,False,False,,False,,False,Canonical payload is an internal demo request contract only. Cell 7.4 does not run inference or produce credit recommendations.,TECHNICAL,READY,
CANONICAL_PAYLOAD,MF::open_acc,open_acc,open_acc,,MODEL_FEATURE,WIDGET::CANONICAL_PAYLOAD::OPEN_ACC,canonical_payload__open_acc,hidden_payload_field,hidden_payload,Hidden Canonical Payload,139,Open Acc,Open Acc widget metadata for canonical payload mode.,,,Canonical payload is an internal demo request contract only. Cell 7.4 does not run inference or produce credit recommendations.,False,False,True,True,True,canonical_payload,True,,,,,,unknown,,,,False,False,,False,,False,Canonical payload is an internal demo request contract only. Cell 7.4 does not run inference or produce credit recommendations.,TECHNICAL,READY,
CANONICAL_PAYLOAD,MF::payment_to_income,payment_to_income,payment_to_income,,MODEL_FEATURE,WIDGET::CANONICAL_PAYLOAD::PAYMENT_TO_INCOME,canonical_payload__payment_to_income,hidden_payload_field,hidden_payload,Hidden Canonical Payload,140,Payment To Income,Payment To Income widget metadata for canonical payload mode.,,,Canonical payload is an internal demo request contract only. Cell 7.4 does not run inference or produce credit recommendations.,False,False,True,True,True,canonical_payload,True,,,,,,unknown,USD,,,False,False,,False,,False,Canonical payload is an internal demo request contract only. Cell 7.4 does not run inference or produce credit recommendations.,TECHNICAL,READY,
CANONICAL_PAYLOAD,MF::pct_tl_nvr_dlq,pct_tl_nvr_dlq,pct_tl_nvr_dlq,,MODEL_FEATURE,WIDGET::CANONICAL_PAYLOAD::PCT_TL_NVR_DLQ,canonical_payload__pct_tl_nvr_dlq,hidden_payload_field,hidden_payload,Hidden Canonical Payload,141,Pct Tl Nvr Dlq,Pct Tl Nvr Dlq widget metadata for canonical payload mode.,,,Canonical payload is an internal demo request contract only. Cell 7.4 does not run inference or produce credit recommendations.,False,False,True,True,True,canonical_payload,True,,,,,,unknown,,,,False,False,,False,,False,Canonical payload is an internal demo request contract only. Cell 7.4 does not run inference or produce credit recommendations.,TECHNICAL,READY,
CANONICAL_PAYLOAD,MF::pub_rec,pub_rec,pub_rec,,MODEL_FEATURE,WIDGET::CANONICAL_PAYLOAD::PUB_REC,canonical_payload__pub_rec,hidden_payload_field,hidden_payload,Hidden Canonical Payload,142,Pub Rec,Pub Rec widget metadata for canonical payload mode.,,,Canonical payload is an internal demo request contract only. Cell 7.4 does not run inference or produce credit recommendations.,False,False,True,True,True,canonical_payload,True,,,,,,unknown,,,,False,False,,False,,False,Canonical payload is an internal demo request contract only. Cell 7.4 does not run inference or produce credit recommendations.,TECHNICAL,READY,
CANONICAL_PAYLOAD,MF::pub_rec_bankruptcies,pub_rec_bankruptcies,pub_rec_bankruptcies,,MODEL_FEATURE,WIDGET::CANONICAL_PAYLOAD::PUB_REC_BANKRUPTCIES,canonical_payload__pub_rec_bankruptcies,hidden_payload_field,hidden_payload,Hidden Canonical Payload,143,Pub Rec Bankruptcies,Pub Rec Bankruptcies widget metadata for canonical payload mode.,,,Canonical payload is an internal demo request contract only. Cell 7.4 does not run inference or produce credit recommendations.,False,False,True,True,True,canonical_payload,True,,,,,,unknown,,,,False,False,,False,,False,Canonical payload is an internal demo request contract only. Cell 7.4 does not run inference or produce credit recommendations.,TECHNICAL,READY,
CANONICAL_PAYLOAD,MF::pub_rec_flag,pub_rec_flag,pub_rec_flag,,MODEL_FEATURE,WIDGET::CANONICAL_PAYLOAD::PUB_REC_FLAG,canonical_payload__pub_rec_flag,hidden_payload_field,hidden_payload,Hidden Canonical Payload,144,Pub Rec Flag,Pub Rec Flag widget metadata for canonical payload mode.,,,Canonical payload is an internal demo request contract only. Cell 7.4 does not run inference or produce credit recommendations.,False,False,True,True,True,canonical_payload,True,,,,,,boolean,,,,False,False,,False,,False,Canonical payload is an internal demo request contract only. Cell 7.4 does not run inference or produce credit recommendations.,TECHNICAL,READY,
CANONICAL_PAYLOAD,MF::purpose,purpose,purpose,,MODEL_FEATURE,WIDGET::CANONICAL_PAYLOAD::PURPOSE,canonical_payload__purpose,hidden_payload_field,hidden_payload,Hidden Canonical Payload,145,Purpose,Purpose widget metadata for canonical payload mode.,,,Canonical payload is an internal demo request contract only. Cell 7.4 does not run inference or produce credit recommendations.,False,False,True,True,True,canonical_payload,True,,,,,,unknown,,,,False,False,,False,,False,Canonical payload is an internal demo request contract only. Cell 7.4 does not run inference or produce credit recommendations.,TECHNICAL,READY,
CANONICAL_PAYLOAD,MF::revol_bal,revol_bal,revol_bal,,MODEL_FEATURE,WIDGET::CANONICAL_PAYLOAD::REVOL_BAL,canonical_payload__revol_bal,hidden_payload_field,hidden_payload,Hidden Canonical Payload,146,Revol Bal,Revol Bal widget metadata for canonical payload mode.,,,Canonical payload is an internal demo request contract only. Cell 7.4 does not run inference or produce credit recommendations.,False,False,True,True,True,canonical_payload,True,,,,,,unknown,,,,False,False,,False,,False,Canonical payload is an internal demo request contract only. Cell 7.4 does not run inference or produce credit recommendations.,TECHNICAL,READY,
CANONICAL_PAYLOAD,MF::revol_util,revol_util,revol_util,,MODEL_FEATURE,WIDGET::CANONICAL_PAYLOAD::REVOL_UTIL,canonical_payload__revol_util,hidden_payload_field,hidden_payload,Hidden Canonical Payload,147,Revol Util,Revol Util widget metadata for canonical payload mode.,,,Canonical payload is an internal demo request contract only. Cell 7.4 does not run inference or produce credit recommendations.,False,False,True,True,True,canonical_payload,True,,,,,,unknown,ratio,,,False,False,,False,,False,Canonical payload is an internal demo request contract only. Cell 7.4 does not run inference or produce credit recommendations.,TECHNICAL,READY,
CANONICAL_PAYLOAD,MF::term_months,term_months,term_months,,MODEL_FEATURE,WIDGET::CANONICAL_PAYLOAD::TERM_MONTHS,canonical_payload__term_months,hidden_payload_field,hidden_payload,Hidden Canonical Payload,148,Term Months,Term Months widget metadata for canonical payload mode.,,,Canonical payload is an internal demo request contract only. Cell 7.4 does not run inference or produce credit recommendations.,False,False,True,True,True,canonical_payload,True,,,,,1.0,numeric,months,,,False,False,,False,,False,Canonical payload is an internal demo request contract only. Cell 7.4 does not run inference or produce credit recommendations.,TECHNICAL,READY,
CANONICAL_PAYLOAD,MF::tot_cur_bal,tot_cur_bal,tot_cur_bal,,MODEL_FEATURE,WIDGET::CANONICAL_PAYLOAD::TOT_CUR_BAL,canonical_payload__tot_cur_bal,hidden_payload_field,hidden_payload,Hidden Canonical Payload,149,Tot Cur Bal,Tot Cur Bal widget metadata for canonical payload mode.,,,Canonical payload is an internal demo request contract only. Cell 7.4 does not run inference or produce credit recommendations.,False,False,True,True,True,canonical_payload,True,,,,,,unknown,,,,False,False,,False,,False,Canonical payload is an internal demo request contract only. Cell 7.4 does not run inference or produce credit recommendations.,TECHNICAL,READY,
CANONICAL_PAYLOAD,MF::total_acc,total_acc,total_acc,,MODEL_FEATURE,WIDGET::CANONICAL_PAYLOAD::TOTAL_ACC,canonical_payload__total_acc,hidden_payload_field,hidden_payload,Hidden Canonical Payload,150,Total Acc,Total Acc widget metadata for canonical payload mode.,,,Canonical payload is an internal demo request contract only. Cell 7.4 does not run inference or produce credit recommendations.,False,False,True,True,True,canonical_payload,True,,,,,,unknown,,,,False,False,,False,,False,Canonical payload is an internal demo request contract only. Cell 7.4 does not run inference or produce credit recommendations.,TECHNICAL,READY,
CANONICAL_PAYLOAD,MF::total_rev_hi_lim,total_rev_hi_lim,total_rev_hi_lim,,MODEL_FEATURE,WIDGET::CANONICAL_PAYLOAD::TOTAL_REV_HI_LIM,canonical_payload__total_rev_hi_lim,hidden_payload_field,hidden_payload,Hidden Canonical Payload,151,Total Rev Hi Lim,Total Rev Hi Lim widget metadata for canonical payload mode.,,,Canonical payload is an internal demo request contract only. Cell 7.4 does not run inference or produce credit recommendations.,False,False,True,True,True,canonical_payload,True,,,,,,unknown,,,,False,False,,False,,False,Canonical payload is an internal demo request contract only. Cell 7.4 does not run inference or produce credit recommendations.,TECHNICAL,READY,
CANONICAL_PAYLOAD,MF::util_to_fico_ratio,util_to_fico_ratio,util_to_fico_ratio,,MODEL_FEATURE,WIDGET::CANONICAL_PAYLOAD::UTIL_TO_FICO_RATIO,canonical_payload__util_to_fico_ratio,hidden_payload_field,hidden_payload,Hidden Canonical Payload,152,Util To Fico Ratio,Util To Fico Ratio widget metadata for canonical payload mode.,,,Canonical payload is an internal demo request contract only. Cell 7.4 does not run inference or produce credit recommendations.,False,False,True,True,True,canonical_payload,True,,,,,,numeric,ratio,,,False,False,,False,,False,Canonical payload is an internal demo request contract only. Cell 7.4 does not run inference or produce credit recommendations.,TECHNICAL,READY,
CANONICAL_PAYLOAD,MF::verification_encoded,verification_encoded,verification_encoded,,MODEL_FEATURE,WIDGET::CANONICAL_PAYLOAD::VERIFICATION_ENCODED,canonical_payload__verification_encoded,hidden_payload_field,hidden_payload,Hidden Canonical Payload,153,Verification Encoded,Verification Encoded widget metadata for canonical payload mode.,,,Canonical payload is an internal demo request contract only. Cell 7.4 does not run inference or produce credit recommendations.,False,False,True,True,True,canonical_payload,True,,,,,,unknown,,,,False,False,,False,,False,Canonical payload is an internal demo request contract only. Cell 7.4 does not run inference or produce credit recommendations.,TECHNICAL,READY,
