schema_mode,entity_id,feature_name,canonical_feature_name,source_feature_name,entity_type,widget_key,validation_rule_id,normalization_rule_id,mapping_id,mapping_key,mapping_source_group_key,mapping_family,mapping_type,mapping_direction,source_field,canonical_target_feature,canonical_feature_required,canonical_feature_covered,mapping_required,mapping_available,mapping_gap,mapping_gap_reason,mapping_completeness_status,normalization_required,normalization_deferred,normalization_deferred_to,normalization_strategy,normalization_parameters_available,normalization_parameters_source,transformation_required,transformation_type,transformation_description,transformation_executed,payload_compatible,is_payload_field,payload_field_required,payload_source,technical_only,limitation_required,limitation_aware,disclosure_required,disclosure_complete,validation_families_available,evidence_rule_count,mode_payload_readiness,mapping_failure_severity,user_facing_note,developer_note,mapping_status,mapping_issue
BASIC_FORM,SRC::annual_inc,SRC::annual_inc,,SRC::annual_inc,SOURCE_INPUT,basic_form__annual_inc,VALIDATION::BASIC_FORM__ANNUAL_INC__NORMALIZATION_HANDOFF__DEFER_TO_CELL_7_7__005,NORMALIZATION::BASIC_FORM::ANNUAL_INC,MAPPING::BASIC_FORM::ANNUAL_INC::SOURCE_TO_CANONICAL,basic_form__annual_inc__source_to_canonical,BASIC_FORM::annual_inc,SOURCE_TO_CANONICAL,SOURCE_FIELD_TO_CANONICAL_REFERENCE,INPUT_OR_CONTRACT_FIELD_TO_CANONICAL_TARGET,annual_inc,annual_inc,False,True,True,True,False,,PARTIAL_SOURCE_PATH_ONLY,True,True,CELL_7_7,DECLARED_ONLY_SOURCE_TO_CANONICAL_MAPPING,False,NOT_AVAILABLE_IN_CELL_7_7_METADATA_CONTRACT,True,DECLARED_ONLY_NO_RUNTIME_TRANSFORMATION,"Normalization or transformation requirements are declared as metadata only. Cell 7.7 does not execute normalization, encoding, imputation, scaling, feature engineering, or payload assembly.",False,False,False,False,source_input,False,False,False,False,True,"['MISSING_POLICY', 'NORMALIZATION_HANDOFF', 'TYPE_CHECK']",3,PARTIAL_MAPPING_REQUIRES_CELL_7_8_AND_CELL_7_9,INFO,Basic Form is a partial demo entry path and is not a complete model payload.,Feature/path-level mapping row consolidated from Cell 7.6 validation metadata. This row does not execute transformation logic.,READY,
BASIC_FORM,SRC::dti,SRC::dti,,SRC::dti,SOURCE_INPUT,basic_form__dti,VALIDATION::BASIC_FORM__DTI__NORMALIZATION_HANDOFF__DEFER_TO_CELL_7_7__005,NORMALIZATION::BASIC_FORM::DTI,MAPPING::BASIC_FORM::DTI::SOURCE_TO_CANONICAL,basic_form__dti__source_to_canonical,BASIC_FORM::dti,SOURCE_TO_CANONICAL,SOURCE_FIELD_TO_CANONICAL_REFERENCE,INPUT_OR_CONTRACT_FIELD_TO_CANONICAL_TARGET,dti,dti,False,True,True,True,False,,PARTIAL_SOURCE_PATH_ONLY,True,True,CELL_7_7,DECLARED_ONLY_SOURCE_TO_CANONICAL_MAPPING,False,NOT_AVAILABLE_IN_CELL_7_7_METADATA_CONTRACT,True,DECLARED_ONLY_NO_RUNTIME_TRANSFORMATION,"Normalization or transformation requirements are declared as metadata only. Cell 7.7 does not execute normalization, encoding, imputation, scaling, feature engineering, or payload assembly.",False,False,False,False,source_input,False,False,False,False,True,"['MISSING_POLICY', 'NORMALIZATION_HANDOFF', 'TYPE_CHECK']",3,PARTIAL_MAPPING_REQUIRES_CELL_7_8_AND_CELL_7_9,INFO,Basic Form is a partial demo entry path and is not a complete model payload.,Feature/path-level mapping row consolidated from Cell 7.6 validation metadata. This row does not execute transformation logic.,READY,
BASIC_FORM,SRC::home_ownership,SRC::home_ownership,,SRC::home_ownership,SOURCE_INPUT,basic_form__home_ownership,VALIDATION::BASIC_FORM__HOME_OWNERSHIP__NORMALIZATION_HANDOFF__DEFER_TO_CELL_7_7__004,NORMALIZATION::BASIC_FORM::HOME_OWNERSHIP,MAPPING::BASIC_FORM::HOME_OWNERSHIP::SOURCE_TO_CANONICAL,basic_form__home_ownership__source_to_canonical,BASIC_FORM::home_ownership,SOURCE_TO_CANONICAL,SOURCE_FIELD_TO_CANONICAL_REFERENCE,INPUT_OR_CONTRACT_FIELD_TO_CANONICAL_TARGET,home_ownership,home_ownership,False,True,True,True,False,,PARTIAL_SOURCE_PATH_ONLY,True,True,CELL_7_7,DECLARED_ONLY_SOURCE_TO_CANONICAL_MAPPING,False,NOT_AVAILABLE_IN_CELL_7_7_METADATA_CONTRACT,True,DECLARED_ONLY_NO_RUNTIME_TRANSFORMATION,"Normalization or transformation requirements are declared as metadata only. Cell 7.7 does not execute normalization, encoding, imputation, scaling, feature engineering, or payload assembly.",False,False,False,False,source_input,False,False,False,False,True,"['MISSING_POLICY', 'NORMALIZATION_HANDOFF', 'TYPE_CHECK']",3,PARTIAL_MAPPING_REQUIRES_CELL_7_8_AND_CELL_7_9,INFO,Basic Form is a partial demo entry path and is not a complete model payload.,Feature/path-level mapping row consolidated from Cell 7.6 validation metadata. This row does not execute transformation logic.,READY,
BASIC_FORM,SRC::loan_amnt,SRC::loan_amnt,,SRC::loan_amnt,SOURCE_INPUT,basic_form__loan_amnt,VALIDATION::BASIC_FORM__LOAN_AMNT__NORMALIZATION_HANDOFF__DEFER_TO_CELL_7_7__005,NORMALIZATION::BASIC_FORM::LOAN_AMNT,MAPPING::BASIC_FORM::LOAN_AMNT::SOURCE_TO_CANONICAL,basic_form__loan_amnt__source_to_canonical,BASIC_FORM::loan_amnt,SOURCE_TO_CANONICAL,SOURCE_FIELD_TO_CANONICAL_REFERENCE,INPUT_OR_CONTRACT_FIELD_TO_CANONICAL_TARGET,loan_amnt,loan_amnt,False,True,True,True,False,,PARTIAL_SOURCE_PATH_ONLY,True,True,CELL_7_7,DECLARED_ONLY_SOURCE_TO_CANONICAL_MAPPING,False,NOT_AVAILABLE_IN_CELL_7_7_METADATA_CONTRACT,True,DECLARED_ONLY_NO_RUNTIME_TRANSFORMATION,"Normalization or transformation requirements are declared as metadata only. Cell 7.7 does not execute normalization, encoding, imputation, scaling, feature engineering, or payload assembly.",False,False,False,False,source_input,False,False,False,False,True,"['MISSING_POLICY', 'NORMALIZATION_HANDOFF', 'TYPE_CHECK']",3,PARTIAL_MAPPING_REQUIRES_CELL_7_8_AND_CELL_7_9,INFO,Basic Form is a partial demo entry path and is not a complete model payload.,Feature/path-level mapping row consolidated from Cell 7.6 validation metadata. This row does not execute transformation logic.,READY,
BASIC_FORM,SRC::purpose,SRC::purpose,,SRC::purpose,SOURCE_INPUT,basic_form__purpose,VALIDATION::BASIC_FORM__PURPOSE__NORMALIZATION_HANDOFF__DEFER_TO_CELL_7_7__004,NORMALIZATION::BASIC_FORM::PURPOSE,MAPPING::BASIC_FORM::PURPOSE::SOURCE_TO_CANONICAL,basic_form__purpose__source_to_canonical,BASIC_FORM::purpose,SOURCE_TO_CANONICAL,SOURCE_FIELD_TO_CANONICAL_REFERENCE,INPUT_OR_CONTRACT_FIELD_TO_CANONICAL_TARGET,purpose,purpose,False,True,True,True,False,,PARTIAL_SOURCE_PATH_ONLY,True,True,CELL_7_7,DECLARED_ONLY_SOURCE_TO_CANONICAL_MAPPING,False,NOT_AVAILABLE_IN_CELL_7_7_METADATA_CONTRACT,True,DECLARED_ONLY_NO_RUNTIME_TRANSFORMATION,"Normalization or transformation requirements are declared as metadata only. Cell 7.7 does not execute normalization, encoding, imputation, scaling, feature engineering, or payload assembly.",False,False,False,False,source_input,False,False,False,False,True,"['MISSING_POLICY', 'NORMALIZATION_HANDOFF', 'TYPE_CHECK']",3,PARTIAL_MAPPING_REQUIRES_CELL_7_8_AND_CELL_7_9,INFO,Basic Form is a partial demo entry path and is not a complete model payload.,Feature/path-level mapping row consolidated from Cell 7.6 validation metadata. This row does not execute transformation logic.,READY,
BASIC_FORM,SRC::term_months,SRC::term_months,,SRC::term_months,SOURCE_INPUT,basic_form__term_months,VALIDATION::BASIC_FORM__TERM_MONTHS__NORMALIZATION_HANDOFF__DEFER_TO_CELL_7_7__005,NORMALIZATION::BASIC_FORM::TERM_MONTHS,MAPPING::BASIC_FORM::TERM_MONTHS::SOURCE_TO_CANONICAL,basic_form__term_months__source_to_canonical,BASIC_FORM::term_months,SOURCE_TO_CANONICAL,SOURCE_FIELD_TO_CANONICAL_REFERENCE,INPUT_OR_CONTRACT_FIELD_TO_CANONICAL_TARGET,term_months,term_months,False,True,True,True,False,,PARTIAL_SOURCE_PATH_ONLY,True,True,CELL_7_7,DECLARED_ONLY_SOURCE_TO_CANONICAL_MAPPING,False,NOT_AVAILABLE_IN_CELL_7_7_METADATA_CONTRACT,True,DECLARED_ONLY_NO_RUNTIME_TRANSFORMATION,"Normalization or transformation requirements are declared as metadata only. Cell 7.7 does not execute normalization, encoding, imputation, scaling, feature engineering, or payload assembly.",False,False,False,False,source_input,False,False,False,False,True,"['MISSING_POLICY', 'NORMALIZATION_HANDOFF', 'TYPE_CHECK']",3,PARTIAL_MAPPING_REQUIRES_CELL_7_8_AND_CELL_7_9,INFO,Basic Form is a partial demo entry path and is not a complete model payload.,Feature/path-level mapping row consolidated from Cell 7.6 validation metadata. This row does not execute transformation logic.,READY,
SAMPLE_PROFILE,MF::acc_open_past_24mths,acc_open_past_24mths,acc_open_past_24mths,,MODEL_FEATURE,sample_profile__acc_open_past_24mths,VALIDATION::SAMPLE_PROFILE__ACC_OPEN_PAST_24MTHS__PAYLOAD_COMPLETENESS__PAYLOAD_COMPLETENESS__001,NORMALIZATION::SAMPLE_PROFILE::ACC_OPEN_PAST_24MTHS,MAPPING::SAMPLE_PROFILE::ACC_OPEN_PAST_24MTHS::SYNTHETIC_PROFILE_CANONICAL,sample_profile__acc_open_past_24mths__synthetic_profile_canonical,SAMPLE_PROFILE::acc_open_past_24mths,SYNTHETIC_PROFILE_CANONICAL,SYNTHETIC_PROFILE_CANONICAL_FIELD,INPUT_OR_CONTRACT_FIELD_TO_CANONICAL_TARGET,acc_open_past_24mths,acc_open_past_24mths,True,True,True,True,False,,CANONICAL_TARGET_MAPPED,False,False,,DECLARED_ONLY_CANONICAL_VALUE_REFERENCE,False,NOT_AVAILABLE_IN_CELL_7_7_METADATA_CONTRACT,False,DECLARED_ONLY_NO_RUNTIME_TRANSFORMATION,"Normalization or transformation requirements are declared as metadata only. Cell 7.7 does not execute normalization, encoding, imputation, scaling, feature engineering, or payload assembly.",False,True,False,False,synthetic_profile,False,False,False,False,True,"['MISSING_POLICY', 'MODE_GUARDRAIL', 'PAYLOAD_COMPLETENESS', 'TYPE_CHECK']",4,CANONICAL_VECTOR_REFERENCE_AVAILABLE,INFO,Canonical mapping is available for portfolio demo contract use only.,Feature/path-level mapping row consolidated from Cell 7.6 validation metadata. This row does not execute transformation logic.,READY,
SAMPLE_PROFILE,MF::bankruptcy_flag,bankruptcy_flag,bankruptcy_flag,,MODEL_FEATURE,sample_profile__bankruptcy_flag,VALIDATION::SAMPLE_PROFILE__BANKRUPTCY_FLAG__PAYLOAD_COMPLETENESS__PAYLOAD_COMPLETENESS__001,NORMALIZATION::SAMPLE_PROFILE::BANKRUPTCY_FLAG,MAPPING::SAMPLE_PROFILE::BANKRUPTCY_FLAG::SYNTHETIC_PROFILE_CANONICAL,sample_profile__bankruptcy_flag__synthetic_profile_canonical,SAMPLE_PROFILE::bankruptcy_flag,SYNTHETIC_PROFILE_CANONICAL,SYNTHETIC_PROFILE_CANONICAL_FIELD,INPUT_OR_CONTRACT_FIELD_TO_CANONICAL_TARGET,bankruptcy_flag,bankruptcy_flag,True,True,True,True,False,,CANONICAL_TARGET_MAPPED,False,False,,DECLARED_ONLY_CANONICAL_VALUE_REFERENCE,False,NOT_AVAILABLE_IN_CELL_7_7_METADATA_CONTRACT,False,DECLARED_ONLY_NO_RUNTIME_TRANSFORMATION,"Normalization or transformation requirements are declared as metadata only. Cell 7.7 does not execute normalization, encoding, imputation, scaling, feature engineering, or payload assembly.",False,True,False,False,synthetic_profile,False,False,False,False,True,"['MISSING_POLICY', 'MODE_GUARDRAIL', 'PAYLOAD_COMPLETENESS', 'TYPE_CHECK']",4,CANONICAL_VECTOR_REFERENCE_AVAILABLE,INFO,Canonical mapping is available for portfolio demo contract use only.,Feature/path-level mapping row consolidated from Cell 7.6 validation metadata. This row does not execute transformation logic.,READY,
SAMPLE_PROFILE,MF::bc_open_to_buy,bc_open_to_buy,bc_open_to_buy,,MODEL_FEATURE,sample_profile__bc_open_to_buy,VALIDATION::SAMPLE_PROFILE__BC_OPEN_TO_BUY__PAYLOAD_COMPLETENESS__PAYLOAD_COMPLETENESS__001,NORMALIZATION::SAMPLE_PROFILE::BC_OPEN_TO_BUY,MAPPING::SAMPLE_PROFILE::BC_OPEN_TO_BUY::SYNTHETIC_PROFILE_CANONICAL,sample_profile__bc_open_to_buy__synthetic_profile_canonical,SAMPLE_PROFILE::bc_open_to_buy,SYNTHETIC_PROFILE_CANONICAL,SYNTHETIC_PROFILE_CANONICAL_FIELD,INPUT_OR_CONTRACT_FIELD_TO_CANONICAL_TARGET,bc_open_to_buy,bc_open_to_buy,True,True,True,True,False,,CANONICAL_TARGET_MAPPED,False,False,,DECLARED_ONLY_CANONICAL_VALUE_REFERENCE,False,NOT_AVAILABLE_IN_CELL_7_7_METADATA_CONTRACT,False,DECLARED_ONLY_NO_RUNTIME_TRANSFORMATION,"Normalization or transformation requirements are declared as metadata only. Cell 7.7 does not execute normalization, encoding, imputation, scaling, feature engineering, or payload assembly.",False,True,False,False,synthetic_profile,False,False,False,False,True,"['MISSING_POLICY', 'MODE_GUARDRAIL', 'PAYLOAD_COMPLETENESS', 'TYPE_CHECK']",4,CANONICAL_VECTOR_REFERENCE_AVAILABLE,INFO,Canonical mapping is available for portfolio demo contract use only.,Feature/path-level mapping row consolidated from Cell 7.6 validation metadata. This row does not execute transformation logic.,READY,
SAMPLE_PROFILE,MF::bc_open_to_buy_missing_flag,bc_open_to_buy_missing_flag,bc_open_to_buy_missing_flag,,MODEL_FEATURE,sample_profile__bc_open_to_buy_missing_flag,VALIDATION::SAMPLE_PROFILE__BC_OPEN_TO_BUY_MISSING_FLAG__PAYLOAD_COMPLETENESS__PAYLOAD_COMPLETENESS__001,NORMALIZATION::SAMPLE_PROFILE::BC_OPEN_TO_BUY_MISSING_FLAG,MAPPING::SAMPLE_PROFILE::BC_OPEN_TO_BUY_MISSING_FLAG::SYNTHETIC_PROFILE_CANONICAL,sample_profile__bc_open_to_buy_missing_flag__synthetic_profile_canonical,SAMPLE_PROFILE::bc_open_to_buy_missing_flag,SYNTHETIC_PROFILE_CANONICAL,SYNTHETIC_PROFILE_CANONICAL_FIELD,INPUT_OR_CONTRACT_FIELD_TO_CANONICAL_TARGET,bc_open_to_buy_missing_flag,bc_open_to_buy_missing_flag,True,True,True,True,False,,CANONICAL_TARGET_MAPPED,False,False,,DECLARED_ONLY_CANONICAL_VALUE_REFERENCE,False,NOT_AVAILABLE_IN_CELL_7_7_METADATA_CONTRACT,False,DECLARED_ONLY_NO_RUNTIME_TRANSFORMATION,"Normalization or transformation requirements are declared as metadata only. Cell 7.7 does not execute normalization, encoding, imputation, scaling, feature engineering, or payload assembly.",False,True,False,False,synthetic_profile,False,False,False,False,True,"['MISSING_POLICY', 'MODE_GUARDRAIL', 'PAYLOAD_COMPLETENESS', 'TYPE_CHECK']",4,CANONICAL_VECTOR_REFERENCE_AVAILABLE,INFO,Canonical mapping is available for portfolio demo contract use only.,Feature/path-level mapping row consolidated from Cell 7.6 validation metadata. This row does not execute transformation logic.,READY,
SAMPLE_PROFILE,MF::bc_util,bc_util,bc_util,,MODEL_FEATURE,sample_profile__bc_util,VALIDATION::SAMPLE_PROFILE__BC_UTIL__PAYLOAD_COMPLETENESS__PAYLOAD_COMPLETENESS__001,NORMALIZATION::SAMPLE_PROFILE::BC_UTIL,MAPPING::SAMPLE_PROFILE::BC_UTIL::SYNTHETIC_PROFILE_CANONICAL,sample_profile__bc_util__synthetic_profile_canonical,SAMPLE_PROFILE::bc_util,SYNTHETIC_PROFILE_CANONICAL,SYNTHETIC_PROFILE_CANONICAL_FIELD,INPUT_OR_CONTRACT_FIELD_TO_CANONICAL_TARGET,bc_util,bc_util,True,True,True,True,False,,CANONICAL_TARGET_MAPPED,False,False,,DECLARED_ONLY_CANONICAL_VALUE_REFERENCE,False,NOT_AVAILABLE_IN_CELL_7_7_METADATA_CONTRACT,False,DECLARED_ONLY_NO_RUNTIME_TRANSFORMATION,"Normalization or transformation requirements are declared as metadata only. Cell 7.7 does not execute normalization, encoding, imputation, scaling, feature engineering, or payload assembly.",False,True,False,False,synthetic_profile,False,False,False,False,True,"['MISSING_POLICY', 'MODE_GUARDRAIL', 'PAYLOAD_COMPLETENESS', 'TYPE_CHECK']",4,CANONICAL_VECTOR_REFERENCE_AVAILABLE,INFO,Canonical mapping is available for portfolio demo contract use only.,Feature/path-level mapping row consolidated from Cell 7.6 validation metadata. This row does not execute transformation logic.,READY,
SAMPLE_PROFILE,MF::bc_util_missing_flag,bc_util_missing_flag,bc_util_missing_flag,,MODEL_FEATURE,sample_profile__bc_util_missing_flag,VALIDATION::SAMPLE_PROFILE__BC_UTIL_MISSING_FLAG__PAYLOAD_COMPLETENESS__PAYLOAD_COMPLETENESS__001,NORMALIZATION::SAMPLE_PROFILE::BC_UTIL_MISSING_FLAG,MAPPING::SAMPLE_PROFILE::BC_UTIL_MISSING_FLAG::SYNTHETIC_PROFILE_CANONICAL,sample_profile__bc_util_missing_flag__synthetic_profile_canonical,SAMPLE_PROFILE::bc_util_missing_flag,SYNTHETIC_PROFILE_CANONICAL,SYNTHETIC_PROFILE_CANONICAL_FIELD,INPUT_OR_CONTRACT_FIELD_TO_CANONICAL_TARGET,bc_util_missing_flag,bc_util_missing_flag,True,True,True,True,False,,CANONICAL_TARGET_MAPPED,False,False,,DECLARED_ONLY_CANONICAL_VALUE_REFERENCE,False,NOT_AVAILABLE_IN_CELL_7_7_METADATA_CONTRACT,False,DECLARED_ONLY_NO_RUNTIME_TRANSFORMATION,"Normalization or transformation requirements are declared as metadata only. Cell 7.7 does not execute normalization, encoding, imputation, scaling, feature engineering, or payload assembly.",False,True,False,False,synthetic_profile,False,False,False,False,True,"['MISSING_POLICY', 'MODE_GUARDRAIL', 'PAYLOAD_COMPLETENESS', 'TYPE_CHECK']",4,CANONICAL_VECTOR_REFERENCE_AVAILABLE,INFO,Canonical mapping is available for portfolio demo contract use only.,Feature/path-level mapping row consolidated from Cell 7.6 validation metadata. This row does not execute transformation logic.,READY,
SAMPLE_PROFILE,MF::debt_to_income_revol,debt_to_income_revol,debt_to_income_revol,,MODEL_FEATURE,sample_profile__debt_to_income_revol,VALIDATION::SAMPLE_PROFILE__DEBT_TO_INCOME_REVOL__PAYLOAD_COMPLETENESS__PAYLOAD_COMPLETENESS__001,NORMALIZATION::SAMPLE_PROFILE::DEBT_TO_INCOME_REVOL,MAPPING::SAMPLE_PROFILE::DEBT_TO_INCOME_REVOL::SYNTHETIC_PROFILE_CANONICAL,sample_profile__debt_to_income_revol__synthetic_profile_canonical,SAMPLE_PROFILE::debt_to_income_revol,SYNTHETIC_PROFILE_CANONICAL,SYNTHETIC_PROFILE_CANONICAL_FIELD,INPUT_OR_CONTRACT_FIELD_TO_CANONICAL_TARGET,debt_to_income_revol,debt_to_income_revol,True,True,True,True,False,,CANONICAL_TARGET_MAPPED,False,False,,DECLARED_ONLY_CANONICAL_VALUE_REFERENCE,False,NOT_AVAILABLE_IN_CELL_7_7_METADATA_CONTRACT,False,DECLARED_ONLY_NO_RUNTIME_TRANSFORMATION,"Normalization or transformation requirements are declared as metadata only. Cell 7.7 does not execute normalization, encoding, imputation, scaling, feature engineering, or payload assembly.",False,True,False,False,synthetic_profile,False,False,False,False,True,"['MISSING_POLICY', 'MODE_GUARDRAIL', 'PAYLOAD_COMPLETENESS', 'TYPE_CHECK']",4,CANONICAL_VECTOR_REFERENCE_AVAILABLE,INFO,Canonical mapping is available for portfolio demo contract use only.,Feature/path-level mapping row consolidated from Cell 7.6 validation metadata. This row does not execute transformation logic.,READY,
SAMPLE_PROFILE,MF::delinq_2yrs,delinq_2yrs,delinq_2yrs,,MODEL_FEATURE,sample_profile__delinq_2yrs,VALIDATION::SAMPLE_PROFILE__DELINQ_2YRS__PAYLOAD_COMPLETENESS__PAYLOAD_COMPLETENESS__001,NORMALIZATION::SAMPLE_PROFILE::DELINQ_2YRS,MAPPING::SAMPLE_PROFILE::DELINQ_2YRS::SYNTHETIC_PROFILE_CANONICAL,sample_profile__delinq_2yrs__synthetic_profile_canonical,SAMPLE_PROFILE::delinq_2yrs,SYNTHETIC_PROFILE_CANONICAL,SYNTHETIC_PROFILE_CANONICAL_FIELD,INPUT_OR_CONTRACT_FIELD_TO_CANONICAL_TARGET,delinq_2yrs,delinq_2yrs,True,True,True,True,False,,CANONICAL_TARGET_MAPPED,False,False,,DECLARED_ONLY_CANONICAL_VALUE_REFERENCE,False,NOT_AVAILABLE_IN_CELL_7_7_METADATA_CONTRACT,False,DECLARED_ONLY_NO_RUNTIME_TRANSFORMATION,"Normalization or transformation requirements are declared as metadata only. Cell 7.7 does not execute normalization, encoding, imputation, scaling, feature engineering, or payload assembly.",False,True,False,False,synthetic_profile,False,False,False,False,True,"['MISSING_POLICY', 'MODE_GUARDRAIL', 'PAYLOAD_COMPLETENESS', 'TYPE_CHECK']",4,CANONICAL_VECTOR_REFERENCE_AVAILABLE,INFO,Canonical mapping is available for portfolio demo contract use only.,Feature/path-level mapping row consolidated from Cell 7.6 validation metadata. This row does not execute transformation logic.,READY,
SAMPLE_PROFILE,MF::delinq_flag,delinq_flag,delinq_flag,,MODEL_FEATURE,sample_profile__delinq_flag,VALIDATION::SAMPLE_PROFILE__DELINQ_FLAG__PAYLOAD_COMPLETENESS__PAYLOAD_COMPLETENESS__001,NORMALIZATION::SAMPLE_PROFILE::DELINQ_FLAG,MAPPING::SAMPLE_PROFILE::DELINQ_FLAG::SYNTHETIC_PROFILE_CANONICAL,sample_profile__delinq_flag__synthetic_profile_canonical,SAMPLE_PROFILE::delinq_flag,SYNTHETIC_PROFILE_CANONICAL,SYNTHETIC_PROFILE_CANONICAL_FIELD,INPUT_OR_CONTRACT_FIELD_TO_CANONICAL_TARGET,delinq_flag,delinq_flag,True,True,True,True,False,,CANONICAL_TARGET_MAPPED,False,False,,DECLARED_ONLY_CANONICAL_VALUE_REFERENCE,False,NOT_AVAILABLE_IN_CELL_7_7_METADATA_CONTRACT,False,DECLARED_ONLY_NO_RUNTIME_TRANSFORMATION,"Normalization or transformation requirements are declared as metadata only. Cell 7.7 does not execute normalization, encoding, imputation, scaling, feature engineering, or payload assembly.",False,True,False,False,synthetic_profile,False,False,False,False,True,"['MISSING_POLICY', 'MODE_GUARDRAIL', 'PAYLOAD_COMPLETENESS', 'TYPE_CHECK']",4,CANONICAL_VECTOR_REFERENCE_AVAILABLE,INFO,Canonical mapping is available for portfolio demo contract use only.,Feature/path-level mapping row consolidated from Cell 7.6 validation metadata. This row does not execute transformation logic.,READY,
SAMPLE_PROFILE,MF::dti,dti,dti,,MODEL_FEATURE,sample_profile__dti,VALIDATION::SAMPLE_PROFILE__DTI__PAYLOAD_COMPLETENESS__PAYLOAD_COMPLETENESS__001,NORMALIZATION::SAMPLE_PROFILE::DTI,MAPPING::SAMPLE_PROFILE::DTI::SYNTHETIC_PROFILE_CANONICAL,sample_profile__dti__synthetic_profile_canonical,SAMPLE_PROFILE::dti,SYNTHETIC_PROFILE_CANONICAL,SYNTHETIC_PROFILE_CANONICAL_FIELD,INPUT_OR_CONTRACT_FIELD_TO_CANONICAL_TARGET,dti,dti,True,True,True,True,False,,CANONICAL_TARGET_MAPPED,False,False,,DECLARED_ONLY_CANONICAL_VALUE_REFERENCE,False,NOT_AVAILABLE_IN_CELL_7_7_METADATA_CONTRACT,False,DECLARED_ONLY_NO_RUNTIME_TRANSFORMATION,"Normalization or transformation requirements are declared as metadata only. Cell 7.7 does not execute normalization, encoding, imputation, scaling, feature engineering, or payload assembly.",False,True,False,False,synthetic_profile,False,False,False,False,True,"['MISSING_POLICY', 'MODE_GUARDRAIL', 'PAYLOAD_COMPLETENESS', 'TYPE_CHECK']",4,CANONICAL_VECTOR_REFERENCE_AVAILABLE,INFO,Canonical mapping is available for portfolio demo contract use only.,Feature/path-level mapping row consolidated from Cell 7.6 validation metadata. This row does not execute transformation logic.,READY,
SAMPLE_PROFILE,MF::fico_avg,fico_avg,fico_avg,,MODEL_FEATURE,sample_profile__fico_avg,VALIDATION::SAMPLE_PROFILE__FICO_AVG__PAYLOAD_COMPLETENESS__PAYLOAD_COMPLETENESS__001,NORMALIZATION::SAMPLE_PROFILE::FICO_AVG,MAPPING::SAMPLE_PROFILE::FICO_AVG::SYNTHETIC_PROFILE_CANONICAL,sample_profile__fico_avg__synthetic_profile_canonical,SAMPLE_PROFILE::fico_avg,SYNTHETIC_PROFILE_CANONICAL,SYNTHETIC_PROFILE_CANONICAL_FIELD,INPUT_OR_CONTRACT_FIELD_TO_CANONICAL_TARGET,fico_avg,fico_avg,True,True,True,True,False,,CANONICAL_TARGET_MAPPED,False,False,,DECLARED_ONLY_CANONICAL_VALUE_REFERENCE,False,NOT_AVAILABLE_IN_CELL_7_7_METADATA_CONTRACT,False,DECLARED_ONLY_NO_RUNTIME_TRANSFORMATION,"Normalization or transformation requirements are declared as metadata only. Cell 7.7 does not execute normalization, encoding, imputation, scaling, feature engineering, or payload assembly.",False,True,False,False,synthetic_profile,False,False,False,False,True,"['MISSING_POLICY', 'MODE_GUARDRAIL', 'PAYLOAD_COMPLETENESS', 'TYPE_CHECK']",4,CANONICAL_VECTOR_REFERENCE_AVAILABLE,INFO,Canonical mapping is available for portfolio demo contract use only.,Feature/path-level mapping row consolidated from Cell 7.6 validation metadata. This row does not execute transformation logic.,READY,
SAMPLE_PROFILE,MF::grade_encoded,grade_encoded,grade_encoded,,MODEL_FEATURE,sample_profile__grade_encoded,VALIDATION::SAMPLE_PROFILE__GRADE_ENCODED__PAYLOAD_COMPLETENESS__PAYLOAD_COMPLETENESS__001,NORMALIZATION::SAMPLE_PROFILE::GRADE_ENCODED,MAPPING::SAMPLE_PROFILE::GRADE_ENCODED::LIMITATION_AWARE_MAPPING,sample_profile__grade_encoded__limitation_aware_mapping,SAMPLE_PROFILE::grade_encoded,LIMITATION_AWARE_MAPPING,LIMITED_CANONICAL_FIELD,INPUT_OR_CONTRACT_FIELD_TO_CANONICAL_TARGET,grade_encoded,grade_encoded,True,True,True,True,False,,CANONICAL_TARGET_MAPPED,False,False,,DECLARED_ONLY_LIMITATION_AWARE_CANONICAL_REFERENCE,False,NOT_AVAILABLE_IN_CELL_7_7_METADATA_CONTRACT,False,DECLARED_ONLY_NO_RUNTIME_TRANSFORMATION,"Normalization or transformation requirements are declared as metadata only. Cell 7.7 does not execute normalization, encoding, imputation, scaling, feature engineering, or payload assembly.",False,True,False,False,synthetic_profile,False,True,True,True,True,"['LIMITATION_DISCLOSURE', 'MISSING_POLICY', 'MODE_GUARDRAIL', 'PAYLOAD_COMPLETENESS', 'TYPE_CHECK']",5,CANONICAL_VECTOR_REFERENCE_AVAILABLE,WARNING,"grade_encoded is a limitation-aware canonical field. It is allowed only in synthetic, technical, or canonical payload paths with disclosure.",Feature/path-level mapping row consolidated from Cell 7.6 validation metadata. This row does not execute transformation logic.,READY_WITH_LIMITATION,
SAMPLE_PROFILE,MF::high_revol_util_flag,high_revol_util_flag,high_revol_util_flag,,MODEL_FEATURE,sample_profile__high_revol_util_flag,VALIDATION::SAMPLE_PROFILE__HIGH_REVOL_UTIL_FLAG__PAYLOAD_COMPLETENESS__PAYLOAD_COMPLETENESS__001,NORMALIZATION::SAMPLE_PROFILE::HIGH_REVOL_UTIL_FLAG,MAPPING::SAMPLE_PROFILE::HIGH_REVOL_UTIL_FLAG::SYNTHETIC_PROFILE_CANONICAL,sample_profile__high_revol_util_flag__synthetic_profile_canonical,SAMPLE_PROFILE::high_revol_util_flag,SYNTHETIC_PROFILE_CANONICAL,SYNTHETIC_PROFILE_CANONICAL_FIELD,INPUT_OR_CONTRACT_FIELD_TO_CANONICAL_TARGET,high_revol_util_flag,high_revol_util_flag,True,True,True,True,False,,CANONICAL_TARGET_MAPPED,False,False,,DECLARED_ONLY_CANONICAL_VALUE_REFERENCE,False,NOT_AVAILABLE_IN_CELL_7_7_METADATA_CONTRACT,False,DECLARED_ONLY_NO_RUNTIME_TRANSFORMATION,"Normalization or transformation requirements are declared as metadata only. Cell 7.7 does not execute normalization, encoding, imputation, scaling, feature engineering, or payload assembly.",False,True,False,False,synthetic_profile,False,False,False,False,True,"['MISSING_POLICY', 'MODE_GUARDRAIL', 'PAYLOAD_COMPLETENESS', 'TYPE_CHECK']",4,CANONICAL_VECTOR_REFERENCE_AVAILABLE,INFO,Canonical mapping is available for portfolio demo contract use only.,Feature/path-level mapping row consolidated from Cell 7.6 validation metadata. This row does not execute transformation logic.,READY,
SAMPLE_PROFILE,MF::home_ownership_encoded,home_ownership_encoded,home_ownership_encoded,,MODEL_FEATURE,sample_profile__home_ownership_encoded,VALIDATION::SAMPLE_PROFILE__HOME_OWNERSHIP_ENCODED__PAYLOAD_COMPLETENESS__PAYLOAD_COMPLETENESS__001,NORMALIZATION::SAMPLE_PROFILE::HOME_OWNERSHIP_ENCODED,MAPPING::SAMPLE_PROFILE::HOME_OWNERSHIP_ENCODED::SYNTHETIC_PROFILE_CANONICAL,sample_profile__home_ownership_encoded__synthetic_profile_canonical,SAMPLE_PROFILE::home_ownership_encoded,SYNTHETIC_PROFILE_CANONICAL,SYNTHETIC_PROFILE_CANONICAL_FIELD,INPUT_OR_CONTRACT_FIELD_TO_CANONICAL_TARGET,home_ownership_encoded,home_ownership_encoded,True,True,True,True,False,,CANONICAL_TARGET_MAPPED,False,False,,DECLARED_ONLY_CANONICAL_VALUE_REFERENCE,False,NOT_AVAILABLE_IN_CELL_7_7_METADATA_CONTRACT,False,DECLARED_ONLY_NO_RUNTIME_TRANSFORMATION,"Normalization or transformation requirements are declared as metadata only. Cell 7.7 does not execute normalization, encoding, imputation, scaling, feature engineering, or payload assembly.",False,True,False,False,synthetic_profile,False,False,False,False,True,"['MISSING_POLICY', 'MODE_GUARDRAIL', 'PAYLOAD_COMPLETENESS', 'TYPE_CHECK']",4,CANONICAL_VECTOR_REFERENCE_AVAILABLE,INFO,Canonical mapping is available for portfolio demo contract use only.,Feature/path-level mapping row consolidated from Cell 7.6 validation metadata. This row does not execute transformation logic.,READY,
SAMPLE_PROFILE,MF::inq_last_6mths,inq_last_6mths,inq_last_6mths,,MODEL_FEATURE,sample_profile__inq_last_6mths,VALIDATION::SAMPLE_PROFILE__INQ_LAST_6MTHS__PAYLOAD_COMPLETENESS__PAYLOAD_COMPLETENESS__001,NORMALIZATION::SAMPLE_PROFILE::INQ_LAST_6MTHS,MAPPING::SAMPLE_PROFILE::INQ_LAST_6MTHS::SYNTHETIC_PROFILE_CANONICAL,sample_profile__inq_last_6mths__synthetic_profile_canonical,SAMPLE_PROFILE::inq_last_6mths,SYNTHETIC_PROFILE_CANONICAL,SYNTHETIC_PROFILE_CANONICAL_FIELD,INPUT_OR_CONTRACT_FIELD_TO_CANONICAL_TARGET,inq_last_6mths,inq_last_6mths,True,True,True,True,False,,CANONICAL_TARGET_MAPPED,False,False,,DECLARED_ONLY_CANONICAL_VALUE_REFERENCE,False,NOT_AVAILABLE_IN_CELL_7_7_METADATA_CONTRACT,False,DECLARED_ONLY_NO_RUNTIME_TRANSFORMATION,"Normalization or transformation requirements are declared as metadata only. Cell 7.7 does not execute normalization, encoding, imputation, scaling, feature engineering, or payload assembly.",False,True,False,False,synthetic_profile,False,False,False,False,True,"['MISSING_POLICY', 'MODE_GUARDRAIL', 'PAYLOAD_COMPLETENESS', 'TYPE_CHECK']",4,CANONICAL_VECTOR_REFERENCE_AVAILABLE,INFO,Canonical mapping is available for portfolio demo contract use only.,Feature/path-level mapping row consolidated from Cell 7.6 validation metadata. This row does not execute transformation logic.,READY,
SAMPLE_PROFILE,MF::inq_per_open_acc,inq_per_open_acc,inq_per_open_acc,,MODEL_FEATURE,sample_profile__inq_per_open_acc,VALIDATION::SAMPLE_PROFILE__INQ_PER_OPEN_ACC__PAYLOAD_COMPLETENESS__PAYLOAD_COMPLETENESS__001,NORMALIZATION::SAMPLE_PROFILE::INQ_PER_OPEN_ACC,MAPPING::SAMPLE_PROFILE::INQ_PER_OPEN_ACC::SYNTHETIC_PROFILE_CANONICAL,sample_profile__inq_per_open_acc__synthetic_profile_canonical,SAMPLE_PROFILE::inq_per_open_acc,SYNTHETIC_PROFILE_CANONICAL,SYNTHETIC_PROFILE_CANONICAL_FIELD,INPUT_OR_CONTRACT_FIELD_TO_CANONICAL_TARGET,inq_per_open_acc,inq_per_open_acc,True,True,True,True,False,,CANONICAL_TARGET_MAPPED,False,False,,DECLARED_ONLY_CANONICAL_VALUE_REFERENCE,False,NOT_AVAILABLE_IN_CELL_7_7_METADATA_CONTRACT,False,DECLARED_ONLY_NO_RUNTIME_TRANSFORMATION,"Normalization or transformation requirements are declared as metadata only. Cell 7.7 does not execute normalization, encoding, imputation, scaling, feature engineering, or payload assembly.",False,True,False,False,synthetic_profile,False,False,False,False,True,"['MISSING_POLICY', 'MODE_GUARDRAIL', 'PAYLOAD_COMPLETENESS', 'TYPE_CHECK']",4,CANONICAL_VECTOR_REFERENCE_AVAILABLE,INFO,Canonical mapping is available for portfolio demo contract use only.,Feature/path-level mapping row consolidated from Cell 7.6 validation metadata. This row does not execute transformation logic.,READY,
SAMPLE_PROFILE,MF::installment,installment,installment,,MODEL_FEATURE,sample_profile__installment,VALIDATION::SAMPLE_PROFILE__INSTALLMENT__PAYLOAD_COMPLETENESS__PAYLOAD_COMPLETENESS__001,NORMALIZATION::SAMPLE_PROFILE::INSTALLMENT,MAPPING::SAMPLE_PROFILE::INSTALLMENT::SYNTHETIC_PROFILE_CANONICAL,sample_profile__installment__synthetic_profile_canonical,SAMPLE_PROFILE::installment,SYNTHETIC_PROFILE_CANONICAL,SYNTHETIC_PROFILE_CANONICAL_FIELD,INPUT_OR_CONTRACT_FIELD_TO_CANONICAL_TARGET,installment,installment,True,True,True,True,False,,CANONICAL_TARGET_MAPPED,False,False,,DECLARED_ONLY_CANONICAL_VALUE_REFERENCE,False,NOT_AVAILABLE_IN_CELL_7_7_METADATA_CONTRACT,False,DECLARED_ONLY_NO_RUNTIME_TRANSFORMATION,"Normalization or transformation requirements are declared as metadata only. Cell 7.7 does not execute normalization, encoding, imputation, scaling, feature engineering, or payload assembly.",False,True,False,False,synthetic_profile,False,False,False,False,True,"['MISSING_POLICY', 'MODE_GUARDRAIL', 'PAYLOAD_COMPLETENESS', 'TYPE_CHECK']",4,CANONICAL_VECTOR_REFERENCE_AVAILABLE,INFO,Canonical mapping is available for portfolio demo contract use only.,Feature/path-level mapping row consolidated from Cell 7.6 validation metadata. This row does not execute transformation logic.,READY,
SAMPLE_PROFILE,MF::is_60_month,is_60_month,is_60_month,,MODEL_FEATURE,sample_profile__is_60_month,VALIDATION::SAMPLE_PROFILE__IS_60_MONTH__PAYLOAD_COMPLETENESS__PAYLOAD_COMPLETENESS__001,NORMALIZATION::SAMPLE_PROFILE::IS_60_MONTH,MAPPING::SAMPLE_PROFILE::IS_60_MONTH::SYNTHETIC_PROFILE_CANONICAL,sample_profile__is_60_month__synthetic_profile_canonical,SAMPLE_PROFILE::is_60_month,SYNTHETIC_PROFILE_CANONICAL,SYNTHETIC_PROFILE_CANONICAL_FIELD,INPUT_OR_CONTRACT_FIELD_TO_CANONICAL_TARGET,is_60_month,is_60_month,True,True,True,True,False,,CANONICAL_TARGET_MAPPED,False,False,,DECLARED_ONLY_CANONICAL_VALUE_REFERENCE,False,NOT_AVAILABLE_IN_CELL_7_7_METADATA_CONTRACT,False,DECLARED_ONLY_NO_RUNTIME_TRANSFORMATION,"Normalization or transformation requirements are declared as metadata only. Cell 7.7 does not execute normalization, encoding, imputation, scaling, feature engineering, or payload assembly.",False,True,False,False,synthetic_profile,False,False,False,False,True,"['MISSING_POLICY', 'MODE_GUARDRAIL', 'PAYLOAD_COMPLETENESS', 'TYPE_CHECK']",4,CANONICAL_VECTOR_REFERENCE_AVAILABLE,INFO,Canonical mapping is available for portfolio demo contract use only.,Feature/path-level mapping row consolidated from Cell 7.6 validation metadata. This row does not execute transformation logic.,READY,
SAMPLE_PROFILE,MF::loan_amnt,loan_amnt,loan_amnt,,MODEL_FEATURE,sample_profile__loan_amnt,VALIDATION::SAMPLE_PROFILE__LOAN_AMNT__PAYLOAD_COMPLETENESS__PAYLOAD_COMPLETENESS__001,NORMALIZATION::SAMPLE_PROFILE::LOAN_AMNT,MAPPING::SAMPLE_PROFILE::LOAN_AMNT::SYNTHETIC_PROFILE_CANONICAL,sample_profile__loan_amnt__synthetic_profile_canonical,SAMPLE_PROFILE::loan_amnt,SYNTHETIC_PROFILE_CANONICAL,SYNTHETIC_PROFILE_CANONICAL_FIELD,INPUT_OR_CONTRACT_FIELD_TO_CANONICAL_TARGET,loan_amnt,loan_amnt,True,True,True,True,False,,CANONICAL_TARGET_MAPPED,False,False,,DECLARED_ONLY_CANONICAL_VALUE_REFERENCE,False,NOT_AVAILABLE_IN_CELL_7_7_METADATA_CONTRACT,False,DECLARED_ONLY_NO_RUNTIME_TRANSFORMATION,"Normalization or transformation requirements are declared as metadata only. Cell 7.7 does not execute normalization, encoding, imputation, scaling, feature engineering, or payload assembly.",False,True,False,False,synthetic_profile,False,False,False,False,True,"['MISSING_POLICY', 'MODE_GUARDRAIL', 'PAYLOAD_COMPLETENESS', 'TYPE_CHECK']",4,CANONICAL_VECTOR_REFERENCE_AVAILABLE,INFO,Canonical mapping is available for portfolio demo contract use only.,Feature/path-level mapping row consolidated from Cell 7.6 validation metadata. This row does not execute transformation logic.,READY,
SAMPLE_PROFILE,MF::loan_to_income,loan_to_income,loan_to_income,,MODEL_FEATURE,sample_profile__loan_to_income,VALIDATION::SAMPLE_PROFILE__LOAN_TO_INCOME__PAYLOAD_COMPLETENESS__PAYLOAD_COMPLETENESS__001,NORMALIZATION::SAMPLE_PROFILE::LOAN_TO_INCOME,MAPPING::SAMPLE_PROFILE::LOAN_TO_INCOME::SYNTHETIC_PROFILE_CANONICAL,sample_profile__loan_to_income__synthetic_profile_canonical,SAMPLE_PROFILE::loan_to_income,SYNTHETIC_PROFILE_CANONICAL,SYNTHETIC_PROFILE_CANONICAL_FIELD,INPUT_OR_CONTRACT_FIELD_TO_CANONICAL_TARGET,loan_to_income,loan_to_income,True,True,True,True,False,,CANONICAL_TARGET_MAPPED,False,False,,DECLARED_ONLY_CANONICAL_VALUE_REFERENCE,False,NOT_AVAILABLE_IN_CELL_7_7_METADATA_CONTRACT,False,DECLARED_ONLY_NO_RUNTIME_TRANSFORMATION,"Normalization or transformation requirements are declared as metadata only. Cell 7.7 does not execute normalization, encoding, imputation, scaling, feature engineering, or payload assembly.",False,True,False,False,synthetic_profile,False,False,False,False,True,"['MISSING_POLICY', 'MODE_GUARDRAIL', 'PAYLOAD_COMPLETENESS', 'TYPE_CHECK']",4,CANONICAL_VECTOR_REFERENCE_AVAILABLE,INFO,Canonical mapping is available for portfolio demo contract use only.,Feature/path-level mapping row consolidated from Cell 7.6 validation metadata. This row does not execute transformation logic.,READY,
SAMPLE_PROFILE,MF::log_annual_inc,log_annual_inc,log_annual_inc,,MODEL_FEATURE,sample_profile__log_annual_inc,VALIDATION::SAMPLE_PROFILE__LOG_ANNUAL_INC__PAYLOAD_COMPLETENESS__PAYLOAD_COMPLETENESS__001,NORMALIZATION::SAMPLE_PROFILE::LOG_ANNUAL_INC,MAPPING::SAMPLE_PROFILE::LOG_ANNUAL_INC::SYNTHETIC_PROFILE_CANONICAL,sample_profile__log_annual_inc__synthetic_profile_canonical,SAMPLE_PROFILE::log_annual_inc,SYNTHETIC_PROFILE_CANONICAL,SYNTHETIC_PROFILE_CANONICAL_FIELD,INPUT_OR_CONTRACT_FIELD_TO_CANONICAL_TARGET,log_annual_inc,log_annual_inc,True,True,True,True,False,,CANONICAL_TARGET_MAPPED,False,False,,DECLARED_ONLY_CANONICAL_VALUE_REFERENCE,False,NOT_AVAILABLE_IN_CELL_7_7_METADATA_CONTRACT,False,DECLARED_ONLY_NO_RUNTIME_TRANSFORMATION,"Normalization or transformation requirements are declared as metadata only. Cell 7.7 does not execute normalization, encoding, imputation, scaling, feature engineering, or payload assembly.",False,True,False,False,synthetic_profile,False,False,False,False,True,"['MISSING_POLICY', 'MODE_GUARDRAIL', 'PAYLOAD_COMPLETENESS', 'TYPE_CHECK']",4,CANONICAL_VECTOR_REFERENCE_AVAILABLE,INFO,Canonical mapping is available for portfolio demo contract use only.,Feature/path-level mapping row consolidated from Cell 7.6 validation metadata. This row does not execute transformation logic.,READY,
SAMPLE_PROFILE,MF::log_loan_amnt,log_loan_amnt,log_loan_amnt,,MODEL_FEATURE,sample_profile__log_loan_amnt,VALIDATION::SAMPLE_PROFILE__LOG_LOAN_AMNT__PAYLOAD_COMPLETENESS__PAYLOAD_COMPLETENESS__001,NORMALIZATION::SAMPLE_PROFILE::LOG_LOAN_AMNT,MAPPING::SAMPLE_PROFILE::LOG_LOAN_AMNT::SYNTHETIC_PROFILE_CANONICAL,sample_profile__log_loan_amnt__synthetic_profile_canonical,SAMPLE_PROFILE::log_loan_amnt,SYNTHETIC_PROFILE_CANONICAL,SYNTHETIC_PROFILE_CANONICAL_FIELD,INPUT_OR_CONTRACT_FIELD_TO_CANONICAL_TARGET,log_loan_amnt,log_loan_amnt,True,True,True,True,False,,CANONICAL_TARGET_MAPPED,False,False,,DECLARED_ONLY_CANONICAL_VALUE_REFERENCE,False,NOT_AVAILABLE_IN_CELL_7_7_METADATA_CONTRACT,False,DECLARED_ONLY_NO_RUNTIME_TRANSFORMATION,"Normalization or transformation requirements are declared as metadata only. Cell 7.7 does not execute normalization, encoding, imputation, scaling, feature engineering, or payload assembly.",False,True,False,False,synthetic_profile,False,False,False,False,True,"['MISSING_POLICY', 'MODE_GUARDRAIL', 'PAYLOAD_COMPLETENESS', 'TYPE_CHECK']",4,CANONICAL_VECTOR_REFERENCE_AVAILABLE,INFO,Canonical mapping is available for portfolio demo contract use only.,Feature/path-level mapping row consolidated from Cell 7.6 validation metadata. This row does not execute transformation logic.,READY,
SAMPLE_PROFILE,MF::log_revol_bal,log_revol_bal,log_revol_bal,,MODEL_FEATURE,sample_profile__log_revol_bal,VALIDATION::SAMPLE_PROFILE__LOG_REVOL_BAL__PAYLOAD_COMPLETENESS__PAYLOAD_COMPLETENESS__001,NORMALIZATION::SAMPLE_PROFILE::LOG_REVOL_BAL,MAPPING::SAMPLE_PROFILE::LOG_REVOL_BAL::SYNTHETIC_PROFILE_CANONICAL,sample_profile__log_revol_bal__synthetic_profile_canonical,SAMPLE_PROFILE::log_revol_bal,SYNTHETIC_PROFILE_CANONICAL,SYNTHETIC_PROFILE_CANONICAL_FIELD,INPUT_OR_CONTRACT_FIELD_TO_CANONICAL_TARGET,log_revol_bal,log_revol_bal,True,True,True,True,False,,CANONICAL_TARGET_MAPPED,False,False,,DECLARED_ONLY_CANONICAL_VALUE_REFERENCE,False,NOT_AVAILABLE_IN_CELL_7_7_METADATA_CONTRACT,False,DECLARED_ONLY_NO_RUNTIME_TRANSFORMATION,"Normalization or transformation requirements are declared as metadata only. Cell 7.7 does not execute normalization, encoding, imputation, scaling, feature engineering, or payload assembly.",False,True,False,False,synthetic_profile,False,False,False,False,True,"['MISSING_POLICY', 'MODE_GUARDRAIL', 'PAYLOAD_COMPLETENESS', 'TYPE_CHECK']",4,CANONICAL_VECTOR_REFERENCE_AVAILABLE,INFO,Canonical mapping is available for portfolio demo contract use only.,Feature/path-level mapping row consolidated from Cell 7.6 validation metadata. This row does not execute transformation logic.,READY,
SAMPLE_PROFILE,MF::log_tot_cur_bal,log_tot_cur_bal,log_tot_cur_bal,,MODEL_FEATURE,sample_profile__log_tot_cur_bal,VALIDATION::SAMPLE_PROFILE__LOG_TOT_CUR_BAL__PAYLOAD_COMPLETENESS__PAYLOAD_COMPLETENESS__001,NORMALIZATION::SAMPLE_PROFILE::LOG_TOT_CUR_BAL,MAPPING::SAMPLE_PROFILE::LOG_TOT_CUR_BAL::SYNTHETIC_PROFILE_CANONICAL,sample_profile__log_tot_cur_bal__synthetic_profile_canonical,SAMPLE_PROFILE::log_tot_cur_bal,SYNTHETIC_PROFILE_CANONICAL,SYNTHETIC_PROFILE_CANONICAL_FIELD,INPUT_OR_CONTRACT_FIELD_TO_CANONICAL_TARGET,log_tot_cur_bal,log_tot_cur_bal,True,True,True,True,False,,CANONICAL_TARGET_MAPPED,False,False,,DECLARED_ONLY_CANONICAL_VALUE_REFERENCE,False,NOT_AVAILABLE_IN_CELL_7_7_METADATA_CONTRACT,False,DECLARED_ONLY_NO_RUNTIME_TRANSFORMATION,"Normalization or transformation requirements are declared as metadata only. Cell 7.7 does not execute normalization, encoding, imputation, scaling, feature engineering, or payload assembly.",False,True,False,False,synthetic_profile,False,False,False,False,True,"['MISSING_POLICY', 'MODE_GUARDRAIL', 'PAYLOAD_COMPLETENESS', 'TYPE_CHECK']",4,CANONICAL_VECTOR_REFERENCE_AVAILABLE,INFO,Canonical mapping is available for portfolio demo contract use only.,Feature/path-level mapping row consolidated from Cell 7.6 validation metadata. This row does not execute transformation logic.,READY,
SAMPLE_PROFILE,MF::log_total_rev_hi_lim,log_total_rev_hi_lim,log_total_rev_hi_lim,,MODEL_FEATURE,sample_profile__log_total_rev_hi_lim,VALIDATION::SAMPLE_PROFILE__LOG_TOTAL_REV_HI_LIM__PAYLOAD_COMPLETENESS__PAYLOAD_COMPLETENESS__001,NORMALIZATION::SAMPLE_PROFILE::LOG_TOTAL_REV_HI_LIM,MAPPING::SAMPLE_PROFILE::LOG_TOTAL_REV_HI_LIM::SYNTHETIC_PROFILE_CANONICAL,sample_profile__log_total_rev_hi_lim__synthetic_profile_canonical,SAMPLE_PROFILE::log_total_rev_hi_lim,SYNTHETIC_PROFILE_CANONICAL,SYNTHETIC_PROFILE_CANONICAL_FIELD,INPUT_OR_CONTRACT_FIELD_TO_CANONICAL_TARGET,log_total_rev_hi_lim,log_total_rev_hi_lim,True,True,True,True,False,,CANONICAL_TARGET_MAPPED,False,False,,DECLARED_ONLY_CANONICAL_VALUE_REFERENCE,False,NOT_AVAILABLE_IN_CELL_7_7_METADATA_CONTRACT,False,DECLARED_ONLY_NO_RUNTIME_TRANSFORMATION,"Normalization or transformation requirements are declared as metadata only. Cell 7.7 does not execute normalization, encoding, imputation, scaling, feature engineering, or payload assembly.",False,True,False,False,synthetic_profile,False,False,False,False,True,"['MISSING_POLICY', 'MODE_GUARDRAIL', 'PAYLOAD_COMPLETENESS', 'TYPE_CHECK']",4,CANONICAL_VECTOR_REFERENCE_AVAILABLE,INFO,Canonical mapping is available for portfolio demo contract use only.,Feature/path-level mapping row consolidated from Cell 7.6 validation metadata. This row does not execute transformation logic.,READY,
SAMPLE_PROFILE,MF::mo_sin_old_rev_tl_op,mo_sin_old_rev_tl_op,mo_sin_old_rev_tl_op,,MODEL_FEATURE,sample_profile__mo_sin_old_rev_tl_op,VALIDATION::SAMPLE_PROFILE__MO_SIN_OLD_REV_TL_OP__PAYLOAD_COMPLETENESS__PAYLOAD_COMPLETENESS__001,NORMALIZATION::SAMPLE_PROFILE::MO_SIN_OLD_REV_TL_OP,MAPPING::SAMPLE_PROFILE::MO_SIN_OLD_REV_TL_OP::SYNTHETIC_PROFILE_CANONICAL,sample_profile__mo_sin_old_rev_tl_op__synthetic_profile_canonical,SAMPLE_PROFILE::mo_sin_old_rev_tl_op,SYNTHETIC_PROFILE_CANONICAL,SYNTHETIC_PROFILE_CANONICAL_FIELD,INPUT_OR_CONTRACT_FIELD_TO_CANONICAL_TARGET,mo_sin_old_rev_tl_op,mo_sin_old_rev_tl_op,True,True,True,True,False,,CANONICAL_TARGET_MAPPED,False,False,,DECLARED_ONLY_CANONICAL_VALUE_REFERENCE,False,NOT_AVAILABLE_IN_CELL_7_7_METADATA_CONTRACT,False,DECLARED_ONLY_NO_RUNTIME_TRANSFORMATION,"Normalization or transformation requirements are declared as metadata only. Cell 7.7 does not execute normalization, encoding, imputation, scaling, feature engineering, or payload assembly.",False,True,False,False,synthetic_profile,False,False,False,False,True,"['MISSING_POLICY', 'MODE_GUARDRAIL', 'PAYLOAD_COMPLETENESS', 'TYPE_CHECK']",4,CANONICAL_VECTOR_REFERENCE_AVAILABLE,INFO,Canonical mapping is available for portfolio demo contract use only.,Feature/path-level mapping row consolidated from Cell 7.6 validation metadata. This row does not execute transformation logic.,READY,
SAMPLE_PROFILE,MF::mo_sin_old_rev_tl_op_missing_flag,mo_sin_old_rev_tl_op_missing_flag,mo_sin_old_rev_tl_op_missing_flag,,MODEL_FEATURE,sample_profile__mo_sin_old_rev_tl_op_missing_flag,VALIDATION::SAMPLE_PROFILE__MO_SIN_OLD_REV_TL_OP_MISSING_FLAG__PAYLOAD_COMPLETENESS__PAYLOAD_COMPLETENESS__001,NORMALIZATION::SAMPLE_PROFILE::MO_SIN_OLD_REV_TL_OP_MISSING_FLAG,MAPPING::SAMPLE_PROFILE::MO_SIN_OLD_REV_TL_OP_MISSING_FLAG::SYNTHETIC_PROFILE_CANONICAL,sample_profile__mo_sin_old_rev_tl_op_missing_flag__synthetic_profile_canonical,SAMPLE_PROFILE::mo_sin_old_rev_tl_op_missing_flag,SYNTHETIC_PROFILE_CANONICAL,SYNTHETIC_PROFILE_CANONICAL_FIELD,INPUT_OR_CONTRACT_FIELD_TO_CANONICAL_TARGET,mo_sin_old_rev_tl_op_missing_flag,mo_sin_old_rev_tl_op_missing_flag,True,True,True,True,False,,CANONICAL_TARGET_MAPPED,False,False,,DECLARED_ONLY_CANONICAL_VALUE_REFERENCE,False,NOT_AVAILABLE_IN_CELL_7_7_METADATA_CONTRACT,False,DECLARED_ONLY_NO_RUNTIME_TRANSFORMATION,"Normalization or transformation requirements are declared as metadata only. Cell 7.7 does not execute normalization, encoding, imputation, scaling, feature engineering, or payload assembly.",False,True,False,False,synthetic_profile,False,False,False,False,True,"['MISSING_POLICY', 'MODE_GUARDRAIL', 'PAYLOAD_COMPLETENESS', 'TYPE_CHECK']",4,CANONICAL_VECTOR_REFERENCE_AVAILABLE,INFO,Canonical mapping is available for portfolio demo contract use only.,Feature/path-level mapping row consolidated from Cell 7.6 validation metadata. This row does not execute transformation logic.,READY,
SAMPLE_PROFILE,MF::mo_sin_rcnt_rev_tl_op,mo_sin_rcnt_rev_tl_op,mo_sin_rcnt_rev_tl_op,,MODEL_FEATURE,sample_profile__mo_sin_rcnt_rev_tl_op,VALIDATION::SAMPLE_PROFILE__MO_SIN_RCNT_REV_TL_OP__PAYLOAD_COMPLETENESS__PAYLOAD_COMPLETENESS__001,NORMALIZATION::SAMPLE_PROFILE::MO_SIN_RCNT_REV_TL_OP,MAPPING::SAMPLE_PROFILE::MO_SIN_RCNT_REV_TL_OP::SYNTHETIC_PROFILE_CANONICAL,sample_profile__mo_sin_rcnt_rev_tl_op__synthetic_profile_canonical,SAMPLE_PROFILE::mo_sin_rcnt_rev_tl_op,SYNTHETIC_PROFILE_CANONICAL,SYNTHETIC_PROFILE_CANONICAL_FIELD,INPUT_OR_CONTRACT_FIELD_TO_CANONICAL_TARGET,mo_sin_rcnt_rev_tl_op,mo_sin_rcnt_rev_tl_op,True,True,True,True,False,,CANONICAL_TARGET_MAPPED,False,False,,DECLARED_ONLY_CANONICAL_VALUE_REFERENCE,False,NOT_AVAILABLE_IN_CELL_7_7_METADATA_CONTRACT,False,DECLARED_ONLY_NO_RUNTIME_TRANSFORMATION,"Normalization or transformation requirements are declared as metadata only. Cell 7.7 does not execute normalization, encoding, imputation, scaling, feature engineering, or payload assembly.",False,True,False,False,synthetic_profile,False,False,False,False,True,"['MISSING_POLICY', 'MODE_GUARDRAIL', 'PAYLOAD_COMPLETENESS', 'TYPE_CHECK']",4,CANONICAL_VECTOR_REFERENCE_AVAILABLE,INFO,Canonical mapping is available for portfolio demo contract use only.,Feature/path-level mapping row consolidated from Cell 7.6 validation metadata. This row does not execute transformation logic.,READY,
SAMPLE_PROFILE,MF::mo_sin_rcnt_rev_tl_op_missing_flag,mo_sin_rcnt_rev_tl_op_missing_flag,mo_sin_rcnt_rev_tl_op_missing_flag,,MODEL_FEATURE,sample_profile__mo_sin_rcnt_rev_tl_op_missing_flag,VALIDATION::SAMPLE_PROFILE__MO_SIN_RCNT_REV_TL_OP_MISSING_FLAG__PAYLOAD_COMPLETENESS__PAYLOAD_COMPLETENESS__001,NORMALIZATION::SAMPLE_PROFILE::MO_SIN_RCNT_REV_TL_OP_MISSING_FLAG,MAPPING::SAMPLE_PROFILE::MO_SIN_RCNT_REV_TL_OP_MISSING_FLAG::SYNTHETIC_PROFILE_CANONICAL,sample_profile__mo_sin_rcnt_rev_tl_op_missing_flag__synthetic_profile_canonical,SAMPLE_PROFILE::mo_sin_rcnt_rev_tl_op_missing_flag,SYNTHETIC_PROFILE_CANONICAL,SYNTHETIC_PROFILE_CANONICAL_FIELD,INPUT_OR_CONTRACT_FIELD_TO_CANONICAL_TARGET,mo_sin_rcnt_rev_tl_op_missing_flag,mo_sin_rcnt_rev_tl_op_missing_flag,True,True,True,True,False,,CANONICAL_TARGET_MAPPED,False,False,,DECLARED_ONLY_CANONICAL_VALUE_REFERENCE,False,NOT_AVAILABLE_IN_CELL_7_7_METADATA_CONTRACT,False,DECLARED_ONLY_NO_RUNTIME_TRANSFORMATION,"Normalization or transformation requirements are declared as metadata only. Cell 7.7 does not execute normalization, encoding, imputation, scaling, feature engineering, or payload assembly.",False,True,False,False,synthetic_profile,False,False,False,False,True,"['MISSING_POLICY', 'MODE_GUARDRAIL', 'PAYLOAD_COMPLETENESS', 'TYPE_CHECK']",4,CANONICAL_VECTOR_REFERENCE_AVAILABLE,INFO,Canonical mapping is available for portfolio demo contract use only.,Feature/path-level mapping row consolidated from Cell 7.6 validation metadata. This row does not execute transformation logic.,READY,
SAMPLE_PROFILE,MF::mort_acc,mort_acc,mort_acc,,MODEL_FEATURE,sample_profile__mort_acc,VALIDATION::SAMPLE_PROFILE__MORT_ACC__PAYLOAD_COMPLETENESS__PAYLOAD_COMPLETENESS__001,NORMALIZATION::SAMPLE_PROFILE::MORT_ACC,MAPPING::SAMPLE_PROFILE::MORT_ACC::SYNTHETIC_PROFILE_CANONICAL,sample_profile__mort_acc__synthetic_profile_canonical,SAMPLE_PROFILE::mort_acc,SYNTHETIC_PROFILE_CANONICAL,SYNTHETIC_PROFILE_CANONICAL_FIELD,INPUT_OR_CONTRACT_FIELD_TO_CANONICAL_TARGET,mort_acc,mort_acc,True,True,True,True,False,,CANONICAL_TARGET_MAPPED,False,False,,DECLARED_ONLY_CANONICAL_VALUE_REFERENCE,False,NOT_AVAILABLE_IN_CELL_7_7_METADATA_CONTRACT,False,DECLARED_ONLY_NO_RUNTIME_TRANSFORMATION,"Normalization or transformation requirements are declared as metadata only. Cell 7.7 does not execute normalization, encoding, imputation, scaling, feature engineering, or payload assembly.",False,True,False,False,synthetic_profile,False,False,False,False,True,"['MISSING_POLICY', 'MODE_GUARDRAIL', 'PAYLOAD_COMPLETENESS', 'TYPE_CHECK']",4,CANONICAL_VECTOR_REFERENCE_AVAILABLE,INFO,Canonical mapping is available for portfolio demo contract use only.,Feature/path-level mapping row consolidated from Cell 7.6 validation metadata. This row does not execute transformation logic.,READY,
SAMPLE_PROFILE,MF::mths_since_last_delinq,mths_since_last_delinq,mths_since_last_delinq,,MODEL_FEATURE,sample_profile__mths_since_last_delinq,VALIDATION::SAMPLE_PROFILE__MTHS_SINCE_LAST_DELINQ__PAYLOAD_COMPLETENESS__PAYLOAD_COMPLETENESS__001,NORMALIZATION::SAMPLE_PROFILE::MTHS_SINCE_LAST_DELINQ,MAPPING::SAMPLE_PROFILE::MTHS_SINCE_LAST_DELINQ::SYNTHETIC_PROFILE_CANONICAL,sample_profile__mths_since_last_delinq__synthetic_profile_canonical,SAMPLE_PROFILE::mths_since_last_delinq,SYNTHETIC_PROFILE_CANONICAL,SYNTHETIC_PROFILE_CANONICAL_FIELD,INPUT_OR_CONTRACT_FIELD_TO_CANONICAL_TARGET,mths_since_last_delinq,mths_since_last_delinq,True,True,True,True,False,,CANONICAL_TARGET_MAPPED,False,False,,DECLARED_ONLY_CANONICAL_VALUE_REFERENCE,False,NOT_AVAILABLE_IN_CELL_7_7_METADATA_CONTRACT,False,DECLARED_ONLY_NO_RUNTIME_TRANSFORMATION,"Normalization or transformation requirements are declared as metadata only. Cell 7.7 does not execute normalization, encoding, imputation, scaling, feature engineering, or payload assembly.",False,True,False,False,synthetic_profile,False,False,False,False,True,"['MISSING_POLICY', 'MODE_GUARDRAIL', 'PAYLOAD_COMPLETENESS', 'TYPE_CHECK']",4,CANONICAL_VECTOR_REFERENCE_AVAILABLE,INFO,Canonical mapping is available for portfolio demo contract use only.,Feature/path-level mapping row consolidated from Cell 7.6 validation metadata. This row does not execute transformation logic.,READY,
SAMPLE_PROFILE,MF::mths_since_last_delinq_missing_flag,mths_since_last_delinq_missing_flag,mths_since_last_delinq_missing_flag,,MODEL_FEATURE,sample_profile__mths_since_last_delinq_missing_flag,VALIDATION::SAMPLE_PROFILE__MTHS_SINCE_LAST_DELINQ_MISSING_FLAG__PAYLOAD_COMPLETENESS__PAYLOAD_COMPLETENESS__001,NORMALIZATION::SAMPLE_PROFILE::MTHS_SINCE_LAST_DELINQ_MISSING_FLAG,MAPPING::SAMPLE_PROFILE::MTHS_SINCE_LAST_DELINQ_MISSING_FLAG::SYNTHETIC_PROFILE_CANONICAL,sample_profile__mths_since_last_delinq_missing_flag__synthetic_profile_canonical,SAMPLE_PROFILE::mths_since_last_delinq_missing_flag,SYNTHETIC_PROFILE_CANONICAL,SYNTHETIC_PROFILE_CANONICAL_FIELD,INPUT_OR_CONTRACT_FIELD_TO_CANONICAL_TARGET,mths_since_last_delinq_missing_flag,mths_since_last_delinq_missing_flag,True,True,True,True,False,,CANONICAL_TARGET_MAPPED,False,False,,DECLARED_ONLY_CANONICAL_VALUE_REFERENCE,False,NOT_AVAILABLE_IN_CELL_7_7_METADATA_CONTRACT,False,DECLARED_ONLY_NO_RUNTIME_TRANSFORMATION,"Normalization or transformation requirements are declared as metadata only. Cell 7.7 does not execute normalization, encoding, imputation, scaling, feature engineering, or payload assembly.",False,True,False,False,synthetic_profile,False,False,False,False,True,"['MISSING_POLICY', 'MODE_GUARDRAIL', 'PAYLOAD_COMPLETENESS', 'TYPE_CHECK']",4,CANONICAL_VECTOR_REFERENCE_AVAILABLE,INFO,Canonical mapping is available for portfolio demo contract use only.,Feature/path-level mapping row consolidated from Cell 7.6 validation metadata. This row does not execute transformation logic.,READY,
SAMPLE_PROFILE,MF::num_actv_bc_tl,num_actv_bc_tl,num_actv_bc_tl,,MODEL_FEATURE,sample_profile__num_actv_bc_tl,VALIDATION::SAMPLE_PROFILE__NUM_ACTV_BC_TL__PAYLOAD_COMPLETENESS__PAYLOAD_COMPLETENESS__001,NORMALIZATION::SAMPLE_PROFILE::NUM_ACTV_BC_TL,MAPPING::SAMPLE_PROFILE::NUM_ACTV_BC_TL::SYNTHETIC_PROFILE_CANONICAL,sample_profile__num_actv_bc_tl__synthetic_profile_canonical,SAMPLE_PROFILE::num_actv_bc_tl,SYNTHETIC_PROFILE_CANONICAL,SYNTHETIC_PROFILE_CANONICAL_FIELD,INPUT_OR_CONTRACT_FIELD_TO_CANONICAL_TARGET,num_actv_bc_tl,num_actv_bc_tl,True,True,True,True,False,,CANONICAL_TARGET_MAPPED,False,False,,DECLARED_ONLY_CANONICAL_VALUE_REFERENCE,False,NOT_AVAILABLE_IN_CELL_7_7_METADATA_CONTRACT,False,DECLARED_ONLY_NO_RUNTIME_TRANSFORMATION,"Normalization or transformation requirements are declared as metadata only. Cell 7.7 does not execute normalization, encoding, imputation, scaling, feature engineering, or payload assembly.",False,True,False,False,synthetic_profile,False,False,False,False,True,"['MISSING_POLICY', 'MODE_GUARDRAIL', 'PAYLOAD_COMPLETENESS', 'TYPE_CHECK']",4,CANONICAL_VECTOR_REFERENCE_AVAILABLE,INFO,Canonical mapping is available for portfolio demo contract use only.,Feature/path-level mapping row consolidated from Cell 7.6 validation metadata. This row does not execute transformation logic.,READY,
SAMPLE_PROFILE,MF::open_acc,open_acc,open_acc,,MODEL_FEATURE,sample_profile__open_acc,VALIDATION::SAMPLE_PROFILE__OPEN_ACC__PAYLOAD_COMPLETENESS__PAYLOAD_COMPLETENESS__001,NORMALIZATION::SAMPLE_PROFILE::OPEN_ACC,MAPPING::SAMPLE_PROFILE::OPEN_ACC::SYNTHETIC_PROFILE_CANONICAL,sample_profile__open_acc__synthetic_profile_canonical,SAMPLE_PROFILE::open_acc,SYNTHETIC_PROFILE_CANONICAL,SYNTHETIC_PROFILE_CANONICAL_FIELD,INPUT_OR_CONTRACT_FIELD_TO_CANONICAL_TARGET,open_acc,open_acc,True,True,True,True,False,,CANONICAL_TARGET_MAPPED,False,False,,DECLARED_ONLY_CANONICAL_VALUE_REFERENCE,False,NOT_AVAILABLE_IN_CELL_7_7_METADATA_CONTRACT,False,DECLARED_ONLY_NO_RUNTIME_TRANSFORMATION,"Normalization or transformation requirements are declared as metadata only. Cell 7.7 does not execute normalization, encoding, imputation, scaling, feature engineering, or payload assembly.",False,True,False,False,synthetic_profile,False,False,False,False,True,"['MISSING_POLICY', 'MODE_GUARDRAIL', 'PAYLOAD_COMPLETENESS', 'TYPE_CHECK']",4,CANONICAL_VECTOR_REFERENCE_AVAILABLE,INFO,Canonical mapping is available for portfolio demo contract use only.,Feature/path-level mapping row consolidated from Cell 7.6 validation metadata. This row does not execute transformation logic.,READY,
SAMPLE_PROFILE,MF::payment_to_income,payment_to_income,payment_to_income,,MODEL_FEATURE,sample_profile__payment_to_income,VALIDATION::SAMPLE_PROFILE__PAYMENT_TO_INCOME__PAYLOAD_COMPLETENESS__PAYLOAD_COMPLETENESS__001,NORMALIZATION::SAMPLE_PROFILE::PAYMENT_TO_INCOME,MAPPING::SAMPLE_PROFILE::PAYMENT_TO_INCOME::SYNTHETIC_PROFILE_CANONICAL,sample_profile__payment_to_income__synthetic_profile_canonical,SAMPLE_PROFILE::payment_to_income,SYNTHETIC_PROFILE_CANONICAL,SYNTHETIC_PROFILE_CANONICAL_FIELD,INPUT_OR_CONTRACT_FIELD_TO_CANONICAL_TARGET,payment_to_income,payment_to_income,True,True,True,True,False,,CANONICAL_TARGET_MAPPED,False,False,,DECLARED_ONLY_CANONICAL_VALUE_REFERENCE,False,NOT_AVAILABLE_IN_CELL_7_7_METADATA_CONTRACT,False,DECLARED_ONLY_NO_RUNTIME_TRANSFORMATION,"Normalization or transformation requirements are declared as metadata only. Cell 7.7 does not execute normalization, encoding, imputation, scaling, feature engineering, or payload assembly.",False,True,False,False,synthetic_profile,False,False,False,False,True,"['MISSING_POLICY', 'MODE_GUARDRAIL', 'PAYLOAD_COMPLETENESS', 'TYPE_CHECK']",4,CANONICAL_VECTOR_REFERENCE_AVAILABLE,INFO,Canonical mapping is available for portfolio demo contract use only.,Feature/path-level mapping row consolidated from Cell 7.6 validation metadata. This row does not execute transformation logic.,READY,
SAMPLE_PROFILE,MF::pct_tl_nvr_dlq,pct_tl_nvr_dlq,pct_tl_nvr_dlq,,MODEL_FEATURE,sample_profile__pct_tl_nvr_dlq,VALIDATION::SAMPLE_PROFILE__PCT_TL_NVR_DLQ__PAYLOAD_COMPLETENESS__PAYLOAD_COMPLETENESS__001,NORMALIZATION::SAMPLE_PROFILE::PCT_TL_NVR_DLQ,MAPPING::SAMPLE_PROFILE::PCT_TL_NVR_DLQ::SYNTHETIC_PROFILE_CANONICAL,sample_profile__pct_tl_nvr_dlq__synthetic_profile_canonical,SAMPLE_PROFILE::pct_tl_nvr_dlq,SYNTHETIC_PROFILE_CANONICAL,SYNTHETIC_PROFILE_CANONICAL_FIELD,INPUT_OR_CONTRACT_FIELD_TO_CANONICAL_TARGET,pct_tl_nvr_dlq,pct_tl_nvr_dlq,True,True,True,True,False,,CANONICAL_TARGET_MAPPED,False,False,,DECLARED_ONLY_CANONICAL_VALUE_REFERENCE,False,NOT_AVAILABLE_IN_CELL_7_7_METADATA_CONTRACT,False,DECLARED_ONLY_NO_RUNTIME_TRANSFORMATION,"Normalization or transformation requirements are declared as metadata only. Cell 7.7 does not execute normalization, encoding, imputation, scaling, feature engineering, or payload assembly.",False,True,False,False,synthetic_profile,False,False,False,False,True,"['MISSING_POLICY', 'MODE_GUARDRAIL', 'PAYLOAD_COMPLETENESS', 'TYPE_CHECK']",4,CANONICAL_VECTOR_REFERENCE_AVAILABLE,INFO,Canonical mapping is available for portfolio demo contract use only.,Feature/path-level mapping row consolidated from Cell 7.6 validation metadata. This row does not execute transformation logic.,READY,
SAMPLE_PROFILE,MF::pub_rec,pub_rec,pub_rec,,MODEL_FEATURE,sample_profile__pub_rec,VALIDATION::SAMPLE_PROFILE__PUB_REC__PAYLOAD_COMPLETENESS__PAYLOAD_COMPLETENESS__001,NORMALIZATION::SAMPLE_PROFILE::PUB_REC,MAPPING::SAMPLE_PROFILE::PUB_REC::SYNTHETIC_PROFILE_CANONICAL,sample_profile__pub_rec__synthetic_profile_canonical,SAMPLE_PROFILE::pub_rec,SYNTHETIC_PROFILE_CANONICAL,SYNTHETIC_PROFILE_CANONICAL_FIELD,INPUT_OR_CONTRACT_FIELD_TO_CANONICAL_TARGET,pub_rec,pub_rec,True,True,True,True,False,,CANONICAL_TARGET_MAPPED,False,False,,DECLARED_ONLY_CANONICAL_VALUE_REFERENCE,False,NOT_AVAILABLE_IN_CELL_7_7_METADATA_CONTRACT,False,DECLARED_ONLY_NO_RUNTIME_TRANSFORMATION,"Normalization or transformation requirements are declared as metadata only. Cell 7.7 does not execute normalization, encoding, imputation, scaling, feature engineering, or payload assembly.",False,True,False,False,synthetic_profile,False,False,False,False,True,"['MISSING_POLICY', 'MODE_GUARDRAIL', 'PAYLOAD_COMPLETENESS', 'TYPE_CHECK']",4,CANONICAL_VECTOR_REFERENCE_AVAILABLE,INFO,Canonical mapping is available for portfolio demo contract use only.,Feature/path-level mapping row consolidated from Cell 7.6 validation metadata. This row does not execute transformation logic.,READY,
SAMPLE_PROFILE,MF::pub_rec_bankruptcies,pub_rec_bankruptcies,pub_rec_bankruptcies,,MODEL_FEATURE,sample_profile__pub_rec_bankruptcies,VALIDATION::SAMPLE_PROFILE__PUB_REC_BANKRUPTCIES__PAYLOAD_COMPLETENESS__PAYLOAD_COMPLETENESS__001,NORMALIZATION::SAMPLE_PROFILE::PUB_REC_BANKRUPTCIES,MAPPING::SAMPLE_PROFILE::PUB_REC_BANKRUPTCIES::SYNTHETIC_PROFILE_CANONICAL,sample_profile__pub_rec_bankruptcies__synthetic_profile_canonical,SAMPLE_PROFILE::pub_rec_bankruptcies,SYNTHETIC_PROFILE_CANONICAL,SYNTHETIC_PROFILE_CANONICAL_FIELD,INPUT_OR_CONTRACT_FIELD_TO_CANONICAL_TARGET,pub_rec_bankruptcies,pub_rec_bankruptcies,True,True,True,True,False,,CANONICAL_TARGET_MAPPED,False,False,,DECLARED_ONLY_CANONICAL_VALUE_REFERENCE,False,NOT_AVAILABLE_IN_CELL_7_7_METADATA_CONTRACT,False,DECLARED_ONLY_NO_RUNTIME_TRANSFORMATION,"Normalization or transformation requirements are declared as metadata only. Cell 7.7 does not execute normalization, encoding, imputation, scaling, feature engineering, or payload assembly.",False,True,False,False,synthetic_profile,False,False,False,False,True,"['MISSING_POLICY', 'MODE_GUARDRAIL', 'PAYLOAD_COMPLETENESS', 'TYPE_CHECK']",4,CANONICAL_VECTOR_REFERENCE_AVAILABLE,INFO,Canonical mapping is available for portfolio demo contract use only.,Feature/path-level mapping row consolidated from Cell 7.6 validation metadata. This row does not execute transformation logic.,READY,
SAMPLE_PROFILE,MF::pub_rec_flag,pub_rec_flag,pub_rec_flag,,MODEL_FEATURE,sample_profile__pub_rec_flag,VALIDATION::SAMPLE_PROFILE__PUB_REC_FLAG__PAYLOAD_COMPLETENESS__PAYLOAD_COMPLETENESS__001,NORMALIZATION::SAMPLE_PROFILE::PUB_REC_FLAG,MAPPING::SAMPLE_PROFILE::PUB_REC_FLAG::SYNTHETIC_PROFILE_CANONICAL,sample_profile__pub_rec_flag__synthetic_profile_canonical,SAMPLE_PROFILE::pub_rec_flag,SYNTHETIC_PROFILE_CANONICAL,SYNTHETIC_PROFILE_CANONICAL_FIELD,INPUT_OR_CONTRACT_FIELD_TO_CANONICAL_TARGET,pub_rec_flag,pub_rec_flag,True,True,True,True,False,,CANONICAL_TARGET_MAPPED,False,False,,DECLARED_ONLY_CANONICAL_VALUE_REFERENCE,False,NOT_AVAILABLE_IN_CELL_7_7_METADATA_CONTRACT,False,DECLARED_ONLY_NO_RUNTIME_TRANSFORMATION,"Normalization or transformation requirements are declared as metadata only. Cell 7.7 does not execute normalization, encoding, imputation, scaling, feature engineering, or payload assembly.",False,True,False,False,synthetic_profile,False,False,False,False,True,"['MISSING_POLICY', 'MODE_GUARDRAIL', 'PAYLOAD_COMPLETENESS', 'TYPE_CHECK']",4,CANONICAL_VECTOR_REFERENCE_AVAILABLE,INFO,Canonical mapping is available for portfolio demo contract use only.,Feature/path-level mapping row consolidated from Cell 7.6 validation metadata. This row does not execute transformation logic.,READY,
SAMPLE_PROFILE,MF::purpose,purpose,purpose,,MODEL_FEATURE,sample_profile__purpose,VALIDATION::SAMPLE_PROFILE__PURPOSE__PAYLOAD_COMPLETENESS__PAYLOAD_COMPLETENESS__001,NORMALIZATION::SAMPLE_PROFILE::PURPOSE,MAPPING::SAMPLE_PROFILE::PURPOSE::SYNTHETIC_PROFILE_CANONICAL,sample_profile__purpose__synthetic_profile_canonical,SAMPLE_PROFILE::purpose,SYNTHETIC_PROFILE_CANONICAL,SYNTHETIC_PROFILE_CANONICAL_FIELD,INPUT_OR_CONTRACT_FIELD_TO_CANONICAL_TARGET,purpose,purpose,True,True,True,True,False,,CANONICAL_TARGET_MAPPED,False,False,,DECLARED_ONLY_CANONICAL_VALUE_REFERENCE,False,NOT_AVAILABLE_IN_CELL_7_7_METADATA_CONTRACT,False,DECLARED_ONLY_NO_RUNTIME_TRANSFORMATION,"Normalization or transformation requirements are declared as metadata only. Cell 7.7 does not execute normalization, encoding, imputation, scaling, feature engineering, or payload assembly.",False,True,False,False,synthetic_profile,False,False,False,False,True,"['MISSING_POLICY', 'MODE_GUARDRAIL', 'PAYLOAD_COMPLETENESS', 'TYPE_CHECK']",4,CANONICAL_VECTOR_REFERENCE_AVAILABLE,INFO,Canonical mapping is available for portfolio demo contract use only.,Feature/path-level mapping row consolidated from Cell 7.6 validation metadata. This row does not execute transformation logic.,READY,
SAMPLE_PROFILE,MF::revol_bal,revol_bal,revol_bal,,MODEL_FEATURE,sample_profile__revol_bal,VALIDATION::SAMPLE_PROFILE__REVOL_BAL__PAYLOAD_COMPLETENESS__PAYLOAD_COMPLETENESS__001,NORMALIZATION::SAMPLE_PROFILE::REVOL_BAL,MAPPING::SAMPLE_PROFILE::REVOL_BAL::SYNTHETIC_PROFILE_CANONICAL,sample_profile__revol_bal__synthetic_profile_canonical,SAMPLE_PROFILE::revol_bal,SYNTHETIC_PROFILE_CANONICAL,SYNTHETIC_PROFILE_CANONICAL_FIELD,INPUT_OR_CONTRACT_FIELD_TO_CANONICAL_TARGET,revol_bal,revol_bal,True,True,True,True,False,,CANONICAL_TARGET_MAPPED,False,False,,DECLARED_ONLY_CANONICAL_VALUE_REFERENCE,False,NOT_AVAILABLE_IN_CELL_7_7_METADATA_CONTRACT,False,DECLARED_ONLY_NO_RUNTIME_TRANSFORMATION,"Normalization or transformation requirements are declared as metadata only. Cell 7.7 does not execute normalization, encoding, imputation, scaling, feature engineering, or payload assembly.",False,True,False,False,synthetic_profile,False,False,False,False,True,"['MISSING_POLICY', 'MODE_GUARDRAIL', 'PAYLOAD_COMPLETENESS', 'TYPE_CHECK']",4,CANONICAL_VECTOR_REFERENCE_AVAILABLE,INFO,Canonical mapping is available for portfolio demo contract use only.,Feature/path-level mapping row consolidated from Cell 7.6 validation metadata. This row does not execute transformation logic.,READY,
SAMPLE_PROFILE,MF::revol_util,revol_util,revol_util,,MODEL_FEATURE,sample_profile__revol_util,VALIDATION::SAMPLE_PROFILE__REVOL_UTIL__PAYLOAD_COMPLETENESS__PAYLOAD_COMPLETENESS__001,NORMALIZATION::SAMPLE_PROFILE::REVOL_UTIL,MAPPING::SAMPLE_PROFILE::REVOL_UTIL::SYNTHETIC_PROFILE_CANONICAL,sample_profile__revol_util__synthetic_profile_canonical,SAMPLE_PROFILE::revol_util,SYNTHETIC_PROFILE_CANONICAL,SYNTHETIC_PROFILE_CANONICAL_FIELD,INPUT_OR_CONTRACT_FIELD_TO_CANONICAL_TARGET,revol_util,revol_util,True,True,True,True,False,,CANONICAL_TARGET_MAPPED,False,False,,DECLARED_ONLY_CANONICAL_VALUE_REFERENCE,False,NOT_AVAILABLE_IN_CELL_7_7_METADATA_CONTRACT,False,DECLARED_ONLY_NO_RUNTIME_TRANSFORMATION,"Normalization or transformation requirements are declared as metadata only. Cell 7.7 does not execute normalization, encoding, imputation, scaling, feature engineering, or payload assembly.",False,True,False,False,synthetic_profile,False,False,False,False,True,"['MISSING_POLICY', 'MODE_GUARDRAIL', 'PAYLOAD_COMPLETENESS', 'TYPE_CHECK']",4,CANONICAL_VECTOR_REFERENCE_AVAILABLE,INFO,Canonical mapping is available for portfolio demo contract use only.,Feature/path-level mapping row consolidated from Cell 7.6 validation metadata. This row does not execute transformation logic.,READY,
SAMPLE_PROFILE,MF::term_months,term_months,term_months,,MODEL_FEATURE,sample_profile__term_months,VALIDATION::SAMPLE_PROFILE__TERM_MONTHS__PAYLOAD_COMPLETENESS__PAYLOAD_COMPLETENESS__001,NORMALIZATION::SAMPLE_PROFILE::TERM_MONTHS,MAPPING::SAMPLE_PROFILE::TERM_MONTHS::SYNTHETIC_PROFILE_CANONICAL,sample_profile__term_months__synthetic_profile_canonical,SAMPLE_PROFILE::term_months,SYNTHETIC_PROFILE_CANONICAL,SYNTHETIC_PROFILE_CANONICAL_FIELD,INPUT_OR_CONTRACT_FIELD_TO_CANONICAL_TARGET,term_months,term_months,True,True,True,True,False,,CANONICAL_TARGET_MAPPED,False,False,,DECLARED_ONLY_CANONICAL_VALUE_REFERENCE,False,NOT_AVAILABLE_IN_CELL_7_7_METADATA_CONTRACT,False,DECLARED_ONLY_NO_RUNTIME_TRANSFORMATION,"Normalization or transformation requirements are declared as metadata only. Cell 7.7 does not execute normalization, encoding, imputation, scaling, feature engineering, or payload assembly.",False,True,False,False,synthetic_profile,False,False,False,False,True,"['MISSING_POLICY', 'MODE_GUARDRAIL', 'PAYLOAD_COMPLETENESS', 'TYPE_CHECK']",4,CANONICAL_VECTOR_REFERENCE_AVAILABLE,INFO,Canonical mapping is available for portfolio demo contract use only.,Feature/path-level mapping row consolidated from Cell 7.6 validation metadata. This row does not execute transformation logic.,READY,
SAMPLE_PROFILE,MF::tot_cur_bal,tot_cur_bal,tot_cur_bal,,MODEL_FEATURE,sample_profile__tot_cur_bal,VALIDATION::SAMPLE_PROFILE__TOT_CUR_BAL__PAYLOAD_COMPLETENESS__PAYLOAD_COMPLETENESS__001,NORMALIZATION::SAMPLE_PROFILE::TOT_CUR_BAL,MAPPING::SAMPLE_PROFILE::TOT_CUR_BAL::SYNTHETIC_PROFILE_CANONICAL,sample_profile__tot_cur_bal__synthetic_profile_canonical,SAMPLE_PROFILE::tot_cur_bal,SYNTHETIC_PROFILE_CANONICAL,SYNTHETIC_PROFILE_CANONICAL_FIELD,INPUT_OR_CONTRACT_FIELD_TO_CANONICAL_TARGET,tot_cur_bal,tot_cur_bal,True,True,True,True,False,,CANONICAL_TARGET_MAPPED,False,False,,DECLARED_ONLY_CANONICAL_VALUE_REFERENCE,False,NOT_AVAILABLE_IN_CELL_7_7_METADATA_CONTRACT,False,DECLARED_ONLY_NO_RUNTIME_TRANSFORMATION,"Normalization or transformation requirements are declared as metadata only. Cell 7.7 does not execute normalization, encoding, imputation, scaling, feature engineering, or payload assembly.",False,True,False,False,synthetic_profile,False,False,False,False,True,"['MISSING_POLICY', 'MODE_GUARDRAIL', 'PAYLOAD_COMPLETENESS', 'TYPE_CHECK']",4,CANONICAL_VECTOR_REFERENCE_AVAILABLE,INFO,Canonical mapping is available for portfolio demo contract use only.,Feature/path-level mapping row consolidated from Cell 7.6 validation metadata. This row does not execute transformation logic.,READY,
SAMPLE_PROFILE,MF::total_acc,total_acc,total_acc,,MODEL_FEATURE,sample_profile__total_acc,VALIDATION::SAMPLE_PROFILE__TOTAL_ACC__PAYLOAD_COMPLETENESS__PAYLOAD_COMPLETENESS__001,NORMALIZATION::SAMPLE_PROFILE::TOTAL_ACC,MAPPING::SAMPLE_PROFILE::TOTAL_ACC::SYNTHETIC_PROFILE_CANONICAL,sample_profile__total_acc__synthetic_profile_canonical,SAMPLE_PROFILE::total_acc,SYNTHETIC_PROFILE_CANONICAL,SYNTHETIC_PROFILE_CANONICAL_FIELD,INPUT_OR_CONTRACT_FIELD_TO_CANONICAL_TARGET,total_acc,total_acc,True,True,True,True,False,,CANONICAL_TARGET_MAPPED,False,False,,DECLARED_ONLY_CANONICAL_VALUE_REFERENCE,False,NOT_AVAILABLE_IN_CELL_7_7_METADATA_CONTRACT,False,DECLARED_ONLY_NO_RUNTIME_TRANSFORMATION,"Normalization or transformation requirements are declared as metadata only. Cell 7.7 does not execute normalization, encoding, imputation, scaling, feature engineering, or payload assembly.",False,True,False,False,synthetic_profile,False,False,False,False,True,"['MISSING_POLICY', 'MODE_GUARDRAIL', 'PAYLOAD_COMPLETENESS', 'TYPE_CHECK']",4,CANONICAL_VECTOR_REFERENCE_AVAILABLE,INFO,Canonical mapping is available for portfolio demo contract use only.,Feature/path-level mapping row consolidated from Cell 7.6 validation metadata. This row does not execute transformation logic.,READY,
SAMPLE_PROFILE,MF::total_rev_hi_lim,total_rev_hi_lim,total_rev_hi_lim,,MODEL_FEATURE,sample_profile__total_rev_hi_lim,VALIDATION::SAMPLE_PROFILE__TOTAL_REV_HI_LIM__PAYLOAD_COMPLETENESS__PAYLOAD_COMPLETENESS__001,NORMALIZATION::SAMPLE_PROFILE::TOTAL_REV_HI_LIM,MAPPING::SAMPLE_PROFILE::TOTAL_REV_HI_LIM::SYNTHETIC_PROFILE_CANONICAL,sample_profile__total_rev_hi_lim__synthetic_profile_canonical,SAMPLE_PROFILE::total_rev_hi_lim,SYNTHETIC_PROFILE_CANONICAL,SYNTHETIC_PROFILE_CANONICAL_FIELD,INPUT_OR_CONTRACT_FIELD_TO_CANONICAL_TARGET,total_rev_hi_lim,total_rev_hi_lim,True,True,True,True,False,,CANONICAL_TARGET_MAPPED,False,False,,DECLARED_ONLY_CANONICAL_VALUE_REFERENCE,False,NOT_AVAILABLE_IN_CELL_7_7_METADATA_CONTRACT,False,DECLARED_ONLY_NO_RUNTIME_TRANSFORMATION,"Normalization or transformation requirements are declared as metadata only. Cell 7.7 does not execute normalization, encoding, imputation, scaling, feature engineering, or payload assembly.",False,True,False,False,synthetic_profile,False,False,False,False,True,"['MISSING_POLICY', 'MODE_GUARDRAIL', 'PAYLOAD_COMPLETENESS', 'TYPE_CHECK']",4,CANONICAL_VECTOR_REFERENCE_AVAILABLE,INFO,Canonical mapping is available for portfolio demo contract use only.,Feature/path-level mapping row consolidated from Cell 7.6 validation metadata. This row does not execute transformation logic.,READY,
SAMPLE_PROFILE,MF::util_to_fico_ratio,util_to_fico_ratio,util_to_fico_ratio,,MODEL_FEATURE,sample_profile__util_to_fico_ratio,VALIDATION::SAMPLE_PROFILE__UTIL_TO_FICO_RATIO__PAYLOAD_COMPLETENESS__PAYLOAD_COMPLETENESS__001,NORMALIZATION::SAMPLE_PROFILE::UTIL_TO_FICO_RATIO,MAPPING::SAMPLE_PROFILE::UTIL_TO_FICO_RATIO::SYNTHETIC_PROFILE_CANONICAL,sample_profile__util_to_fico_ratio__synthetic_profile_canonical,SAMPLE_PROFILE::util_to_fico_ratio,SYNTHETIC_PROFILE_CANONICAL,SYNTHETIC_PROFILE_CANONICAL_FIELD,INPUT_OR_CONTRACT_FIELD_TO_CANONICAL_TARGET,util_to_fico_ratio,util_to_fico_ratio,True,True,True,True,False,,CANONICAL_TARGET_MAPPED,False,False,,DECLARED_ONLY_CANONICAL_VALUE_REFERENCE,False,NOT_AVAILABLE_IN_CELL_7_7_METADATA_CONTRACT,False,DECLARED_ONLY_NO_RUNTIME_TRANSFORMATION,"Normalization or transformation requirements are declared as metadata only. Cell 7.7 does not execute normalization, encoding, imputation, scaling, feature engineering, or payload assembly.",False,True,False,False,synthetic_profile,False,False,False,False,True,"['MISSING_POLICY', 'MODE_GUARDRAIL', 'PAYLOAD_COMPLETENESS', 'TYPE_CHECK']",4,CANONICAL_VECTOR_REFERENCE_AVAILABLE,INFO,Canonical mapping is available for portfolio demo contract use only.,Feature/path-level mapping row consolidated from Cell 7.6 validation metadata. This row does not execute transformation logic.,READY,
SAMPLE_PROFILE,MF::verification_encoded,verification_encoded,verification_encoded,,MODEL_FEATURE,sample_profile__verification_encoded,VALIDATION::SAMPLE_PROFILE__VERIFICATION_ENCODED__PAYLOAD_COMPLETENESS__PAYLOAD_COMPLETENESS__001,NORMALIZATION::SAMPLE_PROFILE::VERIFICATION_ENCODED,MAPPING::SAMPLE_PROFILE::VERIFICATION_ENCODED::SYNTHETIC_PROFILE_CANONICAL,sample_profile__verification_encoded__synthetic_profile_canonical,SAMPLE_PROFILE::verification_encoded,SYNTHETIC_PROFILE_CANONICAL,SYNTHETIC_PROFILE_CANONICAL_FIELD,INPUT_OR_CONTRACT_FIELD_TO_CANONICAL_TARGET,verification_encoded,verification_encoded,True,True,True,True,False,,CANONICAL_TARGET_MAPPED,False,False,,DECLARED_ONLY_CANONICAL_VALUE_REFERENCE,False,NOT_AVAILABLE_IN_CELL_7_7_METADATA_CONTRACT,False,DECLARED_ONLY_NO_RUNTIME_TRANSFORMATION,"Normalization or transformation requirements are declared as metadata only. Cell 7.7 does not execute normalization, encoding, imputation, scaling, feature engineering, or payload assembly.",False,True,False,False,synthetic_profile,False,False,False,False,True,"['MISSING_POLICY', 'MODE_GUARDRAIL', 'PAYLOAD_COMPLETENESS', 'TYPE_CHECK']",4,CANONICAL_VECTOR_REFERENCE_AVAILABLE,INFO,Canonical mapping is available for portfolio demo contract use only.,Feature/path-level mapping row consolidated from Cell 7.6 validation metadata. This row does not execute transformation logic.,READY,
ADVANCED_EDITOR,MF::acc_open_past_24mths,acc_open_past_24mths,acc_open_past_24mths,,MODEL_FEATURE,advanced_editor__acc_open_past_24mths,VALIDATION::ADVANCED_EDITOR__ACC_OPEN_PAST_24MTHS__NORMALIZATION_HANDOFF__DEFER_TO_CELL_7_7__007,NORMALIZATION::ADVANCED_EDITOR::ACC_OPEN_PAST_24MTHS,MAPPING::ADVANCED_EDITOR::ACC_OPEN_PAST_24MTHS::TECHNICAL_CANONICAL_EDITOR,advanced_editor__acc_open_past_24mths__technical_canonical_editor,ADVANCED_EDITOR::acc_open_past_24mths,TECHNICAL_CANONICAL_EDITOR,TECHNICAL_CANONICAL_EDITOR_FIELD,INPUT_OR_CONTRACT_FIELD_TO_CANONICAL_TARGET,acc_open_past_24mths,acc_open_past_24mths,True,True,True,True,False,,CANONICAL_TARGET_MAPPED,True,True,CELL_7_7,DECLARED_ONLY_CANONICAL_VALUE_REFERENCE,False,NOT_AVAILABLE_IN_CELL_7_7_METADATA_CONTRACT,True,DECLARED_ONLY_NO_RUNTIME_TRANSFORMATION,"Normalization or transformation requirements are declared as metadata only. Cell 7.7 does not execute normalization, encoding, imputation, scaling, feature engineering, or payload assembly.",False,True,False,False,canonical_feature,True,False,False,False,True,"['MISSING_POLICY', 'MODE_GUARDRAIL', 'NORMALIZATION_HANDOFF', 'TYPE_CHECK']",4,CANONICAL_VECTOR_REFERENCE_AVAILABLE,INFO,Canonical mapping is available for portfolio demo contract use only.,Feature/path-level mapping row consolidated from Cell 7.6 validation metadata. This row does not execute transformation logic.,READY,
ADVANCED_EDITOR,MF::bankruptcy_flag,bankruptcy_flag,bankruptcy_flag,,MODEL_FEATURE,advanced_editor__bankruptcy_flag,VALIDATION::ADVANCED_EDITOR__BANKRUPTCY_FLAG__NORMALIZATION_HANDOFF__DEFER_TO_CELL_7_7__006,NORMALIZATION::ADVANCED_EDITOR::BANKRUPTCY_FLAG,MAPPING::ADVANCED_EDITOR::BANKRUPTCY_FLAG::TECHNICAL_CANONICAL_EDITOR,advanced_editor__bankruptcy_flag__technical_canonical_editor,ADVANCED_EDITOR::bankruptcy_flag,TECHNICAL_CANONICAL_EDITOR,TECHNICAL_CANONICAL_EDITOR_FIELD,INPUT_OR_CONTRACT_FIELD_TO_CANONICAL_TARGET,bankruptcy_flag,bankruptcy_flag,True,True,True,True,False,,CANONICAL_TARGET_MAPPED,True,True,CELL_7_7,DECLARED_ONLY_CANONICAL_VALUE_REFERENCE,False,NOT_AVAILABLE_IN_CELL_7_7_METADATA_CONTRACT,True,DECLARED_ONLY_NO_RUNTIME_TRANSFORMATION,"Normalization or transformation requirements are declared as metadata only. Cell 7.7 does not execute normalization, encoding, imputation, scaling, feature engineering, or payload assembly.",False,True,False,False,canonical_feature,True,False,False,False,True,"['MISSING_POLICY', 'MODE_GUARDRAIL', 'NORMALIZATION_HANDOFF', 'TYPE_CHECK']",4,CANONICAL_VECTOR_REFERENCE_AVAILABLE,INFO,Canonical mapping is available for portfolio demo contract use only.,Feature/path-level mapping row consolidated from Cell 7.6 validation metadata. This row does not execute transformation logic.,READY,
ADVANCED_EDITOR,MF::bc_open_to_buy,bc_open_to_buy,bc_open_to_buy,,MODEL_FEATURE,advanced_editor__bc_open_to_buy,VALIDATION::ADVANCED_EDITOR__BC_OPEN_TO_BUY__NORMALIZATION_HANDOFF__DEFER_TO_CELL_7_7__006,NORMALIZATION::ADVANCED_EDITOR::BC_OPEN_TO_BUY,MAPPING::ADVANCED_EDITOR::BC_OPEN_TO_BUY::TECHNICAL_CANONICAL_EDITOR,advanced_editor__bc_open_to_buy__technical_canonical_editor,ADVANCED_EDITOR::bc_open_to_buy,TECHNICAL_CANONICAL_EDITOR,TECHNICAL_CANONICAL_EDITOR_FIELD,INPUT_OR_CONTRACT_FIELD_TO_CANONICAL_TARGET,bc_open_to_buy,bc_open_to_buy,True,True,True,True,False,,CANONICAL_TARGET_MAPPED,True,True,CELL_7_7,DECLARED_ONLY_CANONICAL_VALUE_REFERENCE,False,NOT_AVAILABLE_IN_CELL_7_7_METADATA_CONTRACT,True,DECLARED_ONLY_NO_RUNTIME_TRANSFORMATION,"Normalization or transformation requirements are declared as metadata only. Cell 7.7 does not execute normalization, encoding, imputation, scaling, feature engineering, or payload assembly.",False,True,False,False,canonical_feature,True,False,False,False,True,"['MISSING_POLICY', 'MODE_GUARDRAIL', 'NORMALIZATION_HANDOFF', 'TYPE_CHECK']",4,CANONICAL_VECTOR_REFERENCE_AVAILABLE,INFO,Canonical mapping is available for portfolio demo contract use only.,Feature/path-level mapping row consolidated from Cell 7.6 validation metadata. This row does not execute transformation logic.,READY,
ADVANCED_EDITOR,MF::bc_open_to_buy_missing_flag,bc_open_to_buy_missing_flag,bc_open_to_buy_missing_flag,,MODEL_FEATURE,advanced_editor__bc_open_to_buy_missing_flag,VALIDATION::ADVANCED_EDITOR__BC_OPEN_TO_BUY_MISSING_FLAG__NORMALIZATION_HANDOFF__DEFER_TO_CELL_7_7__006,NORMALIZATION::ADVANCED_EDITOR::BC_OPEN_TO_BUY_MISSING_FLAG,MAPPING::ADVANCED_EDITOR::BC_OPEN_TO_BUY_MISSING_FLAG::TECHNICAL_CANONICAL_EDITOR,advanced_editor__bc_open_to_buy_missing_flag__technical_canonical_editor,ADVANCED_EDITOR::bc_open_to_buy_missing_flag,TECHNICAL_CANONICAL_EDITOR,TECHNICAL_CANONICAL_EDITOR_FIELD,INPUT_OR_CONTRACT_FIELD_TO_CANONICAL_TARGET,bc_open_to_buy_missing_flag,bc_open_to_buy_missing_flag,True,True,True,True,False,,CANONICAL_TARGET_MAPPED,True,True,CELL_7_7,DECLARED_ONLY_CANONICAL_VALUE_REFERENCE,False,NOT_AVAILABLE_IN_CELL_7_7_METADATA_CONTRACT,True,DECLARED_ONLY_NO_RUNTIME_TRANSFORMATION,"Normalization or transformation requirements are declared as metadata only. Cell 7.7 does not execute normalization, encoding, imputation, scaling, feature engineering, or payload assembly.",False,True,False,False,canonical_feature,True,False,False,False,True,"['MISSING_POLICY', 'MODE_GUARDRAIL', 'NORMALIZATION_HANDOFF', 'TYPE_CHECK']",4,CANONICAL_VECTOR_REFERENCE_AVAILABLE,INFO,Canonical mapping is available for portfolio demo contract use only.,Feature/path-level mapping row consolidated from Cell 7.6 validation metadata. This row does not execute transformation logic.,READY,
ADVANCED_EDITOR,MF::bc_util,bc_util,bc_util,,MODEL_FEATURE,advanced_editor__bc_util,VALIDATION::ADVANCED_EDITOR__BC_UTIL__NORMALIZATION_HANDOFF__DEFER_TO_CELL_7_7__007,NORMALIZATION::ADVANCED_EDITOR::BC_UTIL,MAPPING::ADVANCED_EDITOR::BC_UTIL::TECHNICAL_CANONICAL_EDITOR,advanced_editor__bc_util__technical_canonical_editor,ADVANCED_EDITOR::bc_util,TECHNICAL_CANONICAL_EDITOR,TECHNICAL_CANONICAL_EDITOR_FIELD,INPUT_OR_CONTRACT_FIELD_TO_CANONICAL_TARGET,bc_util,bc_util,True,True,True,True,False,,CANONICAL_TARGET_MAPPED,True,True,CELL_7_7,DECLARED_ONLY_CANONICAL_VALUE_REFERENCE,False,NOT_AVAILABLE_IN_CELL_7_7_METADATA_CONTRACT,True,DECLARED_ONLY_NO_RUNTIME_TRANSFORMATION,"Normalization or transformation requirements are declared as metadata only. Cell 7.7 does not execute normalization, encoding, imputation, scaling, feature engineering, or payload assembly.",False,True,False,False,canonical_feature,True,False,False,False,True,"['MISSING_POLICY', 'MODE_GUARDRAIL', 'NORMALIZATION_HANDOFF', 'TYPE_CHECK']",4,CANONICAL_VECTOR_REFERENCE_AVAILABLE,INFO,Canonical mapping is available for portfolio demo contract use only.,Feature/path-level mapping row consolidated from Cell 7.6 validation metadata. This row does not execute transformation logic.,READY,
ADVANCED_EDITOR,MF::bc_util_missing_flag,bc_util_missing_flag,bc_util_missing_flag,,MODEL_FEATURE,advanced_editor__bc_util_missing_flag,VALIDATION::ADVANCED_EDITOR__BC_UTIL_MISSING_FLAG__NORMALIZATION_HANDOFF__DEFER_TO_CELL_7_7__006,NORMALIZATION::ADVANCED_EDITOR::BC_UTIL_MISSING_FLAG,MAPPING::ADVANCED_EDITOR::BC_UTIL_MISSING_FLAG::TECHNICAL_CANONICAL_EDITOR,advanced_editor__bc_util_missing_flag__technical_canonical_editor,ADVANCED_EDITOR::bc_util_missing_flag,TECHNICAL_CANONICAL_EDITOR,TECHNICAL_CANONICAL_EDITOR_FIELD,INPUT_OR_CONTRACT_FIELD_TO_CANONICAL_TARGET,bc_util_missing_flag,bc_util_missing_flag,True,True,True,True,False,,CANONICAL_TARGET_MAPPED,True,True,CELL_7_7,DECLARED_ONLY_CANONICAL_VALUE_REFERENCE,False,NOT_AVAILABLE_IN_CELL_7_7_METADATA_CONTRACT,True,DECLARED_ONLY_NO_RUNTIME_TRANSFORMATION,"Normalization or transformation requirements are declared as metadata only. Cell 7.7 does not execute normalization, encoding, imputation, scaling, feature engineering, or payload assembly.",False,True,False,False,canonical_feature,True,False,False,False,True,"['MISSING_POLICY', 'MODE_GUARDRAIL', 'NORMALIZATION_HANDOFF', 'TYPE_CHECK']",4,CANONICAL_VECTOR_REFERENCE_AVAILABLE,INFO,Canonical mapping is available for portfolio demo contract use only.,Feature/path-level mapping row consolidated from Cell 7.6 validation metadata. This row does not execute transformation logic.,READY,
ADVANCED_EDITOR,MF::debt_to_income_revol,debt_to_income_revol,debt_to_income_revol,,MODEL_FEATURE,advanced_editor__debt_to_income_revol,VALIDATION::ADVANCED_EDITOR__DEBT_TO_INCOME_REVOL__NORMALIZATION_HANDOFF__DEFER_TO_CELL_7_7__006,NORMALIZATION::ADVANCED_EDITOR::DEBT_TO_INCOME_REVOL,MAPPING::ADVANCED_EDITOR::DEBT_TO_INCOME_REVOL::TECHNICAL_CANONICAL_EDITOR,advanced_editor__debt_to_income_revol__technical_canonical_editor,ADVANCED_EDITOR::debt_to_income_revol,TECHNICAL_CANONICAL_EDITOR,TECHNICAL_CANONICAL_EDITOR_FIELD,INPUT_OR_CONTRACT_FIELD_TO_CANONICAL_TARGET,debt_to_income_revol,debt_to_income_revol,True,True,True,True,False,,CANONICAL_TARGET_MAPPED,True,True,CELL_7_7,DECLARED_ONLY_CANONICAL_VALUE_REFERENCE,False,NOT_AVAILABLE_IN_CELL_7_7_METADATA_CONTRACT,True,DECLARED_ONLY_NO_RUNTIME_TRANSFORMATION,"Normalization or transformation requirements are declared as metadata only. Cell 7.7 does not execute normalization, encoding, imputation, scaling, feature engineering, or payload assembly.",False,True,False,False,canonical_feature,True,False,False,False,True,"['MISSING_POLICY', 'MODE_GUARDRAIL', 'NORMALIZATION_HANDOFF', 'TYPE_CHECK']",4,CANONICAL_VECTOR_REFERENCE_AVAILABLE,INFO,Canonical mapping is available for portfolio demo contract use only.,Feature/path-level mapping row consolidated from Cell 7.6 validation metadata. This row does not execute transformation logic.,READY,
ADVANCED_EDITOR,MF::delinq_2yrs,delinq_2yrs,delinq_2yrs,,MODEL_FEATURE,advanced_editor__delinq_2yrs,VALIDATION::ADVANCED_EDITOR__DELINQ_2YRS__NORMALIZATION_HANDOFF__DEFER_TO_CELL_7_7__007,NORMALIZATION::ADVANCED_EDITOR::DELINQ_2YRS,MAPPING::ADVANCED_EDITOR::DELINQ_2YRS::TECHNICAL_CANONICAL_EDITOR,advanced_editor__delinq_2yrs__technical_canonical_editor,ADVANCED_EDITOR::delinq_2yrs,TECHNICAL_CANONICAL_EDITOR,TECHNICAL_CANONICAL_EDITOR_FIELD,INPUT_OR_CONTRACT_FIELD_TO_CANONICAL_TARGET,delinq_2yrs,delinq_2yrs,True,True,True,True,False,,CANONICAL_TARGET_MAPPED,True,True,CELL_7_7,DECLARED_ONLY_CANONICAL_VALUE_REFERENCE,False,NOT_AVAILABLE_IN_CELL_7_7_METADATA_CONTRACT,True,DECLARED_ONLY_NO_RUNTIME_TRANSFORMATION,"Normalization or transformation requirements are declared as metadata only. Cell 7.7 does not execute normalization, encoding, imputation, scaling, feature engineering, or payload assembly.",False,True,False,False,canonical_feature,True,False,False,False,True,"['MISSING_POLICY', 'MODE_GUARDRAIL', 'NORMALIZATION_HANDOFF', 'TYPE_CHECK']",4,CANONICAL_VECTOR_REFERENCE_AVAILABLE,INFO,Canonical mapping is available for portfolio demo contract use only.,Feature/path-level mapping row consolidated from Cell 7.6 validation metadata. This row does not execute transformation logic.,READY,
ADVANCED_EDITOR,MF::delinq_flag,delinq_flag,delinq_flag,,MODEL_FEATURE,advanced_editor__delinq_flag,VALIDATION::ADVANCED_EDITOR__DELINQ_FLAG__NORMALIZATION_HANDOFF__DEFER_TO_CELL_7_7__006,NORMALIZATION::ADVANCED_EDITOR::DELINQ_FLAG,MAPPING::ADVANCED_EDITOR::DELINQ_FLAG::TECHNICAL_CANONICAL_EDITOR,advanced_editor__delinq_flag__technical_canonical_editor,ADVANCED_EDITOR::delinq_flag,TECHNICAL_CANONICAL_EDITOR,TECHNICAL_CANONICAL_EDITOR_FIELD,INPUT_OR_CONTRACT_FIELD_TO_CANONICAL_TARGET,delinq_flag,delinq_flag,True,True,True,True,False,,CANONICAL_TARGET_MAPPED,True,True,CELL_7_7,DECLARED_ONLY_CANONICAL_VALUE_REFERENCE,False,NOT_AVAILABLE_IN_CELL_7_7_METADATA_CONTRACT,True,DECLARED_ONLY_NO_RUNTIME_TRANSFORMATION,"Normalization or transformation requirements are declared as metadata only. Cell 7.7 does not execute normalization, encoding, imputation, scaling, feature engineering, or payload assembly.",False,True,False,False,canonical_feature,True,False,False,False,True,"['MISSING_POLICY', 'MODE_GUARDRAIL', 'NORMALIZATION_HANDOFF', 'TYPE_CHECK']",4,CANONICAL_VECTOR_REFERENCE_AVAILABLE,INFO,Canonical mapping is available for portfolio demo contract use only.,Feature/path-level mapping row consolidated from Cell 7.6 validation metadata. This row does not execute transformation logic.,READY,
ADVANCED_EDITOR,MF::dti,dti,dti,,MODEL_FEATURE,advanced_editor__dti,VALIDATION::ADVANCED_EDITOR__DTI__NORMALIZATION_HANDOFF__DEFER_TO_CELL_7_7__007,NORMALIZATION::ADVANCED_EDITOR::DTI,MAPPING::ADVANCED_EDITOR::DTI::TECHNICAL_CANONICAL_EDITOR,advanced_editor__dti__technical_canonical_editor,ADVANCED_EDITOR::dti,TECHNICAL_CANONICAL_EDITOR,TECHNICAL_CANONICAL_EDITOR_FIELD,INPUT_OR_CONTRACT_FIELD_TO_CANONICAL_TARGET,dti,dti,True,True,True,True,False,,CANONICAL_TARGET_MAPPED,True,True,CELL_7_7,DECLARED_ONLY_CANONICAL_VALUE_REFERENCE,False,NOT_AVAILABLE_IN_CELL_7_7_METADATA_CONTRACT,True,DECLARED_ONLY_NO_RUNTIME_TRANSFORMATION,"Normalization or transformation requirements are declared as metadata only. Cell 7.7 does not execute normalization, encoding, imputation, scaling, feature engineering, or payload assembly.",False,True,False,False,canonical_feature,True,False,False,False,True,"['MISSING_POLICY', 'MODE_GUARDRAIL', 'NORMALIZATION_HANDOFF', 'TYPE_CHECK']",4,CANONICAL_VECTOR_REFERENCE_AVAILABLE,INFO,Canonical mapping is available for portfolio demo contract use only.,Feature/path-level mapping row consolidated from Cell 7.6 validation metadata. This row does not execute transformation logic.,READY,
ADVANCED_EDITOR,MF::fico_avg,fico_avg,fico_avg,,MODEL_FEATURE,advanced_editor__fico_avg,VALIDATION::ADVANCED_EDITOR__FICO_AVG__NORMALIZATION_HANDOFF__DEFER_TO_CELL_7_7__007,NORMALIZATION::ADVANCED_EDITOR::FICO_AVG,MAPPING::ADVANCED_EDITOR::FICO_AVG::TECHNICAL_CANONICAL_EDITOR,advanced_editor__fico_avg__technical_canonical_editor,ADVANCED_EDITOR::fico_avg,TECHNICAL_CANONICAL_EDITOR,TECHNICAL_CANONICAL_EDITOR_FIELD,INPUT_OR_CONTRACT_FIELD_TO_CANONICAL_TARGET,fico_avg,fico_avg,True,True,True,True,False,,CANONICAL_TARGET_MAPPED,True,True,CELL_7_7,DECLARED_ONLY_CANONICAL_VALUE_REFERENCE,False,NOT_AVAILABLE_IN_CELL_7_7_METADATA_CONTRACT,True,DECLARED_ONLY_NO_RUNTIME_TRANSFORMATION,"Normalization or transformation requirements are declared as metadata only. Cell 7.7 does not execute normalization, encoding, imputation, scaling, feature engineering, or payload assembly.",False,True,False,False,canonical_feature,True,False,False,False,True,"['MISSING_POLICY', 'MODE_GUARDRAIL', 'NORMALIZATION_HANDOFF', 'TYPE_CHECK']",4,CANONICAL_VECTOR_REFERENCE_AVAILABLE,INFO,Canonical mapping is available for portfolio demo contract use only.,Feature/path-level mapping row consolidated from Cell 7.6 validation metadata. This row does not execute transformation logic.,READY,
ADVANCED_EDITOR,MF::grade_encoded,grade_encoded,grade_encoded,,MODEL_FEATURE,advanced_editor__grade_encoded,VALIDATION::ADVANCED_EDITOR__GRADE_ENCODED__NORMALIZATION_HANDOFF__DEFER_TO_CELL_7_7__007,NORMALIZATION::ADVANCED_EDITOR::GRADE_ENCODED,MAPPING::ADVANCED_EDITOR::GRADE_ENCODED::LIMITATION_AWARE_MAPPING,advanced_editor__grade_encoded__limitation_aware_mapping,ADVANCED_EDITOR::grade_encoded,LIMITATION_AWARE_MAPPING,LIMITED_CANONICAL_FIELD,INPUT_OR_CONTRACT_FIELD_TO_CANONICAL_TARGET,grade_encoded,grade_encoded,True,True,True,True,False,,CANONICAL_TARGET_MAPPED,True,True,CELL_7_7,DECLARED_ONLY_LIMITATION_AWARE_CANONICAL_REFERENCE,False,NOT_AVAILABLE_IN_CELL_7_7_METADATA_CONTRACT,True,DECLARED_ONLY_NO_RUNTIME_TRANSFORMATION,"Normalization or transformation requirements are declared as metadata only. Cell 7.7 does not execute normalization, encoding, imputation, scaling, feature engineering, or payload assembly.",False,True,False,False,canonical_feature,True,True,True,True,True,"['LIMITATION_DISCLOSURE', 'MISSING_POLICY', 'MODE_GUARDRAIL', 'NORMALIZATION_HANDOFF', 'TYPE_CHECK']",5,CANONICAL_VECTOR_REFERENCE_AVAILABLE,WARNING,"grade_encoded is a limitation-aware canonical field. It is allowed only in synthetic, technical, or canonical payload paths with disclosure.",Feature/path-level mapping row consolidated from Cell 7.6 validation metadata. This row does not execute transformation logic.,READY_WITH_LIMITATION,
ADVANCED_EDITOR,MF::high_revol_util_flag,high_revol_util_flag,high_revol_util_flag,,MODEL_FEATURE,advanced_editor__high_revol_util_flag,VALIDATION::ADVANCED_EDITOR__HIGH_REVOL_UTIL_FLAG__NORMALIZATION_HANDOFF__DEFER_TO_CELL_7_7__006,NORMALIZATION::ADVANCED_EDITOR::HIGH_REVOL_UTIL_FLAG,MAPPING::ADVANCED_EDITOR::HIGH_REVOL_UTIL_FLAG::TECHNICAL_CANONICAL_EDITOR,advanced_editor__high_revol_util_flag__technical_canonical_editor,ADVANCED_EDITOR::high_revol_util_flag,TECHNICAL_CANONICAL_EDITOR,TECHNICAL_CANONICAL_EDITOR_FIELD,INPUT_OR_CONTRACT_FIELD_TO_CANONICAL_TARGET,high_revol_util_flag,high_revol_util_flag,True,True,True,True,False,,CANONICAL_TARGET_MAPPED,True,True,CELL_7_7,DECLARED_ONLY_CANONICAL_VALUE_REFERENCE,False,NOT_AVAILABLE_IN_CELL_7_7_METADATA_CONTRACT,True,DECLARED_ONLY_NO_RUNTIME_TRANSFORMATION,"Normalization or transformation requirements are declared as metadata only. Cell 7.7 does not execute normalization, encoding, imputation, scaling, feature engineering, or payload assembly.",False,True,False,False,canonical_feature,True,False,False,False,True,"['MISSING_POLICY', 'MODE_GUARDRAIL', 'NORMALIZATION_HANDOFF', 'TYPE_CHECK']",4,CANONICAL_VECTOR_REFERENCE_AVAILABLE,INFO,Canonical mapping is available for portfolio demo contract use only.,Feature/path-level mapping row consolidated from Cell 7.6 validation metadata. This row does not execute transformation logic.,READY,
ADVANCED_EDITOR,MF::home_ownership_encoded,home_ownership_encoded,home_ownership_encoded,,MODEL_FEATURE,advanced_editor__home_ownership_encoded,VALIDATION::ADVANCED_EDITOR__HOME_OWNERSHIP_ENCODED__NORMALIZATION_HANDOFF__DEFER_TO_CELL_7_7__006,NORMALIZATION::ADVANCED_EDITOR::HOME_OWNERSHIP_ENCODED,MAPPING::ADVANCED_EDITOR::HOME_OWNERSHIP_ENCODED::TECHNICAL_CANONICAL_EDITOR,advanced_editor__home_ownership_encoded__technical_canonical_editor,ADVANCED_EDITOR::home_ownership_encoded,TECHNICAL_CANONICAL_EDITOR,TECHNICAL_CANONICAL_EDITOR_FIELD,INPUT_OR_CONTRACT_FIELD_TO_CANONICAL_TARGET,home_ownership_encoded,home_ownership_encoded,True,True,True,True,False,,CANONICAL_TARGET_MAPPED,True,True,CELL_7_7,DECLARED_ONLY_CANONICAL_VALUE_REFERENCE,False,NOT_AVAILABLE_IN_CELL_7_7_METADATA_CONTRACT,True,DECLARED_ONLY_NO_RUNTIME_TRANSFORMATION,"Normalization or transformation requirements are declared as metadata only. Cell 7.7 does not execute normalization, encoding, imputation, scaling, feature engineering, or payload assembly.",False,True,False,False,canonical_feature,True,False,False,False,True,"['MISSING_POLICY', 'MODE_GUARDRAIL', 'NORMALIZATION_HANDOFF', 'TYPE_CHECK']",4,CANONICAL_VECTOR_REFERENCE_AVAILABLE,INFO,Canonical mapping is available for portfolio demo contract use only.,Feature/path-level mapping row consolidated from Cell 7.6 validation metadata. This row does not execute transformation logic.,READY,
ADVANCED_EDITOR,MF::inq_last_6mths,inq_last_6mths,inq_last_6mths,,MODEL_FEATURE,advanced_editor__inq_last_6mths,VALIDATION::ADVANCED_EDITOR__INQ_LAST_6MTHS__NORMALIZATION_HANDOFF__DEFER_TO_CELL_7_7__007,NORMALIZATION::ADVANCED_EDITOR::INQ_LAST_6MTHS,MAPPING::ADVANCED_EDITOR::INQ_LAST_6MTHS::TECHNICAL_CANONICAL_EDITOR,advanced_editor__inq_last_6mths__technical_canonical_editor,ADVANCED_EDITOR::inq_last_6mths,TECHNICAL_CANONICAL_EDITOR,TECHNICAL_CANONICAL_EDITOR_FIELD,INPUT_OR_CONTRACT_FIELD_TO_CANONICAL_TARGET,inq_last_6mths,inq_last_6mths,True,True,True,True,False,,CANONICAL_TARGET_MAPPED,True,True,CELL_7_7,DECLARED_ONLY_CANONICAL_VALUE_REFERENCE,False,NOT_AVAILABLE_IN_CELL_7_7_METADATA_CONTRACT,True,DECLARED_ONLY_NO_RUNTIME_TRANSFORMATION,"Normalization or transformation requirements are declared as metadata only. Cell 7.7 does not execute normalization, encoding, imputation, scaling, feature engineering, or payload assembly.",False,True,False,False,canonical_feature,True,False,False,False,True,"['MISSING_POLICY', 'MODE_GUARDRAIL', 'NORMALIZATION_HANDOFF', 'TYPE_CHECK']",4,CANONICAL_VECTOR_REFERENCE_AVAILABLE,INFO,Canonical mapping is available for portfolio demo contract use only.,Feature/path-level mapping row consolidated from Cell 7.6 validation metadata. This row does not execute transformation logic.,READY,
ADVANCED_EDITOR,MF::inq_per_open_acc,inq_per_open_acc,inq_per_open_acc,,MODEL_FEATURE,advanced_editor__inq_per_open_acc,VALIDATION::ADVANCED_EDITOR__INQ_PER_OPEN_ACC__NORMALIZATION_HANDOFF__DEFER_TO_CELL_7_7__007,NORMALIZATION::ADVANCED_EDITOR::INQ_PER_OPEN_ACC,MAPPING::ADVANCED_EDITOR::INQ_PER_OPEN_ACC::TECHNICAL_CANONICAL_EDITOR,advanced_editor__inq_per_open_acc__technical_canonical_editor,ADVANCED_EDITOR::inq_per_open_acc,TECHNICAL_CANONICAL_EDITOR,TECHNICAL_CANONICAL_EDITOR_FIELD,INPUT_OR_CONTRACT_FIELD_TO_CANONICAL_TARGET,inq_per_open_acc,inq_per_open_acc,True,True,True,True,False,,CANONICAL_TARGET_MAPPED,True,True,CELL_7_7,DECLARED_ONLY_CANONICAL_VALUE_REFERENCE,False,NOT_AVAILABLE_IN_CELL_7_7_METADATA_CONTRACT,True,DECLARED_ONLY_NO_RUNTIME_TRANSFORMATION,"Normalization or transformation requirements are declared as metadata only. Cell 7.7 does not execute normalization, encoding, imputation, scaling, feature engineering, or payload assembly.",False,True,False,False,canonical_feature,True,False,False,False,True,"['MISSING_POLICY', 'MODE_GUARDRAIL', 'NORMALIZATION_HANDOFF', 'TYPE_CHECK']",4,CANONICAL_VECTOR_REFERENCE_AVAILABLE,INFO,Canonical mapping is available for portfolio demo contract use only.,Feature/path-level mapping row consolidated from Cell 7.6 validation metadata. This row does not execute transformation logic.,READY,
ADVANCED_EDITOR,MF::installment,installment,installment,,MODEL_FEATURE,advanced_editor__installment,VALIDATION::ADVANCED_EDITOR__INSTALLMENT__NORMALIZATION_HANDOFF__DEFER_TO_CELL_7_7__007,NORMALIZATION::ADVANCED_EDITOR::INSTALLMENT,MAPPING::ADVANCED_EDITOR::INSTALLMENT::TECHNICAL_CANONICAL_EDITOR,advanced_editor__installment__technical_canonical_editor,ADVANCED_EDITOR::installment,TECHNICAL_CANONICAL_EDITOR,TECHNICAL_CANONICAL_EDITOR_FIELD,INPUT_OR_CONTRACT_FIELD_TO_CANONICAL_TARGET,installment,installment,True,True,True,True,False,,CANONICAL_TARGET_MAPPED,True,True,CELL_7_7,DECLARED_ONLY_CANONICAL_VALUE_REFERENCE,False,NOT_AVAILABLE_IN_CELL_7_7_METADATA_CONTRACT,True,DECLARED_ONLY_NO_RUNTIME_TRANSFORMATION,"Normalization or transformation requirements are declared as metadata only. Cell 7.7 does not execute normalization, encoding, imputation, scaling, feature engineering, or payload assembly.",False,True,False,False,canonical_feature,True,False,False,False,True,"['MISSING_POLICY', 'MODE_GUARDRAIL', 'NORMALIZATION_HANDOFF', 'TYPE_CHECK']",4,CANONICAL_VECTOR_REFERENCE_AVAILABLE,INFO,Canonical mapping is available for portfolio demo contract use only.,Feature/path-level mapping row consolidated from Cell 7.6 validation metadata. This row does not execute transformation logic.,READY,
ADVANCED_EDITOR,MF::is_60_month,is_60_month,is_60_month,,MODEL_FEATURE,advanced_editor__is_60_month,VALIDATION::ADVANCED_EDITOR__IS_60_MONTH__NORMALIZATION_HANDOFF__DEFER_TO_CELL_7_7__006,NORMALIZATION::ADVANCED_EDITOR::IS_60_MONTH,MAPPING::ADVANCED_EDITOR::IS_60_MONTH::TECHNICAL_CANONICAL_EDITOR,advanced_editor__is_60_month__technical_canonical_editor,ADVANCED_EDITOR::is_60_month,TECHNICAL_CANONICAL_EDITOR,TECHNICAL_CANONICAL_EDITOR_FIELD,INPUT_OR_CONTRACT_FIELD_TO_CANONICAL_TARGET,is_60_month,is_60_month,True,True,True,True,False,,CANONICAL_TARGET_MAPPED,True,True,CELL_7_7,DECLARED_ONLY_CANONICAL_VALUE_REFERENCE,False,NOT_AVAILABLE_IN_CELL_7_7_METADATA_CONTRACT,True,DECLARED_ONLY_NO_RUNTIME_TRANSFORMATION,"Normalization or transformation requirements are declared as metadata only. Cell 7.7 does not execute normalization, encoding, imputation, scaling, feature engineering, or payload assembly.",False,True,False,False,canonical_feature,True,False,False,False,True,"['MISSING_POLICY', 'MODE_GUARDRAIL', 'NORMALIZATION_HANDOFF', 'TYPE_CHECK']",4,CANONICAL_VECTOR_REFERENCE_AVAILABLE,INFO,Canonical mapping is available for portfolio demo contract use only.,Feature/path-level mapping row consolidated from Cell 7.6 validation metadata. This row does not execute transformation logic.,READY,
ADVANCED_EDITOR,MF::loan_amnt,loan_amnt,loan_amnt,,MODEL_FEATURE,advanced_editor__loan_amnt,VALIDATION::ADVANCED_EDITOR__LOAN_AMNT__NORMALIZATION_HANDOFF__DEFER_TO_CELL_7_7__007,NORMALIZATION::ADVANCED_EDITOR::LOAN_AMNT,MAPPING::ADVANCED_EDITOR::LOAN_AMNT::TECHNICAL_CANONICAL_EDITOR,advanced_editor__loan_amnt__technical_canonical_editor,ADVANCED_EDITOR::loan_amnt,TECHNICAL_CANONICAL_EDITOR,TECHNICAL_CANONICAL_EDITOR_FIELD,INPUT_OR_CONTRACT_FIELD_TO_CANONICAL_TARGET,loan_amnt,loan_amnt,True,True,True,True,False,,CANONICAL_TARGET_MAPPED,True,True,CELL_7_7,DECLARED_ONLY_CANONICAL_VALUE_REFERENCE,False,NOT_AVAILABLE_IN_CELL_7_7_METADATA_CONTRACT,True,DECLARED_ONLY_NO_RUNTIME_TRANSFORMATION,"Normalization or transformation requirements are declared as metadata only. Cell 7.7 does not execute normalization, encoding, imputation, scaling, feature engineering, or payload assembly.",False,True,False,False,canonical_feature,True,False,False,False,True,"['MISSING_POLICY', 'MODE_GUARDRAIL', 'NORMALIZATION_HANDOFF', 'TYPE_CHECK']",4,CANONICAL_VECTOR_REFERENCE_AVAILABLE,INFO,Canonical mapping is available for portfolio demo contract use only.,Feature/path-level mapping row consolidated from Cell 7.6 validation metadata. This row does not execute transformation logic.,READY,
ADVANCED_EDITOR,MF::loan_to_income,loan_to_income,loan_to_income,,MODEL_FEATURE,advanced_editor__loan_to_income,VALIDATION::ADVANCED_EDITOR__LOAN_TO_INCOME__NORMALIZATION_HANDOFF__DEFER_TO_CELL_7_7__006,NORMALIZATION::ADVANCED_EDITOR::LOAN_TO_INCOME,MAPPING::ADVANCED_EDITOR::LOAN_TO_INCOME::TECHNICAL_CANONICAL_EDITOR,advanced_editor__loan_to_income__technical_canonical_editor,ADVANCED_EDITOR::loan_to_income,TECHNICAL_CANONICAL_EDITOR,TECHNICAL_CANONICAL_EDITOR_FIELD,INPUT_OR_CONTRACT_FIELD_TO_CANONICAL_TARGET,loan_to_income,loan_to_income,True,True,True,True,False,,CANONICAL_TARGET_MAPPED,True,True,CELL_7_7,DECLARED_ONLY_CANONICAL_VALUE_REFERENCE,False,NOT_AVAILABLE_IN_CELL_7_7_METADATA_CONTRACT,True,DECLARED_ONLY_NO_RUNTIME_TRANSFORMATION,"Normalization or transformation requirements are declared as metadata only. Cell 7.7 does not execute normalization, encoding, imputation, scaling, feature engineering, or payload assembly.",False,True,False,False,canonical_feature,True,False,False,False,True,"['MISSING_POLICY', 'MODE_GUARDRAIL', 'NORMALIZATION_HANDOFF', 'TYPE_CHECK']",4,CANONICAL_VECTOR_REFERENCE_AVAILABLE,INFO,Canonical mapping is available for portfolio demo contract use only.,Feature/path-level mapping row consolidated from Cell 7.6 validation metadata. This row does not execute transformation logic.,READY,
ADVANCED_EDITOR,MF::log_annual_inc,log_annual_inc,log_annual_inc,,MODEL_FEATURE,advanced_editor__log_annual_inc,VALIDATION::ADVANCED_EDITOR__LOG_ANNUAL_INC__NORMALIZATION_HANDOFF__DEFER_TO_CELL_7_7__007,NORMALIZATION::ADVANCED_EDITOR::LOG_ANNUAL_INC,MAPPING::ADVANCED_EDITOR::LOG_ANNUAL_INC::TECHNICAL_CANONICAL_EDITOR,advanced_editor__log_annual_inc__technical_canonical_editor,ADVANCED_EDITOR::log_annual_inc,TECHNICAL_CANONICAL_EDITOR,TECHNICAL_CANONICAL_EDITOR_FIELD,INPUT_OR_CONTRACT_FIELD_TO_CANONICAL_TARGET,log_annual_inc,log_annual_inc,True,True,True,True,False,,CANONICAL_TARGET_MAPPED,True,True,CELL_7_7,DECLARED_ONLY_CANONICAL_VALUE_REFERENCE,False,NOT_AVAILABLE_IN_CELL_7_7_METADATA_CONTRACT,True,DECLARED_ONLY_NO_RUNTIME_TRANSFORMATION,"Normalization or transformation requirements are declared as metadata only. Cell 7.7 does not execute normalization, encoding, imputation, scaling, feature engineering, or payload assembly.",False,True,False,False,canonical_feature,True,False,False,False,True,"['MISSING_POLICY', 'MODE_GUARDRAIL', 'NORMALIZATION_HANDOFF', 'TYPE_CHECK']",4,CANONICAL_VECTOR_REFERENCE_AVAILABLE,INFO,Canonical mapping is available for portfolio demo contract use only.,Feature/path-level mapping row consolidated from Cell 7.6 validation metadata. This row does not execute transformation logic.,READY,
ADVANCED_EDITOR,MF::log_loan_amnt,log_loan_amnt,log_loan_amnt,,MODEL_FEATURE,advanced_editor__log_loan_amnt,VALIDATION::ADVANCED_EDITOR__LOG_LOAN_AMNT__NORMALIZATION_HANDOFF__DEFER_TO_CELL_7_7__007,NORMALIZATION::ADVANCED_EDITOR::LOG_LOAN_AMNT,MAPPING::ADVANCED_EDITOR::LOG_LOAN_AMNT::TECHNICAL_CANONICAL_EDITOR,advanced_editor__log_loan_amnt__technical_canonical_editor,ADVANCED_EDITOR::log_loan_amnt,TECHNICAL_CANONICAL_EDITOR,TECHNICAL_CANONICAL_EDITOR_FIELD,INPUT_OR_CONTRACT_FIELD_TO_CANONICAL_TARGET,log_loan_amnt,log_loan_amnt,True,True,True,True,False,,CANONICAL_TARGET_MAPPED,True,True,CELL_7_7,DECLARED_ONLY_CANONICAL_VALUE_REFERENCE,False,NOT_AVAILABLE_IN_CELL_7_7_METADATA_CONTRACT,True,DECLARED_ONLY_NO_RUNTIME_TRANSFORMATION,"Normalization or transformation requirements are declared as metadata only. Cell 7.7 does not execute normalization, encoding, imputation, scaling, feature engineering, or payload assembly.",False,True,False,False,canonical_feature,True,False,False,False,True,"['MISSING_POLICY', 'MODE_GUARDRAIL', 'NORMALIZATION_HANDOFF', 'TYPE_CHECK']",4,CANONICAL_VECTOR_REFERENCE_AVAILABLE,INFO,Canonical mapping is available for portfolio demo contract use only.,Feature/path-level mapping row consolidated from Cell 7.6 validation metadata. This row does not execute transformation logic.,READY,
ADVANCED_EDITOR,MF::log_revol_bal,log_revol_bal,log_revol_bal,,MODEL_FEATURE,advanced_editor__log_revol_bal,VALIDATION::ADVANCED_EDITOR__LOG_REVOL_BAL__NORMALIZATION_HANDOFF__DEFER_TO_CELL_7_7__006,NORMALIZATION::ADVANCED_EDITOR::LOG_REVOL_BAL,MAPPING::ADVANCED_EDITOR::LOG_REVOL_BAL::TECHNICAL_CANONICAL_EDITOR,advanced_editor__log_revol_bal__technical_canonical_editor,ADVANCED_EDITOR::log_revol_bal,TECHNICAL_CANONICAL_EDITOR,TECHNICAL_CANONICAL_EDITOR_FIELD,INPUT_OR_CONTRACT_FIELD_TO_CANONICAL_TARGET,log_revol_bal,log_revol_bal,True,True,True,True,False,,CANONICAL_TARGET_MAPPED,True,True,CELL_7_7,DECLARED_ONLY_CANONICAL_VALUE_REFERENCE,False,NOT_AVAILABLE_IN_CELL_7_7_METADATA_CONTRACT,True,DECLARED_ONLY_NO_RUNTIME_TRANSFORMATION,"Normalization or transformation requirements are declared as metadata only. Cell 7.7 does not execute normalization, encoding, imputation, scaling, feature engineering, or payload assembly.",False,True,False,False,canonical_feature,True,False,False,False,True,"['MISSING_POLICY', 'MODE_GUARDRAIL', 'NORMALIZATION_HANDOFF', 'TYPE_CHECK']",4,CANONICAL_VECTOR_REFERENCE_AVAILABLE,INFO,Canonical mapping is available for portfolio demo contract use only.,Feature/path-level mapping row consolidated from Cell 7.6 validation metadata. This row does not execute transformation logic.,READY,
ADVANCED_EDITOR,MF::log_tot_cur_bal,log_tot_cur_bal,log_tot_cur_bal,,MODEL_FEATURE,advanced_editor__log_tot_cur_bal,VALIDATION::ADVANCED_EDITOR__LOG_TOT_CUR_BAL__NORMALIZATION_HANDOFF__DEFER_TO_CELL_7_7__006,NORMALIZATION::ADVANCED_EDITOR::LOG_TOT_CUR_BAL,MAPPING::ADVANCED_EDITOR::LOG_TOT_CUR_BAL::TECHNICAL_CANONICAL_EDITOR,advanced_editor__log_tot_cur_bal__technical_canonical_editor,ADVANCED_EDITOR::log_tot_cur_bal,TECHNICAL_CANONICAL_EDITOR,TECHNICAL_CANONICAL_EDITOR_FIELD,INPUT_OR_CONTRACT_FIELD_TO_CANONICAL_TARGET,log_tot_cur_bal,log_tot_cur_bal,True,True,True,True,False,,CANONICAL_TARGET_MAPPED,True,True,CELL_7_7,DECLARED_ONLY_CANONICAL_VALUE_REFERENCE,False,NOT_AVAILABLE_IN_CELL_7_7_METADATA_CONTRACT,True,DECLARED_ONLY_NO_RUNTIME_TRANSFORMATION,"Normalization or transformation requirements are declared as metadata only. Cell 7.7 does not execute normalization, encoding, imputation, scaling, feature engineering, or payload assembly.",False,True,False,False,canonical_feature,True,False,False,False,True,"['MISSING_POLICY', 'MODE_GUARDRAIL', 'NORMALIZATION_HANDOFF', 'TYPE_CHECK']",4,CANONICAL_VECTOR_REFERENCE_AVAILABLE,INFO,Canonical mapping is available for portfolio demo contract use only.,Feature/path-level mapping row consolidated from Cell 7.6 validation metadata. This row does not execute transformation logic.,READY,
ADVANCED_EDITOR,MF::log_total_rev_hi_lim,log_total_rev_hi_lim,log_total_rev_hi_lim,,MODEL_FEATURE,advanced_editor__log_total_rev_hi_lim,VALIDATION::ADVANCED_EDITOR__LOG_TOTAL_REV_HI_LIM__NORMALIZATION_HANDOFF__DEFER_TO_CELL_7_7__006,NORMALIZATION::ADVANCED_EDITOR::LOG_TOTAL_REV_HI_LIM,MAPPING::ADVANCED_EDITOR::LOG_TOTAL_REV_HI_LIM::TECHNICAL_CANONICAL_EDITOR,advanced_editor__log_total_rev_hi_lim__technical_canonical_editor,ADVANCED_EDITOR::log_total_rev_hi_lim,TECHNICAL_CANONICAL_EDITOR,TECHNICAL_CANONICAL_EDITOR_FIELD,INPUT_OR_CONTRACT_FIELD_TO_CANONICAL_TARGET,log_total_rev_hi_lim,log_total_rev_hi_lim,True,True,True,True,False,,CANONICAL_TARGET_MAPPED,True,True,CELL_7_7,DECLARED_ONLY_CANONICAL_VALUE_REFERENCE,False,NOT_AVAILABLE_IN_CELL_7_7_METADATA_CONTRACT,True,DECLARED_ONLY_NO_RUNTIME_TRANSFORMATION,"Normalization or transformation requirements are declared as metadata only. Cell 7.7 does not execute normalization, encoding, imputation, scaling, feature engineering, or payload assembly.",False,True,False,False,canonical_feature,True,False,False,False,True,"['MISSING_POLICY', 'MODE_GUARDRAIL', 'NORMALIZATION_HANDOFF', 'TYPE_CHECK']",4,CANONICAL_VECTOR_REFERENCE_AVAILABLE,INFO,Canonical mapping is available for portfolio demo contract use only.,Feature/path-level mapping row consolidated from Cell 7.6 validation metadata. This row does not execute transformation logic.,READY,
ADVANCED_EDITOR,MF::mo_sin_old_rev_tl_op,mo_sin_old_rev_tl_op,mo_sin_old_rev_tl_op,,MODEL_FEATURE,advanced_editor__mo_sin_old_rev_tl_op,VALIDATION::ADVANCED_EDITOR__MO_SIN_OLD_REV_TL_OP__NORMALIZATION_HANDOFF__DEFER_TO_CELL_7_7__006,NORMALIZATION::ADVANCED_EDITOR::MO_SIN_OLD_REV_TL_OP,MAPPING::ADVANCED_EDITOR::MO_SIN_OLD_REV_TL_OP::TECHNICAL_CANONICAL_EDITOR,advanced_editor__mo_sin_old_rev_tl_op__technical_canonical_editor,ADVANCED_EDITOR::mo_sin_old_rev_tl_op,TECHNICAL_CANONICAL_EDITOR,TECHNICAL_CANONICAL_EDITOR_FIELD,INPUT_OR_CONTRACT_FIELD_TO_CANONICAL_TARGET,mo_sin_old_rev_tl_op,mo_sin_old_rev_tl_op,True,True,True,True,False,,CANONICAL_TARGET_MAPPED,True,True,CELL_7_7,DECLARED_ONLY_CANONICAL_VALUE_REFERENCE,False,NOT_AVAILABLE_IN_CELL_7_7_METADATA_CONTRACT,True,DECLARED_ONLY_NO_RUNTIME_TRANSFORMATION,"Normalization or transformation requirements are declared as metadata only. Cell 7.7 does not execute normalization, encoding, imputation, scaling, feature engineering, or payload assembly.",False,True,False,False,canonical_feature,True,False,False,False,True,"['MISSING_POLICY', 'MODE_GUARDRAIL', 'NORMALIZATION_HANDOFF', 'TYPE_CHECK']",4,CANONICAL_VECTOR_REFERENCE_AVAILABLE,INFO,Canonical mapping is available for portfolio demo contract use only.,Feature/path-level mapping row consolidated from Cell 7.6 validation metadata. This row does not execute transformation logic.,READY,
ADVANCED_EDITOR,MF::mo_sin_old_rev_tl_op_missing_flag,mo_sin_old_rev_tl_op_missing_flag,mo_sin_old_rev_tl_op_missing_flag,,MODEL_FEATURE,advanced_editor__mo_sin_old_rev_tl_op_missing_flag,VALIDATION::ADVANCED_EDITOR__MO_SIN_OLD_REV_TL_OP_MISSING_FLAG__NORMALIZATION_HANDOFF__DEFER_TO_CELL_7_7__006,NORMALIZATION::ADVANCED_EDITOR::MO_SIN_OLD_REV_TL_OP_MISSING_FLAG,MAPPING::ADVANCED_EDITOR::MO_SIN_OLD_REV_TL_OP_MISSING_FLAG::TECHNICAL_CANONICAL_EDITOR,advanced_editor__mo_sin_old_rev_tl_op_missing_flag__technical_canonical_editor,ADVANCED_EDITOR::mo_sin_old_rev_tl_op_missing_flag,TECHNICAL_CANONICAL_EDITOR,TECHNICAL_CANONICAL_EDITOR_FIELD,INPUT_OR_CONTRACT_FIELD_TO_CANONICAL_TARGET,mo_sin_old_rev_tl_op_missing_flag,mo_sin_old_rev_tl_op_missing_flag,True,True,True,True,False,,CANONICAL_TARGET_MAPPED,True,True,CELL_7_7,DECLARED_ONLY_CANONICAL_VALUE_REFERENCE,False,NOT_AVAILABLE_IN_CELL_7_7_METADATA_CONTRACT,True,DECLARED_ONLY_NO_RUNTIME_TRANSFORMATION,"Normalization or transformation requirements are declared as metadata only. Cell 7.7 does not execute normalization, encoding, imputation, scaling, feature engineering, or payload assembly.",False,True,False,False,canonical_feature,True,False,False,False,True,"['MISSING_POLICY', 'MODE_GUARDRAIL', 'NORMALIZATION_HANDOFF', 'TYPE_CHECK']",4,CANONICAL_VECTOR_REFERENCE_AVAILABLE,INFO,Canonical mapping is available for portfolio demo contract use only.,Feature/path-level mapping row consolidated from Cell 7.6 validation metadata. This row does not execute transformation logic.,READY,
ADVANCED_EDITOR,MF::mo_sin_rcnt_rev_tl_op,mo_sin_rcnt_rev_tl_op,mo_sin_rcnt_rev_tl_op,,MODEL_FEATURE,advanced_editor__mo_sin_rcnt_rev_tl_op,VALIDATION::ADVANCED_EDITOR__MO_SIN_RCNT_REV_TL_OP__NORMALIZATION_HANDOFF__DEFER_TO_CELL_7_7__006,NORMALIZATION::ADVANCED_EDITOR::MO_SIN_RCNT_REV_TL_OP,MAPPING::ADVANCED_EDITOR::MO_SIN_RCNT_REV_TL_OP::TECHNICAL_CANONICAL_EDITOR,advanced_editor__mo_sin_rcnt_rev_tl_op__technical_canonical_editor,ADVANCED_EDITOR::mo_sin_rcnt_rev_tl_op,TECHNICAL_CANONICAL_EDITOR,TECHNICAL_CANONICAL_EDITOR_FIELD,INPUT_OR_CONTRACT_FIELD_TO_CANONICAL_TARGET,mo_sin_rcnt_rev_tl_op,mo_sin_rcnt_rev_tl_op,True,True,True,True,False,,CANONICAL_TARGET_MAPPED,True,True,CELL_7_7,DECLARED_ONLY_CANONICAL_VALUE_REFERENCE,False,NOT_AVAILABLE_IN_CELL_7_7_METADATA_CONTRACT,True,DECLARED_ONLY_NO_RUNTIME_TRANSFORMATION,"Normalization or transformation requirements are declared as metadata only. Cell 7.7 does not execute normalization, encoding, imputation, scaling, feature engineering, or payload assembly.",False,True,False,False,canonical_feature,True,False,False,False,True,"['MISSING_POLICY', 'MODE_GUARDRAIL', 'NORMALIZATION_HANDOFF', 'TYPE_CHECK']",4,CANONICAL_VECTOR_REFERENCE_AVAILABLE,INFO,Canonical mapping is available for portfolio demo contract use only.,Feature/path-level mapping row consolidated from Cell 7.6 validation metadata. This row does not execute transformation logic.,READY,
ADVANCED_EDITOR,MF::mo_sin_rcnt_rev_tl_op_missing_flag,mo_sin_rcnt_rev_tl_op_missing_flag,mo_sin_rcnt_rev_tl_op_missing_flag,,MODEL_FEATURE,advanced_editor__mo_sin_rcnt_rev_tl_op_missing_flag,VALIDATION::ADVANCED_EDITOR__MO_SIN_RCNT_REV_TL_OP_MISSING_FLAG__NORMALIZATION_HANDOFF__DEFER_TO_CELL_7_7__006,NORMALIZATION::ADVANCED_EDITOR::MO_SIN_RCNT_REV_TL_OP_MISSING_FLAG,MAPPING::ADVANCED_EDITOR::MO_SIN_RCNT_REV_TL_OP_MISSING_FLAG::TECHNICAL_CANONICAL_EDITOR,advanced_editor__mo_sin_rcnt_rev_tl_op_missing_flag__technical_canonical_editor,ADVANCED_EDITOR::mo_sin_rcnt_rev_tl_op_missing_flag,TECHNICAL_CANONICAL_EDITOR,TECHNICAL_CANONICAL_EDITOR_FIELD,INPUT_OR_CONTRACT_FIELD_TO_CANONICAL_TARGET,mo_sin_rcnt_rev_tl_op_missing_flag,mo_sin_rcnt_rev_tl_op_missing_flag,True,True,True,True,False,,CANONICAL_TARGET_MAPPED,True,True,CELL_7_7,DECLARED_ONLY_CANONICAL_VALUE_REFERENCE,False,NOT_AVAILABLE_IN_CELL_7_7_METADATA_CONTRACT,True,DECLARED_ONLY_NO_RUNTIME_TRANSFORMATION,"Normalization or transformation requirements are declared as metadata only. Cell 7.7 does not execute normalization, encoding, imputation, scaling, feature engineering, or payload assembly.",False,True,False,False,canonical_feature,True,False,False,False,True,"['MISSING_POLICY', 'MODE_GUARDRAIL', 'NORMALIZATION_HANDOFF', 'TYPE_CHECK']",4,CANONICAL_VECTOR_REFERENCE_AVAILABLE,INFO,Canonical mapping is available for portfolio demo contract use only.,Feature/path-level mapping row consolidated from Cell 7.6 validation metadata. This row does not execute transformation logic.,READY,
ADVANCED_EDITOR,MF::mort_acc,mort_acc,mort_acc,,MODEL_FEATURE,advanced_editor__mort_acc,VALIDATION::ADVANCED_EDITOR__MORT_ACC__NORMALIZATION_HANDOFF__DEFER_TO_CELL_7_7__007,NORMALIZATION::ADVANCED_EDITOR::MORT_ACC,MAPPING::ADVANCED_EDITOR::MORT_ACC::TECHNICAL_CANONICAL_EDITOR,advanced_editor__mort_acc__technical_canonical_editor,ADVANCED_EDITOR::mort_acc,TECHNICAL_CANONICAL_EDITOR,TECHNICAL_CANONICAL_EDITOR_FIELD,INPUT_OR_CONTRACT_FIELD_TO_CANONICAL_TARGET,mort_acc,mort_acc,True,True,True,True,False,,CANONICAL_TARGET_MAPPED,True,True,CELL_7_7,DECLARED_ONLY_CANONICAL_VALUE_REFERENCE,False,NOT_AVAILABLE_IN_CELL_7_7_METADATA_CONTRACT,True,DECLARED_ONLY_NO_RUNTIME_TRANSFORMATION,"Normalization or transformation requirements are declared as metadata only. Cell 7.7 does not execute normalization, encoding, imputation, scaling, feature engineering, or payload assembly.",False,True,False,False,canonical_feature,True,False,False,False,True,"['MISSING_POLICY', 'MODE_GUARDRAIL', 'NORMALIZATION_HANDOFF', 'TYPE_CHECK']",4,CANONICAL_VECTOR_REFERENCE_AVAILABLE,INFO,Canonical mapping is available for portfolio demo contract use only.,Feature/path-level mapping row consolidated from Cell 7.6 validation metadata. This row does not execute transformation logic.,READY,
ADVANCED_EDITOR,MF::mths_since_last_delinq,mths_since_last_delinq,mths_since_last_delinq,,MODEL_FEATURE,advanced_editor__mths_since_last_delinq,VALIDATION::ADVANCED_EDITOR__MTHS_SINCE_LAST_DELINQ__NORMALIZATION_HANDOFF__DEFER_TO_CELL_7_7__007,NORMALIZATION::ADVANCED_EDITOR::MTHS_SINCE_LAST_DELINQ,MAPPING::ADVANCED_EDITOR::MTHS_SINCE_LAST_DELINQ::TECHNICAL_CANONICAL_EDITOR,advanced_editor__mths_since_last_delinq__technical_canonical_editor,ADVANCED_EDITOR::mths_since_last_delinq,TECHNICAL_CANONICAL_EDITOR,TECHNICAL_CANONICAL_EDITOR_FIELD,INPUT_OR_CONTRACT_FIELD_TO_CANONICAL_TARGET,mths_since_last_delinq,mths_since_last_delinq,True,True,True,True,False,,CANONICAL_TARGET_MAPPED,True,True,CELL_7_7,DECLARED_ONLY_CANONICAL_VALUE_REFERENCE,False,NOT_AVAILABLE_IN_CELL_7_7_METADATA_CONTRACT,True,DECLARED_ONLY_NO_RUNTIME_TRANSFORMATION,"Normalization or transformation requirements are declared as metadata only. Cell 7.7 does not execute normalization, encoding, imputation, scaling, feature engineering, or payload assembly.",False,True,False,False,canonical_feature,True,False,False,False,True,"['MISSING_POLICY', 'MODE_GUARDRAIL', 'NORMALIZATION_HANDOFF', 'TYPE_CHECK']",4,CANONICAL_VECTOR_REFERENCE_AVAILABLE,INFO,Canonical mapping is available for portfolio demo contract use only.,Feature/path-level mapping row consolidated from Cell 7.6 validation metadata. This row does not execute transformation logic.,READY,
ADVANCED_EDITOR,MF::mths_since_last_delinq_missing_flag,mths_since_last_delinq_missing_flag,mths_since_last_delinq_missing_flag,,MODEL_FEATURE,advanced_editor__mths_since_last_delinq_missing_flag,VALIDATION::ADVANCED_EDITOR__MTHS_SINCE_LAST_DELINQ_MISSING_FLAG__NORMALIZATION_HANDOFF__DEFER_TO_CELL_7_7__006,NORMALIZATION::ADVANCED_EDITOR::MTHS_SINCE_LAST_DELINQ_MISSING_FLAG,MAPPING::ADVANCED_EDITOR::MTHS_SINCE_LAST_DELINQ_MISSING_FLAG::TECHNICAL_CANONICAL_EDITOR,advanced_editor__mths_since_last_delinq_missing_flag__technical_canonical_editor,ADVANCED_EDITOR::mths_since_last_delinq_missing_flag,TECHNICAL_CANONICAL_EDITOR,TECHNICAL_CANONICAL_EDITOR_FIELD,INPUT_OR_CONTRACT_FIELD_TO_CANONICAL_TARGET,mths_since_last_delinq_missing_flag,mths_since_last_delinq_missing_flag,True,True,True,True,False,,CANONICAL_TARGET_MAPPED,True,True,CELL_7_7,DECLARED_ONLY_CANONICAL_VALUE_REFERENCE,False,NOT_AVAILABLE_IN_CELL_7_7_METADATA_CONTRACT,True,DECLARED_ONLY_NO_RUNTIME_TRANSFORMATION,"Normalization or transformation requirements are declared as metadata only. Cell 7.7 does not execute normalization, encoding, imputation, scaling, feature engineering, or payload assembly.",False,True,False,False,canonical_feature,True,False,False,False,True,"['MISSING_POLICY', 'MODE_GUARDRAIL', 'NORMALIZATION_HANDOFF', 'TYPE_CHECK']",4,CANONICAL_VECTOR_REFERENCE_AVAILABLE,INFO,Canonical mapping is available for portfolio demo contract use only.,Feature/path-level mapping row consolidated from Cell 7.6 validation metadata. This row does not execute transformation logic.,READY,
ADVANCED_EDITOR,MF::num_actv_bc_tl,num_actv_bc_tl,num_actv_bc_tl,,MODEL_FEATURE,advanced_editor__num_actv_bc_tl,VALIDATION::ADVANCED_EDITOR__NUM_ACTV_BC_TL__NORMALIZATION_HANDOFF__DEFER_TO_CELL_7_7__007,NORMALIZATION::ADVANCED_EDITOR::NUM_ACTV_BC_TL,MAPPING::ADVANCED_EDITOR::NUM_ACTV_BC_TL::TECHNICAL_CANONICAL_EDITOR,advanced_editor__num_actv_bc_tl__technical_canonical_editor,ADVANCED_EDITOR::num_actv_bc_tl,TECHNICAL_CANONICAL_EDITOR,TECHNICAL_CANONICAL_EDITOR_FIELD,INPUT_OR_CONTRACT_FIELD_TO_CANONICAL_TARGET,num_actv_bc_tl,num_actv_bc_tl,True,True,True,True,False,,CANONICAL_TARGET_MAPPED,True,True,CELL_7_7,DECLARED_ONLY_CANONICAL_VALUE_REFERENCE,False,NOT_AVAILABLE_IN_CELL_7_7_METADATA_CONTRACT,True,DECLARED_ONLY_NO_RUNTIME_TRANSFORMATION,"Normalization or transformation requirements are declared as metadata only. Cell 7.7 does not execute normalization, encoding, imputation, scaling, feature engineering, or payload assembly.",False,True,False,False,canonical_feature,True,False,False,False,True,"['MISSING_POLICY', 'MODE_GUARDRAIL', 'NORMALIZATION_HANDOFF', 'TYPE_CHECK']",4,CANONICAL_VECTOR_REFERENCE_AVAILABLE,INFO,Canonical mapping is available for portfolio demo contract use only.,Feature/path-level mapping row consolidated from Cell 7.6 validation metadata. This row does not execute transformation logic.,READY,
ADVANCED_EDITOR,MF::open_acc,open_acc,open_acc,,MODEL_FEATURE,advanced_editor__open_acc,VALIDATION::ADVANCED_EDITOR__OPEN_ACC__NORMALIZATION_HANDOFF__DEFER_TO_CELL_7_7__007,NORMALIZATION::ADVANCED_EDITOR::OPEN_ACC,MAPPING::ADVANCED_EDITOR::OPEN_ACC::TECHNICAL_CANONICAL_EDITOR,advanced_editor__open_acc__technical_canonical_editor,ADVANCED_EDITOR::open_acc,TECHNICAL_CANONICAL_EDITOR,TECHNICAL_CANONICAL_EDITOR_FIELD,INPUT_OR_CONTRACT_FIELD_TO_CANONICAL_TARGET,open_acc,open_acc,True,True,True,True,False,,CANONICAL_TARGET_MAPPED,True,True,CELL_7_7,DECLARED_ONLY_CANONICAL_VALUE_REFERENCE,False,NOT_AVAILABLE_IN_CELL_7_7_METADATA_CONTRACT,True,DECLARED_ONLY_NO_RUNTIME_TRANSFORMATION,"Normalization or transformation requirements are declared as metadata only. Cell 7.7 does not execute normalization, encoding, imputation, scaling, feature engineering, or payload assembly.",False,True,False,False,canonical_feature,True,False,False,False,True,"['MISSING_POLICY', 'MODE_GUARDRAIL', 'NORMALIZATION_HANDOFF', 'TYPE_CHECK']",4,CANONICAL_VECTOR_REFERENCE_AVAILABLE,INFO,Canonical mapping is available for portfolio demo contract use only.,Feature/path-level mapping row consolidated from Cell 7.6 validation metadata. This row does not execute transformation logic.,READY,
ADVANCED_EDITOR,MF::payment_to_income,payment_to_income,payment_to_income,,MODEL_FEATURE,advanced_editor__payment_to_income,VALIDATION::ADVANCED_EDITOR__PAYMENT_TO_INCOME__NORMALIZATION_HANDOFF__DEFER_TO_CELL_7_7__006,NORMALIZATION::ADVANCED_EDITOR::PAYMENT_TO_INCOME,MAPPING::ADVANCED_EDITOR::PAYMENT_TO_INCOME::TECHNICAL_CANONICAL_EDITOR,advanced_editor__payment_to_income__technical_canonical_editor,ADVANCED_EDITOR::payment_to_income,TECHNICAL_CANONICAL_EDITOR,TECHNICAL_CANONICAL_EDITOR_FIELD,INPUT_OR_CONTRACT_FIELD_TO_CANONICAL_TARGET,payment_to_income,payment_to_income,True,True,True,True,False,,CANONICAL_TARGET_MAPPED,True,True,CELL_7_7,DECLARED_ONLY_CANONICAL_VALUE_REFERENCE,False,NOT_AVAILABLE_IN_CELL_7_7_METADATA_CONTRACT,True,DECLARED_ONLY_NO_RUNTIME_TRANSFORMATION,"Normalization or transformation requirements are declared as metadata only. Cell 7.7 does not execute normalization, encoding, imputation, scaling, feature engineering, or payload assembly.",False,True,False,False,canonical_feature,True,False,False,False,True,"['MISSING_POLICY', 'MODE_GUARDRAIL', 'NORMALIZATION_HANDOFF', 'TYPE_CHECK']",4,CANONICAL_VECTOR_REFERENCE_AVAILABLE,INFO,Canonical mapping is available for portfolio demo contract use only.,Feature/path-level mapping row consolidated from Cell 7.6 validation metadata. This row does not execute transformation logic.,READY,
ADVANCED_EDITOR,MF::pct_tl_nvr_dlq,pct_tl_nvr_dlq,pct_tl_nvr_dlq,,MODEL_FEATURE,advanced_editor__pct_tl_nvr_dlq,VALIDATION::ADVANCED_EDITOR__PCT_TL_NVR_DLQ__NORMALIZATION_HANDOFF__DEFER_TO_CELL_7_7__006,NORMALIZATION::ADVANCED_EDITOR::PCT_TL_NVR_DLQ,MAPPING::ADVANCED_EDITOR::PCT_TL_NVR_DLQ::TECHNICAL_CANONICAL_EDITOR,advanced_editor__pct_tl_nvr_dlq__technical_canonical_editor,ADVANCED_EDITOR::pct_tl_nvr_dlq,TECHNICAL_CANONICAL_EDITOR,TECHNICAL_CANONICAL_EDITOR_FIELD,INPUT_OR_CONTRACT_FIELD_TO_CANONICAL_TARGET,pct_tl_nvr_dlq,pct_tl_nvr_dlq,True,True,True,True,False,,CANONICAL_TARGET_MAPPED,True,True,CELL_7_7,DECLARED_ONLY_CANONICAL_VALUE_REFERENCE,False,NOT_AVAILABLE_IN_CELL_7_7_METADATA_CONTRACT,True,DECLARED_ONLY_NO_RUNTIME_TRANSFORMATION,"Normalization or transformation requirements are declared as metadata only. Cell 7.7 does not execute normalization, encoding, imputation, scaling, feature engineering, or payload assembly.",False,True,False,False,canonical_feature,True,False,False,False,True,"['MISSING_POLICY', 'MODE_GUARDRAIL', 'NORMALIZATION_HANDOFF', 'TYPE_CHECK']",4,CANONICAL_VECTOR_REFERENCE_AVAILABLE,INFO,Canonical mapping is available for portfolio demo contract use only.,Feature/path-level mapping row consolidated from Cell 7.6 validation metadata. This row does not execute transformation logic.,READY,
ADVANCED_EDITOR,MF::pub_rec,pub_rec,pub_rec,,MODEL_FEATURE,advanced_editor__pub_rec,VALIDATION::ADVANCED_EDITOR__PUB_REC__NORMALIZATION_HANDOFF__DEFER_TO_CELL_7_7__006,NORMALIZATION::ADVANCED_EDITOR::PUB_REC,MAPPING::ADVANCED_EDITOR::PUB_REC::TECHNICAL_CANONICAL_EDITOR,advanced_editor__pub_rec__technical_canonical_editor,ADVANCED_EDITOR::pub_rec,TECHNICAL_CANONICAL_EDITOR,TECHNICAL_CANONICAL_EDITOR_FIELD,INPUT_OR_CONTRACT_FIELD_TO_CANONICAL_TARGET,pub_rec,pub_rec,True,True,True,True,False,,CANONICAL_TARGET_MAPPED,True,True,CELL_7_7,DECLARED_ONLY_CANONICAL_VALUE_REFERENCE,False,NOT_AVAILABLE_IN_CELL_7_7_METADATA_CONTRACT,True,DECLARED_ONLY_NO_RUNTIME_TRANSFORMATION,"Normalization or transformation requirements are declared as metadata only. Cell 7.7 does not execute normalization, encoding, imputation, scaling, feature engineering, or payload assembly.",False,True,False,False,canonical_feature,True,False,False,False,True,"['MISSING_POLICY', 'MODE_GUARDRAIL', 'NORMALIZATION_HANDOFF', 'TYPE_CHECK']",4,CANONICAL_VECTOR_REFERENCE_AVAILABLE,INFO,Canonical mapping is available for portfolio demo contract use only.,Feature/path-level mapping row consolidated from Cell 7.6 validation metadata. This row does not execute transformation logic.,READY,
ADVANCED_EDITOR,MF::pub_rec_bankruptcies,pub_rec_bankruptcies,pub_rec_bankruptcies,,MODEL_FEATURE,advanced_editor__pub_rec_bankruptcies,VALIDATION::ADVANCED_EDITOR__PUB_REC_BANKRUPTCIES__NORMALIZATION_HANDOFF__DEFER_TO_CELL_7_7__006,NORMALIZATION::ADVANCED_EDITOR::PUB_REC_BANKRUPTCIES,MAPPING::ADVANCED_EDITOR::PUB_REC_BANKRUPTCIES::TECHNICAL_CANONICAL_EDITOR,advanced_editor__pub_rec_bankruptcies__technical_canonical_editor,ADVANCED_EDITOR::pub_rec_bankruptcies,TECHNICAL_CANONICAL_EDITOR,TECHNICAL_CANONICAL_EDITOR_FIELD,INPUT_OR_CONTRACT_FIELD_TO_CANONICAL_TARGET,pub_rec_bankruptcies,pub_rec_bankruptcies,True,True,True,True,False,,CANONICAL_TARGET_MAPPED,True,True,CELL_7_7,DECLARED_ONLY_CANONICAL_VALUE_REFERENCE,False,NOT_AVAILABLE_IN_CELL_7_7_METADATA_CONTRACT,True,DECLARED_ONLY_NO_RUNTIME_TRANSFORMATION,"Normalization or transformation requirements are declared as metadata only. Cell 7.7 does not execute normalization, encoding, imputation, scaling, feature engineering, or payload assembly.",False,True,False,False,canonical_feature,True,False,False,False,True,"['MISSING_POLICY', 'MODE_GUARDRAIL', 'NORMALIZATION_HANDOFF', 'TYPE_CHECK']",4,CANONICAL_VECTOR_REFERENCE_AVAILABLE,INFO,Canonical mapping is available for portfolio demo contract use only.,Feature/path-level mapping row consolidated from Cell 7.6 validation metadata. This row does not execute transformation logic.,READY,
ADVANCED_EDITOR,MF::pub_rec_flag,pub_rec_flag,pub_rec_flag,,MODEL_FEATURE,advanced_editor__pub_rec_flag,VALIDATION::ADVANCED_EDITOR__PUB_REC_FLAG__NORMALIZATION_HANDOFF__DEFER_TO_CELL_7_7__006,NORMALIZATION::ADVANCED_EDITOR::PUB_REC_FLAG,MAPPING::ADVANCED_EDITOR::PUB_REC_FLAG::TECHNICAL_CANONICAL_EDITOR,advanced_editor__pub_rec_flag__technical_canonical_editor,ADVANCED_EDITOR::pub_rec_flag,TECHNICAL_CANONICAL_EDITOR,TECHNICAL_CANONICAL_EDITOR_FIELD,INPUT_OR_CONTRACT_FIELD_TO_CANONICAL_TARGET,pub_rec_flag,pub_rec_flag,True,True,True,True,False,,CANONICAL_TARGET_MAPPED,True,True,CELL_7_7,DECLARED_ONLY_CANONICAL_VALUE_REFERENCE,False,NOT_AVAILABLE_IN_CELL_7_7_METADATA_CONTRACT,True,DECLARED_ONLY_NO_RUNTIME_TRANSFORMATION,"Normalization or transformation requirements are declared as metadata only. Cell 7.7 does not execute normalization, encoding, imputation, scaling, feature engineering, or payload assembly.",False,True,False,False,canonical_feature,True,False,False,False,True,"['MISSING_POLICY', 'MODE_GUARDRAIL', 'NORMALIZATION_HANDOFF', 'TYPE_CHECK']",4,CANONICAL_VECTOR_REFERENCE_AVAILABLE,INFO,Canonical mapping is available for portfolio demo contract use only.,Feature/path-level mapping row consolidated from Cell 7.6 validation metadata. This row does not execute transformation logic.,READY,
ADVANCED_EDITOR,MF::purpose,purpose,purpose,,MODEL_FEATURE,advanced_editor__purpose,VALIDATION::ADVANCED_EDITOR__PURPOSE__NORMALIZATION_HANDOFF__DEFER_TO_CELL_7_7__006,NORMALIZATION::ADVANCED_EDITOR::PURPOSE,MAPPING::ADVANCED_EDITOR::PURPOSE::TECHNICAL_CANONICAL_EDITOR,advanced_editor__purpose__technical_canonical_editor,ADVANCED_EDITOR::purpose,TECHNICAL_CANONICAL_EDITOR,TECHNICAL_CANONICAL_EDITOR_FIELD,INPUT_OR_CONTRACT_FIELD_TO_CANONICAL_TARGET,purpose,purpose,True,True,True,True,False,,CANONICAL_TARGET_MAPPED,True,True,CELL_7_7,DECLARED_ONLY_CANONICAL_VALUE_REFERENCE,False,NOT_AVAILABLE_IN_CELL_7_7_METADATA_CONTRACT,True,DECLARED_ONLY_NO_RUNTIME_TRANSFORMATION,"Normalization or transformation requirements are declared as metadata only. Cell 7.7 does not execute normalization, encoding, imputation, scaling, feature engineering, or payload assembly.",False,True,False,False,canonical_feature,True,False,False,False,True,"['MISSING_POLICY', 'MODE_GUARDRAIL', 'NORMALIZATION_HANDOFF', 'TYPE_CHECK']",4,CANONICAL_VECTOR_REFERENCE_AVAILABLE,INFO,Canonical mapping is available for portfolio demo contract use only.,Feature/path-level mapping row consolidated from Cell 7.6 validation metadata. This row does not execute transformation logic.,READY,
ADVANCED_EDITOR,MF::revol_bal,revol_bal,revol_bal,,MODEL_FEATURE,advanced_editor__revol_bal,VALIDATION::ADVANCED_EDITOR__REVOL_BAL__NORMALIZATION_HANDOFF__DEFER_TO_CELL_7_7__006,NORMALIZATION::ADVANCED_EDITOR::REVOL_BAL,MAPPING::ADVANCED_EDITOR::REVOL_BAL::TECHNICAL_CANONICAL_EDITOR,advanced_editor__revol_bal__technical_canonical_editor,ADVANCED_EDITOR::revol_bal,TECHNICAL_CANONICAL_EDITOR,TECHNICAL_CANONICAL_EDITOR_FIELD,INPUT_OR_CONTRACT_FIELD_TO_CANONICAL_TARGET,revol_bal,revol_bal,True,True,True,True,False,,CANONICAL_TARGET_MAPPED,True,True,CELL_7_7,DECLARED_ONLY_CANONICAL_VALUE_REFERENCE,False,NOT_AVAILABLE_IN_CELL_7_7_METADATA_CONTRACT,True,DECLARED_ONLY_NO_RUNTIME_TRANSFORMATION,"Normalization or transformation requirements are declared as metadata only. Cell 7.7 does not execute normalization, encoding, imputation, scaling, feature engineering, or payload assembly.",False,True,False,False,canonical_feature,True,False,False,False,True,"['MISSING_POLICY', 'MODE_GUARDRAIL', 'NORMALIZATION_HANDOFF', 'TYPE_CHECK']",4,CANONICAL_VECTOR_REFERENCE_AVAILABLE,INFO,Canonical mapping is available for portfolio demo contract use only.,Feature/path-level mapping row consolidated from Cell 7.6 validation metadata. This row does not execute transformation logic.,READY,
ADVANCED_EDITOR,MF::revol_util,revol_util,revol_util,,MODEL_FEATURE,advanced_editor__revol_util,VALIDATION::ADVANCED_EDITOR__REVOL_UTIL__NORMALIZATION_HANDOFF__DEFER_TO_CELL_7_7__007,NORMALIZATION::ADVANCED_EDITOR::REVOL_UTIL,MAPPING::ADVANCED_EDITOR::REVOL_UTIL::TECHNICAL_CANONICAL_EDITOR,advanced_editor__revol_util__technical_canonical_editor,ADVANCED_EDITOR::revol_util,TECHNICAL_CANONICAL_EDITOR,TECHNICAL_CANONICAL_EDITOR_FIELD,INPUT_OR_CONTRACT_FIELD_TO_CANONICAL_TARGET,revol_util,revol_util,True,True,True,True,False,,CANONICAL_TARGET_MAPPED,True,True,CELL_7_7,DECLARED_ONLY_CANONICAL_VALUE_REFERENCE,False,NOT_AVAILABLE_IN_CELL_7_7_METADATA_CONTRACT,True,DECLARED_ONLY_NO_RUNTIME_TRANSFORMATION,"Normalization or transformation requirements are declared as metadata only. Cell 7.7 does not execute normalization, encoding, imputation, scaling, feature engineering, or payload assembly.",False,True,False,False,canonical_feature,True,False,False,False,True,"['MISSING_POLICY', 'MODE_GUARDRAIL', 'NORMALIZATION_HANDOFF', 'TYPE_CHECK']",4,CANONICAL_VECTOR_REFERENCE_AVAILABLE,INFO,Canonical mapping is available for portfolio demo contract use only.,Feature/path-level mapping row consolidated from Cell 7.6 validation metadata. This row does not execute transformation logic.,READY,
ADVANCED_EDITOR,MF::term_months,term_months,term_months,,MODEL_FEATURE,advanced_editor__term_months,VALIDATION::ADVANCED_EDITOR__TERM_MONTHS__NORMALIZATION_HANDOFF__DEFER_TO_CELL_7_7__007,NORMALIZATION::ADVANCED_EDITOR::TERM_MONTHS,MAPPING::ADVANCED_EDITOR::TERM_MONTHS::TECHNICAL_CANONICAL_EDITOR,advanced_editor__term_months__technical_canonical_editor,ADVANCED_EDITOR::term_months,TECHNICAL_CANONICAL_EDITOR,TECHNICAL_CANONICAL_EDITOR_FIELD,INPUT_OR_CONTRACT_FIELD_TO_CANONICAL_TARGET,term_months,term_months,True,True,True,True,False,,CANONICAL_TARGET_MAPPED,True,True,CELL_7_7,DECLARED_ONLY_CANONICAL_VALUE_REFERENCE,False,NOT_AVAILABLE_IN_CELL_7_7_METADATA_CONTRACT,True,DECLARED_ONLY_NO_RUNTIME_TRANSFORMATION,"Normalization or transformation requirements are declared as metadata only. Cell 7.7 does not execute normalization, encoding, imputation, scaling, feature engineering, or payload assembly.",False,True,False,False,canonical_feature,True,False,False,False,True,"['MISSING_POLICY', 'MODE_GUARDRAIL', 'NORMALIZATION_HANDOFF', 'TYPE_CHECK']",4,CANONICAL_VECTOR_REFERENCE_AVAILABLE,INFO,Canonical mapping is available for portfolio demo contract use only.,Feature/path-level mapping row consolidated from Cell 7.6 validation metadata. This row does not execute transformation logic.,READY,
ADVANCED_EDITOR,MF::tot_cur_bal,tot_cur_bal,tot_cur_bal,,MODEL_FEATURE,advanced_editor__tot_cur_bal,VALIDATION::ADVANCED_EDITOR__TOT_CUR_BAL__NORMALIZATION_HANDOFF__DEFER_TO_CELL_7_7__006,NORMALIZATION::ADVANCED_EDITOR::TOT_CUR_BAL,MAPPING::ADVANCED_EDITOR::TOT_CUR_BAL::TECHNICAL_CANONICAL_EDITOR,advanced_editor__tot_cur_bal__technical_canonical_editor,ADVANCED_EDITOR::tot_cur_bal,TECHNICAL_CANONICAL_EDITOR,TECHNICAL_CANONICAL_EDITOR_FIELD,INPUT_OR_CONTRACT_FIELD_TO_CANONICAL_TARGET,tot_cur_bal,tot_cur_bal,True,True,True,True,False,,CANONICAL_TARGET_MAPPED,True,True,CELL_7_7,DECLARED_ONLY_CANONICAL_VALUE_REFERENCE,False,NOT_AVAILABLE_IN_CELL_7_7_METADATA_CONTRACT,True,DECLARED_ONLY_NO_RUNTIME_TRANSFORMATION,"Normalization or transformation requirements are declared as metadata only. Cell 7.7 does not execute normalization, encoding, imputation, scaling, feature engineering, or payload assembly.",False,True,False,False,canonical_feature,True,False,False,False,True,"['MISSING_POLICY', 'MODE_GUARDRAIL', 'NORMALIZATION_HANDOFF', 'TYPE_CHECK']",4,CANONICAL_VECTOR_REFERENCE_AVAILABLE,INFO,Canonical mapping is available for portfolio demo contract use only.,Feature/path-level mapping row consolidated from Cell 7.6 validation metadata. This row does not execute transformation logic.,READY,
ADVANCED_EDITOR,MF::total_acc,total_acc,total_acc,,MODEL_FEATURE,advanced_editor__total_acc,VALIDATION::ADVANCED_EDITOR__TOTAL_ACC__NORMALIZATION_HANDOFF__DEFER_TO_CELL_7_7__007,NORMALIZATION::ADVANCED_EDITOR::TOTAL_ACC,MAPPING::ADVANCED_EDITOR::TOTAL_ACC::TECHNICAL_CANONICAL_EDITOR,advanced_editor__total_acc__technical_canonical_editor,ADVANCED_EDITOR::total_acc,TECHNICAL_CANONICAL_EDITOR,TECHNICAL_CANONICAL_EDITOR_FIELD,INPUT_OR_CONTRACT_FIELD_TO_CANONICAL_TARGET,total_acc,total_acc,True,True,True,True,False,,CANONICAL_TARGET_MAPPED,True,True,CELL_7_7,DECLARED_ONLY_CANONICAL_VALUE_REFERENCE,False,NOT_AVAILABLE_IN_CELL_7_7_METADATA_CONTRACT,True,DECLARED_ONLY_NO_RUNTIME_TRANSFORMATION,"Normalization or transformation requirements are declared as metadata only. Cell 7.7 does not execute normalization, encoding, imputation, scaling, feature engineering, or payload assembly.",False,True,False,False,canonical_feature,True,False,False,False,True,"['MISSING_POLICY', 'MODE_GUARDRAIL', 'NORMALIZATION_HANDOFF', 'TYPE_CHECK']",4,CANONICAL_VECTOR_REFERENCE_AVAILABLE,INFO,Canonical mapping is available for portfolio demo contract use only.,Feature/path-level mapping row consolidated from Cell 7.6 validation metadata. This row does not execute transformation logic.,READY,
ADVANCED_EDITOR,MF::total_rev_hi_lim,total_rev_hi_lim,total_rev_hi_lim,,MODEL_FEATURE,advanced_editor__total_rev_hi_lim,VALIDATION::ADVANCED_EDITOR__TOTAL_REV_HI_LIM__NORMALIZATION_HANDOFF__DEFER_TO_CELL_7_7__006,NORMALIZATION::ADVANCED_EDITOR::TOTAL_REV_HI_LIM,MAPPING::ADVANCED_EDITOR::TOTAL_REV_HI_LIM::TECHNICAL_CANONICAL_EDITOR,advanced_editor__total_rev_hi_lim__technical_canonical_editor,ADVANCED_EDITOR::total_rev_hi_lim,TECHNICAL_CANONICAL_EDITOR,TECHNICAL_CANONICAL_EDITOR_FIELD,INPUT_OR_CONTRACT_FIELD_TO_CANONICAL_TARGET,total_rev_hi_lim,total_rev_hi_lim,True,True,True,True,False,,CANONICAL_TARGET_MAPPED,True,True,CELL_7_7,DECLARED_ONLY_CANONICAL_VALUE_REFERENCE,False,NOT_AVAILABLE_IN_CELL_7_7_METADATA_CONTRACT,True,DECLARED_ONLY_NO_RUNTIME_TRANSFORMATION,"Normalization or transformation requirements are declared as metadata only. Cell 7.7 does not execute normalization, encoding, imputation, scaling, feature engineering, or payload assembly.",False,True,False,False,canonical_feature,True,False,False,False,True,"['MISSING_POLICY', 'MODE_GUARDRAIL', 'NORMALIZATION_HANDOFF', 'TYPE_CHECK']",4,CANONICAL_VECTOR_REFERENCE_AVAILABLE,INFO,Canonical mapping is available for portfolio demo contract use only.,Feature/path-level mapping row consolidated from Cell 7.6 validation metadata. This row does not execute transformation logic.,READY,
ADVANCED_EDITOR,MF::util_to_fico_ratio,util_to_fico_ratio,util_to_fico_ratio,,MODEL_FEATURE,advanced_editor__util_to_fico_ratio,VALIDATION::ADVANCED_EDITOR__UTIL_TO_FICO_RATIO__NORMALIZATION_HANDOFF__DEFER_TO_CELL_7_7__007,NORMALIZATION::ADVANCED_EDITOR::UTIL_TO_FICO_RATIO,MAPPING::ADVANCED_EDITOR::UTIL_TO_FICO_RATIO::TECHNICAL_CANONICAL_EDITOR,advanced_editor__util_to_fico_ratio__technical_canonical_editor,ADVANCED_EDITOR::util_to_fico_ratio,TECHNICAL_CANONICAL_EDITOR,TECHNICAL_CANONICAL_EDITOR_FIELD,INPUT_OR_CONTRACT_FIELD_TO_CANONICAL_TARGET,util_to_fico_ratio,util_to_fico_ratio,True,True,True,True,False,,CANONICAL_TARGET_MAPPED,True,True,CELL_7_7,DECLARED_ONLY_CANONICAL_VALUE_REFERENCE,False,NOT_AVAILABLE_IN_CELL_7_7_METADATA_CONTRACT,True,DECLARED_ONLY_NO_RUNTIME_TRANSFORMATION,"Normalization or transformation requirements are declared as metadata only. Cell 7.7 does not execute normalization, encoding, imputation, scaling, feature engineering, or payload assembly.",False,True,False,False,canonical_feature,True,False,False,False,True,"['MISSING_POLICY', 'MODE_GUARDRAIL', 'NORMALIZATION_HANDOFF', 'TYPE_CHECK']",4,CANONICAL_VECTOR_REFERENCE_AVAILABLE,INFO,Canonical mapping is available for portfolio demo contract use only.,Feature/path-level mapping row consolidated from Cell 7.6 validation metadata. This row does not execute transformation logic.,READY,
ADVANCED_EDITOR,MF::verification_encoded,verification_encoded,verification_encoded,,MODEL_FEATURE,advanced_editor__verification_encoded,VALIDATION::ADVANCED_EDITOR__VERIFICATION_ENCODED__NORMALIZATION_HANDOFF__DEFER_TO_CELL_7_7__006,NORMALIZATION::ADVANCED_EDITOR::VERIFICATION_ENCODED,MAPPING::ADVANCED_EDITOR::VERIFICATION_ENCODED::TECHNICAL_CANONICAL_EDITOR,advanced_editor__verification_encoded__technical_canonical_editor,ADVANCED_EDITOR::verification_encoded,TECHNICAL_CANONICAL_EDITOR,TECHNICAL_CANONICAL_EDITOR_FIELD,INPUT_OR_CONTRACT_FIELD_TO_CANONICAL_TARGET,verification_encoded,verification_encoded,True,True,True,True,False,,CANONICAL_TARGET_MAPPED,True,True,CELL_7_7,DECLARED_ONLY_CANONICAL_VALUE_REFERENCE,False,NOT_AVAILABLE_IN_CELL_7_7_METADATA_CONTRACT,True,DECLARED_ONLY_NO_RUNTIME_TRANSFORMATION,"Normalization or transformation requirements are declared as metadata only. Cell 7.7 does not execute normalization, encoding, imputation, scaling, feature engineering, or payload assembly.",False,True,False,False,canonical_feature,True,False,False,False,True,"['MISSING_POLICY', 'MODE_GUARDRAIL', 'NORMALIZATION_HANDOFF', 'TYPE_CHECK']",4,CANONICAL_VECTOR_REFERENCE_AVAILABLE,INFO,Canonical mapping is available for portfolio demo contract use only.,Feature/path-level mapping row consolidated from Cell 7.6 validation metadata. This row does not execute transformation logic.,READY,
CANONICAL_PAYLOAD,MF::acc_open_past_24mths,acc_open_past_24mths,acc_open_past_24mths,,MODEL_FEATURE,canonical_payload__acc_open_past_24mths,VALIDATION::CANONICAL_PAYLOAD__ACC_OPEN_PAST_24MTHS__NORMALIZATION_HANDOFF__DEFER_TO_CELL_7_7__006,NORMALIZATION::CANONICAL_PAYLOAD::ACC_OPEN_PAST_24MTHS,MAPPING::CANONICAL_PAYLOAD::ACC_OPEN_PAST_24MTHS::CANONICAL_PAYLOAD,canonical_payload__acc_open_past_24mths__canonical_payload,CANONICAL_PAYLOAD::acc_open_past_24mths,CANONICAL_PAYLOAD,CANONICAL_PAYLOAD_FIELD,INPUT_OR_CONTRACT_FIELD_TO_CANONICAL_TARGET,acc_open_past_24mths,acc_open_past_24mths,True,True,True,True,False,,CANONICAL_TARGET_MAPPED,True,True,CELL_7_7,DECLARED_ONLY_CANONICAL_VALUE_REFERENCE,False,NOT_AVAILABLE_IN_CELL_7_7_METADATA_CONTRACT,True,DECLARED_ONLY_NO_RUNTIME_TRANSFORMATION,"Normalization or transformation requirements are declared as metadata only. Cell 7.7 does not execute normalization, encoding, imputation, scaling, feature engineering, or payload assembly.",False,True,True,True,canonical_payload,True,False,False,False,True,"['MISSING_POLICY', 'MODE_GUARDRAIL', 'NORMALIZATION_HANDOFF', 'PAYLOAD_COMPLETENESS', 'TYPE_CHECK']",5,CANONICAL_VECTOR_REFERENCE_AVAILABLE,INFO,Canonical mapping is available for portfolio demo contract use only.,Feature/path-level mapping row consolidated from Cell 7.6 validation metadata. This row does not execute transformation logic.,READY,
CANONICAL_PAYLOAD,MF::bankruptcy_flag,bankruptcy_flag,bankruptcy_flag,,MODEL_FEATURE,canonical_payload__bankruptcy_flag,VALIDATION::CANONICAL_PAYLOAD__BANKRUPTCY_FLAG__NORMALIZATION_HANDOFF__DEFER_TO_CELL_7_7__006,NORMALIZATION::CANONICAL_PAYLOAD::BANKRUPTCY_FLAG,MAPPING::CANONICAL_PAYLOAD::BANKRUPTCY_FLAG::CANONICAL_PAYLOAD,canonical_payload__bankruptcy_flag__canonical_payload,CANONICAL_PAYLOAD::bankruptcy_flag,CANONICAL_PAYLOAD,CANONICAL_PAYLOAD_FIELD,INPUT_OR_CONTRACT_FIELD_TO_CANONICAL_TARGET,bankruptcy_flag,bankruptcy_flag,True,True,True,True,False,,CANONICAL_TARGET_MAPPED,True,True,CELL_7_7,DECLARED_ONLY_CANONICAL_VALUE_REFERENCE,False,NOT_AVAILABLE_IN_CELL_7_7_METADATA_CONTRACT,True,DECLARED_ONLY_NO_RUNTIME_TRANSFORMATION,"Normalization or transformation requirements are declared as metadata only. Cell 7.7 does not execute normalization, encoding, imputation, scaling, feature engineering, or payload assembly.",False,True,True,True,canonical_payload,True,False,False,False,True,"['MISSING_POLICY', 'MODE_GUARDRAIL', 'NORMALIZATION_HANDOFF', 'PAYLOAD_COMPLETENESS', 'TYPE_CHECK']",5,CANONICAL_VECTOR_REFERENCE_AVAILABLE,INFO,Canonical mapping is available for portfolio demo contract use only.,Feature/path-level mapping row consolidated from Cell 7.6 validation metadata. This row does not execute transformation logic.,READY,
CANONICAL_PAYLOAD,MF::bc_open_to_buy,bc_open_to_buy,bc_open_to_buy,,MODEL_FEATURE,canonical_payload__bc_open_to_buy,VALIDATION::CANONICAL_PAYLOAD__BC_OPEN_TO_BUY__NORMALIZATION_HANDOFF__DEFER_TO_CELL_7_7__006,NORMALIZATION::CANONICAL_PAYLOAD::BC_OPEN_TO_BUY,MAPPING::CANONICAL_PAYLOAD::BC_OPEN_TO_BUY::CANONICAL_PAYLOAD,canonical_payload__bc_open_to_buy__canonical_payload,CANONICAL_PAYLOAD::bc_open_to_buy,CANONICAL_PAYLOAD,CANONICAL_PAYLOAD_FIELD,INPUT_OR_CONTRACT_FIELD_TO_CANONICAL_TARGET,bc_open_to_buy,bc_open_to_buy,True,True,True,True,False,,CANONICAL_TARGET_MAPPED,True,True,CELL_7_7,DECLARED_ONLY_CANONICAL_VALUE_REFERENCE,False,NOT_AVAILABLE_IN_CELL_7_7_METADATA_CONTRACT,True,DECLARED_ONLY_NO_RUNTIME_TRANSFORMATION,"Normalization or transformation requirements are declared as metadata only. Cell 7.7 does not execute normalization, encoding, imputation, scaling, feature engineering, or payload assembly.",False,True,True,True,canonical_payload,True,False,False,False,True,"['MISSING_POLICY', 'MODE_GUARDRAIL', 'NORMALIZATION_HANDOFF', 'PAYLOAD_COMPLETENESS', 'TYPE_CHECK']",5,CANONICAL_VECTOR_REFERENCE_AVAILABLE,INFO,Canonical mapping is available for portfolio demo contract use only.,Feature/path-level mapping row consolidated from Cell 7.6 validation metadata. This row does not execute transformation logic.,READY,
CANONICAL_PAYLOAD,MF::bc_open_to_buy_missing_flag,bc_open_to_buy_missing_flag,bc_open_to_buy_missing_flag,,MODEL_FEATURE,canonical_payload__bc_open_to_buy_missing_flag,VALIDATION::CANONICAL_PAYLOAD__BC_OPEN_TO_BUY_MISSING_FLAG__NORMALIZATION_HANDOFF__DEFER_TO_CELL_7_7__006,NORMALIZATION::CANONICAL_PAYLOAD::BC_OPEN_TO_BUY_MISSING_FLAG,MAPPING::CANONICAL_PAYLOAD::BC_OPEN_TO_BUY_MISSING_FLAG::CANONICAL_PAYLOAD,canonical_payload__bc_open_to_buy_missing_flag__canonical_payload,CANONICAL_PAYLOAD::bc_open_to_buy_missing_flag,CANONICAL_PAYLOAD,CANONICAL_PAYLOAD_FIELD,INPUT_OR_CONTRACT_FIELD_TO_CANONICAL_TARGET,bc_open_to_buy_missing_flag,bc_open_to_buy_missing_flag,True,True,True,True,False,,CANONICAL_TARGET_MAPPED,True,True,CELL_7_7,DECLARED_ONLY_CANONICAL_VALUE_REFERENCE,False,NOT_AVAILABLE_IN_CELL_7_7_METADATA_CONTRACT,True,DECLARED_ONLY_NO_RUNTIME_TRANSFORMATION,"Normalization or transformation requirements are declared as metadata only. Cell 7.7 does not execute normalization, encoding, imputation, scaling, feature engineering, or payload assembly.",False,True,True,True,canonical_payload,True,False,False,False,True,"['MISSING_POLICY', 'MODE_GUARDRAIL', 'NORMALIZATION_HANDOFF', 'PAYLOAD_COMPLETENESS', 'TYPE_CHECK']",5,CANONICAL_VECTOR_REFERENCE_AVAILABLE,INFO,Canonical mapping is available for portfolio demo contract use only.,Feature/path-level mapping row consolidated from Cell 7.6 validation metadata. This row does not execute transformation logic.,READY,
CANONICAL_PAYLOAD,MF::bc_util,bc_util,bc_util,,MODEL_FEATURE,canonical_payload__bc_util,VALIDATION::CANONICAL_PAYLOAD__BC_UTIL__NORMALIZATION_HANDOFF__DEFER_TO_CELL_7_7__006,NORMALIZATION::CANONICAL_PAYLOAD::BC_UTIL,MAPPING::CANONICAL_PAYLOAD::BC_UTIL::CANONICAL_PAYLOAD,canonical_payload__bc_util__canonical_payload,CANONICAL_PAYLOAD::bc_util,CANONICAL_PAYLOAD,CANONICAL_PAYLOAD_FIELD,INPUT_OR_CONTRACT_FIELD_TO_CANONICAL_TARGET,bc_util,bc_util,True,True,True,True,False,,CANONICAL_TARGET_MAPPED,True,True,CELL_7_7,DECLARED_ONLY_CANONICAL_VALUE_REFERENCE,False,NOT_AVAILABLE_IN_CELL_7_7_METADATA_CONTRACT,True,DECLARED_ONLY_NO_RUNTIME_TRANSFORMATION,"Normalization or transformation requirements are declared as metadata only. Cell 7.7 does not execute normalization, encoding, imputation, scaling, feature engineering, or payload assembly.",False,True,True,True,canonical_payload,True,False,False,False,True,"['MISSING_POLICY', 'MODE_GUARDRAIL', 'NORMALIZATION_HANDOFF', 'PAYLOAD_COMPLETENESS', 'TYPE_CHECK']",5,CANONICAL_VECTOR_REFERENCE_AVAILABLE,INFO,Canonical mapping is available for portfolio demo contract use only.,Feature/path-level mapping row consolidated from Cell 7.6 validation metadata. This row does not execute transformation logic.,READY,
CANONICAL_PAYLOAD,MF::bc_util_missing_flag,bc_util_missing_flag,bc_util_missing_flag,,MODEL_FEATURE,canonical_payload__bc_util_missing_flag,VALIDATION::CANONICAL_PAYLOAD__BC_UTIL_MISSING_FLAG__NORMALIZATION_HANDOFF__DEFER_TO_CELL_7_7__006,NORMALIZATION::CANONICAL_PAYLOAD::BC_UTIL_MISSING_FLAG,MAPPING::CANONICAL_PAYLOAD::BC_UTIL_MISSING_FLAG::CANONICAL_PAYLOAD,canonical_payload__bc_util_missing_flag__canonical_payload,CANONICAL_PAYLOAD::bc_util_missing_flag,CANONICAL_PAYLOAD,CANONICAL_PAYLOAD_FIELD,INPUT_OR_CONTRACT_FIELD_TO_CANONICAL_TARGET,bc_util_missing_flag,bc_util_missing_flag,True,True,True,True,False,,CANONICAL_TARGET_MAPPED,True,True,CELL_7_7,DECLARED_ONLY_CANONICAL_VALUE_REFERENCE,False,NOT_AVAILABLE_IN_CELL_7_7_METADATA_CONTRACT,True,DECLARED_ONLY_NO_RUNTIME_TRANSFORMATION,"Normalization or transformation requirements are declared as metadata only. Cell 7.7 does not execute normalization, encoding, imputation, scaling, feature engineering, or payload assembly.",False,True,True,True,canonical_payload,True,False,False,False,True,"['MISSING_POLICY', 'MODE_GUARDRAIL', 'NORMALIZATION_HANDOFF', 'PAYLOAD_COMPLETENESS', 'TYPE_CHECK']",5,CANONICAL_VECTOR_REFERENCE_AVAILABLE,INFO,Canonical mapping is available for portfolio demo contract use only.,Feature/path-level mapping row consolidated from Cell 7.6 validation metadata. This row does not execute transformation logic.,READY,
CANONICAL_PAYLOAD,MF::debt_to_income_revol,debt_to_income_revol,debt_to_income_revol,,MODEL_FEATURE,canonical_payload__debt_to_income_revol,VALIDATION::CANONICAL_PAYLOAD__DEBT_TO_INCOME_REVOL__NORMALIZATION_HANDOFF__DEFER_TO_CELL_7_7__006,NORMALIZATION::CANONICAL_PAYLOAD::DEBT_TO_INCOME_REVOL,MAPPING::CANONICAL_PAYLOAD::DEBT_TO_INCOME_REVOL::CANONICAL_PAYLOAD,canonical_payload__debt_to_income_revol__canonical_payload,CANONICAL_PAYLOAD::debt_to_income_revol,CANONICAL_PAYLOAD,CANONICAL_PAYLOAD_FIELD,INPUT_OR_CONTRACT_FIELD_TO_CANONICAL_TARGET,debt_to_income_revol,debt_to_income_revol,True,True,True,True,False,,CANONICAL_TARGET_MAPPED,True,True,CELL_7_7,DECLARED_ONLY_CANONICAL_VALUE_REFERENCE,False,NOT_AVAILABLE_IN_CELL_7_7_METADATA_CONTRACT,True,DECLARED_ONLY_NO_RUNTIME_TRANSFORMATION,"Normalization or transformation requirements are declared as metadata only. Cell 7.7 does not execute normalization, encoding, imputation, scaling, feature engineering, or payload assembly.",False,True,True,True,canonical_payload,True,False,False,False,True,"['MISSING_POLICY', 'MODE_GUARDRAIL', 'NORMALIZATION_HANDOFF', 'PAYLOAD_COMPLETENESS', 'TYPE_CHECK']",5,CANONICAL_VECTOR_REFERENCE_AVAILABLE,INFO,Canonical mapping is available for portfolio demo contract use only.,Feature/path-level mapping row consolidated from Cell 7.6 validation metadata. This row does not execute transformation logic.,READY,
CANONICAL_PAYLOAD,MF::delinq_2yrs,delinq_2yrs,delinq_2yrs,,MODEL_FEATURE,canonical_payload__delinq_2yrs,VALIDATION::CANONICAL_PAYLOAD__DELINQ_2YRS__NORMALIZATION_HANDOFF__DEFER_TO_CELL_7_7__006,NORMALIZATION::CANONICAL_PAYLOAD::DELINQ_2YRS,MAPPING::CANONICAL_PAYLOAD::DELINQ_2YRS::CANONICAL_PAYLOAD,canonical_payload__delinq_2yrs__canonical_payload,CANONICAL_PAYLOAD::delinq_2yrs,CANONICAL_PAYLOAD,CANONICAL_PAYLOAD_FIELD,INPUT_OR_CONTRACT_FIELD_TO_CANONICAL_TARGET,delinq_2yrs,delinq_2yrs,True,True,True,True,False,,CANONICAL_TARGET_MAPPED,True,True,CELL_7_7,DECLARED_ONLY_CANONICAL_VALUE_REFERENCE,False,NOT_AVAILABLE_IN_CELL_7_7_METADATA_CONTRACT,True,DECLARED_ONLY_NO_RUNTIME_TRANSFORMATION,"Normalization or transformation requirements are declared as metadata only. Cell 7.7 does not execute normalization, encoding, imputation, scaling, feature engineering, or payload assembly.",False,True,True,True,canonical_payload,True,False,False,False,True,"['MISSING_POLICY', 'MODE_GUARDRAIL', 'NORMALIZATION_HANDOFF', 'PAYLOAD_COMPLETENESS', 'TYPE_CHECK']",5,CANONICAL_VECTOR_REFERENCE_AVAILABLE,INFO,Canonical mapping is available for portfolio demo contract use only.,Feature/path-level mapping row consolidated from Cell 7.6 validation metadata. This row does not execute transformation logic.,READY,
CANONICAL_PAYLOAD,MF::delinq_flag,delinq_flag,delinq_flag,,MODEL_FEATURE,canonical_payload__delinq_flag,VALIDATION::CANONICAL_PAYLOAD__DELINQ_FLAG__NORMALIZATION_HANDOFF__DEFER_TO_CELL_7_7__006,NORMALIZATION::CANONICAL_PAYLOAD::DELINQ_FLAG,MAPPING::CANONICAL_PAYLOAD::DELINQ_FLAG::CANONICAL_PAYLOAD,canonical_payload__delinq_flag__canonical_payload,CANONICAL_PAYLOAD::delinq_flag,CANONICAL_PAYLOAD,CANONICAL_PAYLOAD_FIELD,INPUT_OR_CONTRACT_FIELD_TO_CANONICAL_TARGET,delinq_flag,delinq_flag,True,True,True,True,False,,CANONICAL_TARGET_MAPPED,True,True,CELL_7_7,DECLARED_ONLY_CANONICAL_VALUE_REFERENCE,False,NOT_AVAILABLE_IN_CELL_7_7_METADATA_CONTRACT,True,DECLARED_ONLY_NO_RUNTIME_TRANSFORMATION,"Normalization or transformation requirements are declared as metadata only. Cell 7.7 does not execute normalization, encoding, imputation, scaling, feature engineering, or payload assembly.",False,True,True,True,canonical_payload,True,False,False,False,True,"['MISSING_POLICY', 'MODE_GUARDRAIL', 'NORMALIZATION_HANDOFF', 'PAYLOAD_COMPLETENESS', 'TYPE_CHECK']",5,CANONICAL_VECTOR_REFERENCE_AVAILABLE,INFO,Canonical mapping is available for portfolio demo contract use only.,Feature/path-level mapping row consolidated from Cell 7.6 validation metadata. This row does not execute transformation logic.,READY,
CANONICAL_PAYLOAD,MF::dti,dti,dti,,MODEL_FEATURE,canonical_payload__dti,VALIDATION::CANONICAL_PAYLOAD__DTI__NORMALIZATION_HANDOFF__DEFER_TO_CELL_7_7__006,NORMALIZATION::CANONICAL_PAYLOAD::DTI,MAPPING::CANONICAL_PAYLOAD::DTI::CANONICAL_PAYLOAD,canonical_payload__dti__canonical_payload,CANONICAL_PAYLOAD::dti,CANONICAL_PAYLOAD,CANONICAL_PAYLOAD_FIELD,INPUT_OR_CONTRACT_FIELD_TO_CANONICAL_TARGET,dti,dti,True,True,True,True,False,,CANONICAL_TARGET_MAPPED,True,True,CELL_7_7,DECLARED_ONLY_CANONICAL_VALUE_REFERENCE,False,NOT_AVAILABLE_IN_CELL_7_7_METADATA_CONTRACT,True,DECLARED_ONLY_NO_RUNTIME_TRANSFORMATION,"Normalization or transformation requirements are declared as metadata only. Cell 7.7 does not execute normalization, encoding, imputation, scaling, feature engineering, or payload assembly.",False,True,True,True,canonical_payload,True,False,False,False,True,"['MISSING_POLICY', 'MODE_GUARDRAIL', 'NORMALIZATION_HANDOFF', 'PAYLOAD_COMPLETENESS', 'TYPE_CHECK']",5,CANONICAL_VECTOR_REFERENCE_AVAILABLE,INFO,Canonical mapping is available for portfolio demo contract use only.,Feature/path-level mapping row consolidated from Cell 7.6 validation metadata. This row does not execute transformation logic.,READY,
CANONICAL_PAYLOAD,MF::fico_avg,fico_avg,fico_avg,,MODEL_FEATURE,canonical_payload__fico_avg,VALIDATION::CANONICAL_PAYLOAD__FICO_AVG__NORMALIZATION_HANDOFF__DEFER_TO_CELL_7_7__006,NORMALIZATION::CANONICAL_PAYLOAD::FICO_AVG,MAPPING::CANONICAL_PAYLOAD::FICO_AVG::CANONICAL_PAYLOAD,canonical_payload__fico_avg__canonical_payload,CANONICAL_PAYLOAD::fico_avg,CANONICAL_PAYLOAD,CANONICAL_PAYLOAD_FIELD,INPUT_OR_CONTRACT_FIELD_TO_CANONICAL_TARGET,fico_avg,fico_avg,True,True,True,True,False,,CANONICAL_TARGET_MAPPED,True,True,CELL_7_7,DECLARED_ONLY_CANONICAL_VALUE_REFERENCE,False,NOT_AVAILABLE_IN_CELL_7_7_METADATA_CONTRACT,True,DECLARED_ONLY_NO_RUNTIME_TRANSFORMATION,"Normalization or transformation requirements are declared as metadata only. Cell 7.7 does not execute normalization, encoding, imputation, scaling, feature engineering, or payload assembly.",False,True,True,True,canonical_payload,True,False,False,False,True,"['MISSING_POLICY', 'MODE_GUARDRAIL', 'NORMALIZATION_HANDOFF', 'PAYLOAD_COMPLETENESS', 'TYPE_CHECK']",5,CANONICAL_VECTOR_REFERENCE_AVAILABLE,INFO,Canonical mapping is available for portfolio demo contract use only.,Feature/path-level mapping row consolidated from Cell 7.6 validation metadata. This row does not execute transformation logic.,READY,
CANONICAL_PAYLOAD,MF::grade_encoded,grade_encoded,grade_encoded,,MODEL_FEATURE,canonical_payload__grade_encoded,VALIDATION::CANONICAL_PAYLOAD__GRADE_ENCODED__NORMALIZATION_HANDOFF__DEFER_TO_CELL_7_7__007,NORMALIZATION::CANONICAL_PAYLOAD::GRADE_ENCODED,MAPPING::CANONICAL_PAYLOAD::GRADE_ENCODED::LIMITATION_AWARE_MAPPING,canonical_payload__grade_encoded__limitation_aware_mapping,CANONICAL_PAYLOAD::grade_encoded,LIMITATION_AWARE_MAPPING,LIMITED_CANONICAL_FIELD,INPUT_OR_CONTRACT_FIELD_TO_CANONICAL_TARGET,grade_encoded,grade_encoded,True,True,True,True,False,,CANONICAL_TARGET_MAPPED,True,True,CELL_7_7,DECLARED_ONLY_LIMITATION_AWARE_CANONICAL_REFERENCE,False,NOT_AVAILABLE_IN_CELL_7_7_METADATA_CONTRACT,True,DECLARED_ONLY_NO_RUNTIME_TRANSFORMATION,"Normalization or transformation requirements are declared as metadata only. Cell 7.7 does not execute normalization, encoding, imputation, scaling, feature engineering, or payload assembly.",False,True,True,True,canonical_payload,True,True,True,True,True,"['LIMITATION_DISCLOSURE', 'MISSING_POLICY', 'MODE_GUARDRAIL', 'NORMALIZATION_HANDOFF', 'PAYLOAD_COMPLETENESS', 'TYPE_CHECK']",6,CANONICAL_VECTOR_REFERENCE_AVAILABLE,WARNING,"grade_encoded is a limitation-aware canonical field. It is allowed only in synthetic, technical, or canonical payload paths with disclosure.",Feature/path-level mapping row consolidated from Cell 7.6 validation metadata. This row does not execute transformation logic.,READY_WITH_LIMITATION,
CANONICAL_PAYLOAD,MF::high_revol_util_flag,high_revol_util_flag,high_revol_util_flag,,MODEL_FEATURE,canonical_payload__high_revol_util_flag,VALIDATION::CANONICAL_PAYLOAD__HIGH_REVOL_UTIL_FLAG__NORMALIZATION_HANDOFF__DEFER_TO_CELL_7_7__006,NORMALIZATION::CANONICAL_PAYLOAD::HIGH_REVOL_UTIL_FLAG,MAPPING::CANONICAL_PAYLOAD::HIGH_REVOL_UTIL_FLAG::CANONICAL_PAYLOAD,canonical_payload__high_revol_util_flag__canonical_payload,CANONICAL_PAYLOAD::high_revol_util_flag,CANONICAL_PAYLOAD,CANONICAL_PAYLOAD_FIELD,INPUT_OR_CONTRACT_FIELD_TO_CANONICAL_TARGET,high_revol_util_flag,high_revol_util_flag,True,True,True,True,False,,CANONICAL_TARGET_MAPPED,True,True,CELL_7_7,DECLARED_ONLY_CANONICAL_VALUE_REFERENCE,False,NOT_AVAILABLE_IN_CELL_7_7_METADATA_CONTRACT,True,DECLARED_ONLY_NO_RUNTIME_TRANSFORMATION,"Normalization or transformation requirements are declared as metadata only. Cell 7.7 does not execute normalization, encoding, imputation, scaling, feature engineering, or payload assembly.",False,True,True,True,canonical_payload,True,False,False,False,True,"['MISSING_POLICY', 'MODE_GUARDRAIL', 'NORMALIZATION_HANDOFF', 'PAYLOAD_COMPLETENESS', 'TYPE_CHECK']",5,CANONICAL_VECTOR_REFERENCE_AVAILABLE,INFO,Canonical mapping is available for portfolio demo contract use only.,Feature/path-level mapping row consolidated from Cell 7.6 validation metadata. This row does not execute transformation logic.,READY,
CANONICAL_PAYLOAD,MF::home_ownership_encoded,home_ownership_encoded,home_ownership_encoded,,MODEL_FEATURE,canonical_payload__home_ownership_encoded,VALIDATION::CANONICAL_PAYLOAD__HOME_OWNERSHIP_ENCODED__NORMALIZATION_HANDOFF__DEFER_TO_CELL_7_7__006,NORMALIZATION::CANONICAL_PAYLOAD::HOME_OWNERSHIP_ENCODED,MAPPING::CANONICAL_PAYLOAD::HOME_OWNERSHIP_ENCODED::CANONICAL_PAYLOAD,canonical_payload__home_ownership_encoded__canonical_payload,CANONICAL_PAYLOAD::home_ownership_encoded,CANONICAL_PAYLOAD,CANONICAL_PAYLOAD_FIELD,INPUT_OR_CONTRACT_FIELD_TO_CANONICAL_TARGET,home_ownership_encoded,home_ownership_encoded,True,True,True,True,False,,CANONICAL_TARGET_MAPPED,True,True,CELL_7_7,DECLARED_ONLY_CANONICAL_VALUE_REFERENCE,False,NOT_AVAILABLE_IN_CELL_7_7_METADATA_CONTRACT,True,DECLARED_ONLY_NO_RUNTIME_TRANSFORMATION,"Normalization or transformation requirements are declared as metadata only. Cell 7.7 does not execute normalization, encoding, imputation, scaling, feature engineering, or payload assembly.",False,True,True,True,canonical_payload,True,False,False,False,True,"['MISSING_POLICY', 'MODE_GUARDRAIL', 'NORMALIZATION_HANDOFF', 'PAYLOAD_COMPLETENESS', 'TYPE_CHECK']",5,CANONICAL_VECTOR_REFERENCE_AVAILABLE,INFO,Canonical mapping is available for portfolio demo contract use only.,Feature/path-level mapping row consolidated from Cell 7.6 validation metadata. This row does not execute transformation logic.,READY,
CANONICAL_PAYLOAD,MF::inq_last_6mths,inq_last_6mths,inq_last_6mths,,MODEL_FEATURE,canonical_payload__inq_last_6mths,VALIDATION::CANONICAL_PAYLOAD__INQ_LAST_6MTHS__NORMALIZATION_HANDOFF__DEFER_TO_CELL_7_7__006,NORMALIZATION::CANONICAL_PAYLOAD::INQ_LAST_6MTHS,MAPPING::CANONICAL_PAYLOAD::INQ_LAST_6MTHS::CANONICAL_PAYLOAD,canonical_payload__inq_last_6mths__canonical_payload,CANONICAL_PAYLOAD::inq_last_6mths,CANONICAL_PAYLOAD,CANONICAL_PAYLOAD_FIELD,INPUT_OR_CONTRACT_FIELD_TO_CANONICAL_TARGET,inq_last_6mths,inq_last_6mths,True,True,True,True,False,,CANONICAL_TARGET_MAPPED,True,True,CELL_7_7,DECLARED_ONLY_CANONICAL_VALUE_REFERENCE,False,NOT_AVAILABLE_IN_CELL_7_7_METADATA_CONTRACT,True,DECLARED_ONLY_NO_RUNTIME_TRANSFORMATION,"Normalization or transformation requirements are declared as metadata only. Cell 7.7 does not execute normalization, encoding, imputation, scaling, feature engineering, or payload assembly.",False,True,True,True,canonical_payload,True,False,False,False,True,"['MISSING_POLICY', 'MODE_GUARDRAIL', 'NORMALIZATION_HANDOFF', 'PAYLOAD_COMPLETENESS', 'TYPE_CHECK']",5,CANONICAL_VECTOR_REFERENCE_AVAILABLE,INFO,Canonical mapping is available for portfolio demo contract use only.,Feature/path-level mapping row consolidated from Cell 7.6 validation metadata. This row does not execute transformation logic.,READY,
CANONICAL_PAYLOAD,MF::inq_per_open_acc,inq_per_open_acc,inq_per_open_acc,,MODEL_FEATURE,canonical_payload__inq_per_open_acc,VALIDATION::CANONICAL_PAYLOAD__INQ_PER_OPEN_ACC__NORMALIZATION_HANDOFF__DEFER_TO_CELL_7_7__006,NORMALIZATION::CANONICAL_PAYLOAD::INQ_PER_OPEN_ACC,MAPPING::CANONICAL_PAYLOAD::INQ_PER_OPEN_ACC::CANONICAL_PAYLOAD,canonical_payload__inq_per_open_acc__canonical_payload,CANONICAL_PAYLOAD::inq_per_open_acc,CANONICAL_PAYLOAD,CANONICAL_PAYLOAD_FIELD,INPUT_OR_CONTRACT_FIELD_TO_CANONICAL_TARGET,inq_per_open_acc,inq_per_open_acc,True,True,True,True,False,,CANONICAL_TARGET_MAPPED,True,True,CELL_7_7,DECLARED_ONLY_CANONICAL_VALUE_REFERENCE,False,NOT_AVAILABLE_IN_CELL_7_7_METADATA_CONTRACT,True,DECLARED_ONLY_NO_RUNTIME_TRANSFORMATION,"Normalization or transformation requirements are declared as metadata only. Cell 7.7 does not execute normalization, encoding, imputation, scaling, feature engineering, or payload assembly.",False,True,True,True,canonical_payload,True,False,False,False,True,"['MISSING_POLICY', 'MODE_GUARDRAIL', 'NORMALIZATION_HANDOFF', 'PAYLOAD_COMPLETENESS', 'TYPE_CHECK']",5,CANONICAL_VECTOR_REFERENCE_AVAILABLE,INFO,Canonical mapping is available for portfolio demo contract use only.,Feature/path-level mapping row consolidated from Cell 7.6 validation metadata. This row does not execute transformation logic.,READY,
CANONICAL_PAYLOAD,MF::installment,installment,installment,,MODEL_FEATURE,canonical_payload__installment,VALIDATION::CANONICAL_PAYLOAD__INSTALLMENT__NORMALIZATION_HANDOFF__DEFER_TO_CELL_7_7__006,NORMALIZATION::CANONICAL_PAYLOAD::INSTALLMENT,MAPPING::CANONICAL_PAYLOAD::INSTALLMENT::CANONICAL_PAYLOAD,canonical_payload__installment__canonical_payload,CANONICAL_PAYLOAD::installment,CANONICAL_PAYLOAD,CANONICAL_PAYLOAD_FIELD,INPUT_OR_CONTRACT_FIELD_TO_CANONICAL_TARGET,installment,installment,True,True,True,True,False,,CANONICAL_TARGET_MAPPED,True,True,CELL_7_7,DECLARED_ONLY_CANONICAL_VALUE_REFERENCE,False,NOT_AVAILABLE_IN_CELL_7_7_METADATA_CONTRACT,True,DECLARED_ONLY_NO_RUNTIME_TRANSFORMATION,"Normalization or transformation requirements are declared as metadata only. Cell 7.7 does not execute normalization, encoding, imputation, scaling, feature engineering, or payload assembly.",False,True,True,True,canonical_payload,True,False,False,False,True,"['MISSING_POLICY', 'MODE_GUARDRAIL', 'NORMALIZATION_HANDOFF', 'PAYLOAD_COMPLETENESS', 'TYPE_CHECK']",5,CANONICAL_VECTOR_REFERENCE_AVAILABLE,INFO,Canonical mapping is available for portfolio demo contract use only.,Feature/path-level mapping row consolidated from Cell 7.6 validation metadata. This row does not execute transformation logic.,READY,
CANONICAL_PAYLOAD,MF::is_60_month,is_60_month,is_60_month,,MODEL_FEATURE,canonical_payload__is_60_month,VALIDATION::CANONICAL_PAYLOAD__IS_60_MONTH__NORMALIZATION_HANDOFF__DEFER_TO_CELL_7_7__006,NORMALIZATION::CANONICAL_PAYLOAD::IS_60_MONTH,MAPPING::CANONICAL_PAYLOAD::IS_60_MONTH::CANONICAL_PAYLOAD,canonical_payload__is_60_month__canonical_payload,CANONICAL_PAYLOAD::is_60_month,CANONICAL_PAYLOAD,CANONICAL_PAYLOAD_FIELD,INPUT_OR_CONTRACT_FIELD_TO_CANONICAL_TARGET,is_60_month,is_60_month,True,True,True,True,False,,CANONICAL_TARGET_MAPPED,True,True,CELL_7_7,DECLARED_ONLY_CANONICAL_VALUE_REFERENCE,False,NOT_AVAILABLE_IN_CELL_7_7_METADATA_CONTRACT,True,DECLARED_ONLY_NO_RUNTIME_TRANSFORMATION,"Normalization or transformation requirements are declared as metadata only. Cell 7.7 does not execute normalization, encoding, imputation, scaling, feature engineering, or payload assembly.",False,True,True,True,canonical_payload,True,False,False,False,True,"['MISSING_POLICY', 'MODE_GUARDRAIL', 'NORMALIZATION_HANDOFF', 'PAYLOAD_COMPLETENESS', 'TYPE_CHECK']",5,CANONICAL_VECTOR_REFERENCE_AVAILABLE,INFO,Canonical mapping is available for portfolio demo contract use only.,Feature/path-level mapping row consolidated from Cell 7.6 validation metadata. This row does not execute transformation logic.,READY,
CANONICAL_PAYLOAD,MF::loan_amnt,loan_amnt,loan_amnt,,MODEL_FEATURE,canonical_payload__loan_amnt,VALIDATION::CANONICAL_PAYLOAD__LOAN_AMNT__NORMALIZATION_HANDOFF__DEFER_TO_CELL_7_7__006,NORMALIZATION::CANONICAL_PAYLOAD::LOAN_AMNT,MAPPING::CANONICAL_PAYLOAD::LOAN_AMNT::CANONICAL_PAYLOAD,canonical_payload__loan_amnt__canonical_payload,CANONICAL_PAYLOAD::loan_amnt,CANONICAL_PAYLOAD,CANONICAL_PAYLOAD_FIELD,INPUT_OR_CONTRACT_FIELD_TO_CANONICAL_TARGET,loan_amnt,loan_amnt,True,True,True,True,False,,CANONICAL_TARGET_MAPPED,True,True,CELL_7_7,DECLARED_ONLY_CANONICAL_VALUE_REFERENCE,False,NOT_AVAILABLE_IN_CELL_7_7_METADATA_CONTRACT,True,DECLARED_ONLY_NO_RUNTIME_TRANSFORMATION,"Normalization or transformation requirements are declared as metadata only. Cell 7.7 does not execute normalization, encoding, imputation, scaling, feature engineering, or payload assembly.",False,True,True,True,canonical_payload,True,False,False,False,True,"['MISSING_POLICY', 'MODE_GUARDRAIL', 'NORMALIZATION_HANDOFF', 'PAYLOAD_COMPLETENESS', 'TYPE_CHECK']",5,CANONICAL_VECTOR_REFERENCE_AVAILABLE,INFO,Canonical mapping is available for portfolio demo contract use only.,Feature/path-level mapping row consolidated from Cell 7.6 validation metadata. This row does not execute transformation logic.,READY,
CANONICAL_PAYLOAD,MF::loan_to_income,loan_to_income,loan_to_income,,MODEL_FEATURE,canonical_payload__loan_to_income,VALIDATION::CANONICAL_PAYLOAD__LOAN_TO_INCOME__NORMALIZATION_HANDOFF__DEFER_TO_CELL_7_7__006,NORMALIZATION::CANONICAL_PAYLOAD::LOAN_TO_INCOME,MAPPING::CANONICAL_PAYLOAD::LOAN_TO_INCOME::CANONICAL_PAYLOAD,canonical_payload__loan_to_income__canonical_payload,CANONICAL_PAYLOAD::loan_to_income,CANONICAL_PAYLOAD,CANONICAL_PAYLOAD_FIELD,INPUT_OR_CONTRACT_FIELD_TO_CANONICAL_TARGET,loan_to_income,loan_to_income,True,True,True,True,False,,CANONICAL_TARGET_MAPPED,True,True,CELL_7_7,DECLARED_ONLY_CANONICAL_VALUE_REFERENCE,False,NOT_AVAILABLE_IN_CELL_7_7_METADATA_CONTRACT,True,DECLARED_ONLY_NO_RUNTIME_TRANSFORMATION,"Normalization or transformation requirements are declared as metadata only. Cell 7.7 does not execute normalization, encoding, imputation, scaling, feature engineering, or payload assembly.",False,True,True,True,canonical_payload,True,False,False,False,True,"['MISSING_POLICY', 'MODE_GUARDRAIL', 'NORMALIZATION_HANDOFF', 'PAYLOAD_COMPLETENESS', 'TYPE_CHECK']",5,CANONICAL_VECTOR_REFERENCE_AVAILABLE,INFO,Canonical mapping is available for portfolio demo contract use only.,Feature/path-level mapping row consolidated from Cell 7.6 validation metadata. This row does not execute transformation logic.,READY,
CANONICAL_PAYLOAD,MF::log_annual_inc,log_annual_inc,log_annual_inc,,MODEL_FEATURE,canonical_payload__log_annual_inc,VALIDATION::CANONICAL_PAYLOAD__LOG_ANNUAL_INC__NORMALIZATION_HANDOFF__DEFER_TO_CELL_7_7__006,NORMALIZATION::CANONICAL_PAYLOAD::LOG_ANNUAL_INC,MAPPING::CANONICAL_PAYLOAD::LOG_ANNUAL_INC::CANONICAL_PAYLOAD,canonical_payload__log_annual_inc__canonical_payload,CANONICAL_PAYLOAD::log_annual_inc,CANONICAL_PAYLOAD,CANONICAL_PAYLOAD_FIELD,INPUT_OR_CONTRACT_FIELD_TO_CANONICAL_TARGET,log_annual_inc,log_annual_inc,True,True,True,True,False,,CANONICAL_TARGET_MAPPED,True,True,CELL_7_7,DECLARED_ONLY_CANONICAL_VALUE_REFERENCE,False,NOT_AVAILABLE_IN_CELL_7_7_METADATA_CONTRACT,True,DECLARED_ONLY_NO_RUNTIME_TRANSFORMATION,"Normalization or transformation requirements are declared as metadata only. Cell 7.7 does not execute normalization, encoding, imputation, scaling, feature engineering, or payload assembly.",False,True,True,True,canonical_payload,True,False,False,False,True,"['MISSING_POLICY', 'MODE_GUARDRAIL', 'NORMALIZATION_HANDOFF', 'PAYLOAD_COMPLETENESS', 'TYPE_CHECK']",5,CANONICAL_VECTOR_REFERENCE_AVAILABLE,INFO,Canonical mapping is available for portfolio demo contract use only.,Feature/path-level mapping row consolidated from Cell 7.6 validation metadata. This row does not execute transformation logic.,READY,
CANONICAL_PAYLOAD,MF::log_loan_amnt,log_loan_amnt,log_loan_amnt,,MODEL_FEATURE,canonical_payload__log_loan_amnt,VALIDATION::CANONICAL_PAYLOAD__LOG_LOAN_AMNT__NORMALIZATION_HANDOFF__DEFER_TO_CELL_7_7__006,NORMALIZATION::CANONICAL_PAYLOAD::LOG_LOAN_AMNT,MAPPING::CANONICAL_PAYLOAD::LOG_LOAN_AMNT::CANONICAL_PAYLOAD,canonical_payload__log_loan_amnt__canonical_payload,CANONICAL_PAYLOAD::log_loan_amnt,CANONICAL_PAYLOAD,CANONICAL_PAYLOAD_FIELD,INPUT_OR_CONTRACT_FIELD_TO_CANONICAL_TARGET,log_loan_amnt,log_loan_amnt,True,True,True,True,False,,CANONICAL_TARGET_MAPPED,True,True,CELL_7_7,DECLARED_ONLY_CANONICAL_VALUE_REFERENCE,False,NOT_AVAILABLE_IN_CELL_7_7_METADATA_CONTRACT,True,DECLARED_ONLY_NO_RUNTIME_TRANSFORMATION,"Normalization or transformation requirements are declared as metadata only. Cell 7.7 does not execute normalization, encoding, imputation, scaling, feature engineering, or payload assembly.",False,True,True,True,canonical_payload,True,False,False,False,True,"['MISSING_POLICY', 'MODE_GUARDRAIL', 'NORMALIZATION_HANDOFF', 'PAYLOAD_COMPLETENESS', 'TYPE_CHECK']",5,CANONICAL_VECTOR_REFERENCE_AVAILABLE,INFO,Canonical mapping is available for portfolio demo contract use only.,Feature/path-level mapping row consolidated from Cell 7.6 validation metadata. This row does not execute transformation logic.,READY,
CANONICAL_PAYLOAD,MF::log_revol_bal,log_revol_bal,log_revol_bal,,MODEL_FEATURE,canonical_payload__log_revol_bal,VALIDATION::CANONICAL_PAYLOAD__LOG_REVOL_BAL__NORMALIZATION_HANDOFF__DEFER_TO_CELL_7_7__006,NORMALIZATION::CANONICAL_PAYLOAD::LOG_REVOL_BAL,MAPPING::CANONICAL_PAYLOAD::LOG_REVOL_BAL::CANONICAL_PAYLOAD,canonical_payload__log_revol_bal__canonical_payload,CANONICAL_PAYLOAD::log_revol_bal,CANONICAL_PAYLOAD,CANONICAL_PAYLOAD_FIELD,INPUT_OR_CONTRACT_FIELD_TO_CANONICAL_TARGET,log_revol_bal,log_revol_bal,True,True,True,True,False,,CANONICAL_TARGET_MAPPED,True,True,CELL_7_7,DECLARED_ONLY_CANONICAL_VALUE_REFERENCE,False,NOT_AVAILABLE_IN_CELL_7_7_METADATA_CONTRACT,True,DECLARED_ONLY_NO_RUNTIME_TRANSFORMATION,"Normalization or transformation requirements are declared as metadata only. Cell 7.7 does not execute normalization, encoding, imputation, scaling, feature engineering, or payload assembly.",False,True,True,True,canonical_payload,True,False,False,False,True,"['MISSING_POLICY', 'MODE_GUARDRAIL', 'NORMALIZATION_HANDOFF', 'PAYLOAD_COMPLETENESS', 'TYPE_CHECK']",5,CANONICAL_VECTOR_REFERENCE_AVAILABLE,INFO,Canonical mapping is available for portfolio demo contract use only.,Feature/path-level mapping row consolidated from Cell 7.6 validation metadata. This row does not execute transformation logic.,READY,
CANONICAL_PAYLOAD,MF::log_tot_cur_bal,log_tot_cur_bal,log_tot_cur_bal,,MODEL_FEATURE,canonical_payload__log_tot_cur_bal,VALIDATION::CANONICAL_PAYLOAD__LOG_TOT_CUR_BAL__NORMALIZATION_HANDOFF__DEFER_TO_CELL_7_7__006,NORMALIZATION::CANONICAL_PAYLOAD::LOG_TOT_CUR_BAL,MAPPING::CANONICAL_PAYLOAD::LOG_TOT_CUR_BAL::CANONICAL_PAYLOAD,canonical_payload__log_tot_cur_bal__canonical_payload,CANONICAL_PAYLOAD::log_tot_cur_bal,CANONICAL_PAYLOAD,CANONICAL_PAYLOAD_FIELD,INPUT_OR_CONTRACT_FIELD_TO_CANONICAL_TARGET,log_tot_cur_bal,log_tot_cur_bal,True,True,True,True,False,,CANONICAL_TARGET_MAPPED,True,True,CELL_7_7,DECLARED_ONLY_CANONICAL_VALUE_REFERENCE,False,NOT_AVAILABLE_IN_CELL_7_7_METADATA_CONTRACT,True,DECLARED_ONLY_NO_RUNTIME_TRANSFORMATION,"Normalization or transformation requirements are declared as metadata only. Cell 7.7 does not execute normalization, encoding, imputation, scaling, feature engineering, or payload assembly.",False,True,True,True,canonical_payload,True,False,False,False,True,"['MISSING_POLICY', 'MODE_GUARDRAIL', 'NORMALIZATION_HANDOFF', 'PAYLOAD_COMPLETENESS', 'TYPE_CHECK']",5,CANONICAL_VECTOR_REFERENCE_AVAILABLE,INFO,Canonical mapping is available for portfolio demo contract use only.,Feature/path-level mapping row consolidated from Cell 7.6 validation metadata. This row does not execute transformation logic.,READY,
CANONICAL_PAYLOAD,MF::log_total_rev_hi_lim,log_total_rev_hi_lim,log_total_rev_hi_lim,,MODEL_FEATURE,canonical_payload__log_total_rev_hi_lim,VALIDATION::CANONICAL_PAYLOAD__LOG_TOTAL_REV_HI_LIM__NORMALIZATION_HANDOFF__DEFER_TO_CELL_7_7__006,NORMALIZATION::CANONICAL_PAYLOAD::LOG_TOTAL_REV_HI_LIM,MAPPING::CANONICAL_PAYLOAD::LOG_TOTAL_REV_HI_LIM::CANONICAL_PAYLOAD,canonical_payload__log_total_rev_hi_lim__canonical_payload,CANONICAL_PAYLOAD::log_total_rev_hi_lim,CANONICAL_PAYLOAD,CANONICAL_PAYLOAD_FIELD,INPUT_OR_CONTRACT_FIELD_TO_CANONICAL_TARGET,log_total_rev_hi_lim,log_total_rev_hi_lim,True,True,True,True,False,,CANONICAL_TARGET_MAPPED,True,True,CELL_7_7,DECLARED_ONLY_CANONICAL_VALUE_REFERENCE,False,NOT_AVAILABLE_IN_CELL_7_7_METADATA_CONTRACT,True,DECLARED_ONLY_NO_RUNTIME_TRANSFORMATION,"Normalization or transformation requirements are declared as metadata only. Cell 7.7 does not execute normalization, encoding, imputation, scaling, feature engineering, or payload assembly.",False,True,True,True,canonical_payload,True,False,False,False,True,"['MISSING_POLICY', 'MODE_GUARDRAIL', 'NORMALIZATION_HANDOFF', 'PAYLOAD_COMPLETENESS', 'TYPE_CHECK']",5,CANONICAL_VECTOR_REFERENCE_AVAILABLE,INFO,Canonical mapping is available for portfolio demo contract use only.,Feature/path-level mapping row consolidated from Cell 7.6 validation metadata. This row does not execute transformation logic.,READY,
CANONICAL_PAYLOAD,MF::mo_sin_old_rev_tl_op,mo_sin_old_rev_tl_op,mo_sin_old_rev_tl_op,,MODEL_FEATURE,canonical_payload__mo_sin_old_rev_tl_op,VALIDATION::CANONICAL_PAYLOAD__MO_SIN_OLD_REV_TL_OP__NORMALIZATION_HANDOFF__DEFER_TO_CELL_7_7__006,NORMALIZATION::CANONICAL_PAYLOAD::MO_SIN_OLD_REV_TL_OP,MAPPING::CANONICAL_PAYLOAD::MO_SIN_OLD_REV_TL_OP::CANONICAL_PAYLOAD,canonical_payload__mo_sin_old_rev_tl_op__canonical_payload,CANONICAL_PAYLOAD::mo_sin_old_rev_tl_op,CANONICAL_PAYLOAD,CANONICAL_PAYLOAD_FIELD,INPUT_OR_CONTRACT_FIELD_TO_CANONICAL_TARGET,mo_sin_old_rev_tl_op,mo_sin_old_rev_tl_op,True,True,True,True,False,,CANONICAL_TARGET_MAPPED,True,True,CELL_7_7,DECLARED_ONLY_CANONICAL_VALUE_REFERENCE,False,NOT_AVAILABLE_IN_CELL_7_7_METADATA_CONTRACT,True,DECLARED_ONLY_NO_RUNTIME_TRANSFORMATION,"Normalization or transformation requirements are declared as metadata only. Cell 7.7 does not execute normalization, encoding, imputation, scaling, feature engineering, or payload assembly.",False,True,True,True,canonical_payload,True,False,False,False,True,"['MISSING_POLICY', 'MODE_GUARDRAIL', 'NORMALIZATION_HANDOFF', 'PAYLOAD_COMPLETENESS', 'TYPE_CHECK']",5,CANONICAL_VECTOR_REFERENCE_AVAILABLE,INFO,Canonical mapping is available for portfolio demo contract use only.,Feature/path-level mapping row consolidated from Cell 7.6 validation metadata. This row does not execute transformation logic.,READY,
CANONICAL_PAYLOAD,MF::mo_sin_old_rev_tl_op_missing_flag,mo_sin_old_rev_tl_op_missing_flag,mo_sin_old_rev_tl_op_missing_flag,,MODEL_FEATURE,canonical_payload__mo_sin_old_rev_tl_op_missing_flag,VALIDATION::CANONICAL_PAYLOAD__MO_SIN_OLD_REV_TL_OP_MISSING_FLAG__NORMALIZATION_HANDOFF__DEFER_TO_CELL_7_7__006,NORMALIZATION::CANONICAL_PAYLOAD::MO_SIN_OLD_REV_TL_OP_MISSING_FLAG,MAPPING::CANONICAL_PAYLOAD::MO_SIN_OLD_REV_TL_OP_MISSING_FLAG::CANONICAL_PAYLOAD,canonical_payload__mo_sin_old_rev_tl_op_missing_flag__canonical_payload,CANONICAL_PAYLOAD::mo_sin_old_rev_tl_op_missing_flag,CANONICAL_PAYLOAD,CANONICAL_PAYLOAD_FIELD,INPUT_OR_CONTRACT_FIELD_TO_CANONICAL_TARGET,mo_sin_old_rev_tl_op_missing_flag,mo_sin_old_rev_tl_op_missing_flag,True,True,True,True,False,,CANONICAL_TARGET_MAPPED,True,True,CELL_7_7,DECLARED_ONLY_CANONICAL_VALUE_REFERENCE,False,NOT_AVAILABLE_IN_CELL_7_7_METADATA_CONTRACT,True,DECLARED_ONLY_NO_RUNTIME_TRANSFORMATION,"Normalization or transformation requirements are declared as metadata only. Cell 7.7 does not execute normalization, encoding, imputation, scaling, feature engineering, or payload assembly.",False,True,True,True,canonical_payload,True,False,False,False,True,"['MISSING_POLICY', 'MODE_GUARDRAIL', 'NORMALIZATION_HANDOFF', 'PAYLOAD_COMPLETENESS', 'TYPE_CHECK']",5,CANONICAL_VECTOR_REFERENCE_AVAILABLE,INFO,Canonical mapping is available for portfolio demo contract use only.,Feature/path-level mapping row consolidated from Cell 7.6 validation metadata. This row does not execute transformation logic.,READY,
CANONICAL_PAYLOAD,MF::mo_sin_rcnt_rev_tl_op,mo_sin_rcnt_rev_tl_op,mo_sin_rcnt_rev_tl_op,,MODEL_FEATURE,canonical_payload__mo_sin_rcnt_rev_tl_op,VALIDATION::CANONICAL_PAYLOAD__MO_SIN_RCNT_REV_TL_OP__NORMALIZATION_HANDOFF__DEFER_TO_CELL_7_7__006,NORMALIZATION::CANONICAL_PAYLOAD::MO_SIN_RCNT_REV_TL_OP,MAPPING::CANONICAL_PAYLOAD::MO_SIN_RCNT_REV_TL_OP::CANONICAL_PAYLOAD,canonical_payload__mo_sin_rcnt_rev_tl_op__canonical_payload,CANONICAL_PAYLOAD::mo_sin_rcnt_rev_tl_op,CANONICAL_PAYLOAD,CANONICAL_PAYLOAD_FIELD,INPUT_OR_CONTRACT_FIELD_TO_CANONICAL_TARGET,mo_sin_rcnt_rev_tl_op,mo_sin_rcnt_rev_tl_op,True,True,True,True,False,,CANONICAL_TARGET_MAPPED,True,True,CELL_7_7,DECLARED_ONLY_CANONICAL_VALUE_REFERENCE,False,NOT_AVAILABLE_IN_CELL_7_7_METADATA_CONTRACT,True,DECLARED_ONLY_NO_RUNTIME_TRANSFORMATION,"Normalization or transformation requirements are declared as metadata only. Cell 7.7 does not execute normalization, encoding, imputation, scaling, feature engineering, or payload assembly.",False,True,True,True,canonical_payload,True,False,False,False,True,"['MISSING_POLICY', 'MODE_GUARDRAIL', 'NORMALIZATION_HANDOFF', 'PAYLOAD_COMPLETENESS', 'TYPE_CHECK']",5,CANONICAL_VECTOR_REFERENCE_AVAILABLE,INFO,Canonical mapping is available for portfolio demo contract use only.,Feature/path-level mapping row consolidated from Cell 7.6 validation metadata. This row does not execute transformation logic.,READY,
CANONICAL_PAYLOAD,MF::mo_sin_rcnt_rev_tl_op_missing_flag,mo_sin_rcnt_rev_tl_op_missing_flag,mo_sin_rcnt_rev_tl_op_missing_flag,,MODEL_FEATURE,canonical_payload__mo_sin_rcnt_rev_tl_op_missing_flag,VALIDATION::CANONICAL_PAYLOAD__MO_SIN_RCNT_REV_TL_OP_MISSING_FLAG__NORMALIZATION_HANDOFF__DEFER_TO_CELL_7_7__006,NORMALIZATION::CANONICAL_PAYLOAD::MO_SIN_RCNT_REV_TL_OP_MISSING_FLAG,MAPPING::CANONICAL_PAYLOAD::MO_SIN_RCNT_REV_TL_OP_MISSING_FLAG::CANONICAL_PAYLOAD,canonical_payload__mo_sin_rcnt_rev_tl_op_missing_flag__canonical_payload,CANONICAL_PAYLOAD::mo_sin_rcnt_rev_tl_op_missing_flag,CANONICAL_PAYLOAD,CANONICAL_PAYLOAD_FIELD,INPUT_OR_CONTRACT_FIELD_TO_CANONICAL_TARGET,mo_sin_rcnt_rev_tl_op_missing_flag,mo_sin_rcnt_rev_tl_op_missing_flag,True,True,True,True,False,,CANONICAL_TARGET_MAPPED,True,True,CELL_7_7,DECLARED_ONLY_CANONICAL_VALUE_REFERENCE,False,NOT_AVAILABLE_IN_CELL_7_7_METADATA_CONTRACT,True,DECLARED_ONLY_NO_RUNTIME_TRANSFORMATION,"Normalization or transformation requirements are declared as metadata only. Cell 7.7 does not execute normalization, encoding, imputation, scaling, feature engineering, or payload assembly.",False,True,True,True,canonical_payload,True,False,False,False,True,"['MISSING_POLICY', 'MODE_GUARDRAIL', 'NORMALIZATION_HANDOFF', 'PAYLOAD_COMPLETENESS', 'TYPE_CHECK']",5,CANONICAL_VECTOR_REFERENCE_AVAILABLE,INFO,Canonical mapping is available for portfolio demo contract use only.,Feature/path-level mapping row consolidated from Cell 7.6 validation metadata. This row does not execute transformation logic.,READY,
CANONICAL_PAYLOAD,MF::mort_acc,mort_acc,mort_acc,,MODEL_FEATURE,canonical_payload__mort_acc,VALIDATION::CANONICAL_PAYLOAD__MORT_ACC__NORMALIZATION_HANDOFF__DEFER_TO_CELL_7_7__006,NORMALIZATION::CANONICAL_PAYLOAD::MORT_ACC,MAPPING::CANONICAL_PAYLOAD::MORT_ACC::CANONICAL_PAYLOAD,canonical_payload__mort_acc__canonical_payload,CANONICAL_PAYLOAD::mort_acc,CANONICAL_PAYLOAD,CANONICAL_PAYLOAD_FIELD,INPUT_OR_CONTRACT_FIELD_TO_CANONICAL_TARGET,mort_acc,mort_acc,True,True,True,True,False,,CANONICAL_TARGET_MAPPED,True,True,CELL_7_7,DECLARED_ONLY_CANONICAL_VALUE_REFERENCE,False,NOT_AVAILABLE_IN_CELL_7_7_METADATA_CONTRACT,True,DECLARED_ONLY_NO_RUNTIME_TRANSFORMATION,"Normalization or transformation requirements are declared as metadata only. Cell 7.7 does not execute normalization, encoding, imputation, scaling, feature engineering, or payload assembly.",False,True,True,True,canonical_payload,True,False,False,False,True,"['MISSING_POLICY', 'MODE_GUARDRAIL', 'NORMALIZATION_HANDOFF', 'PAYLOAD_COMPLETENESS', 'TYPE_CHECK']",5,CANONICAL_VECTOR_REFERENCE_AVAILABLE,INFO,Canonical mapping is available for portfolio demo contract use only.,Feature/path-level mapping row consolidated from Cell 7.6 validation metadata. This row does not execute transformation logic.,READY,
CANONICAL_PAYLOAD,MF::mths_since_last_delinq,mths_since_last_delinq,mths_since_last_delinq,,MODEL_FEATURE,canonical_payload__mths_since_last_delinq,VALIDATION::CANONICAL_PAYLOAD__MTHS_SINCE_LAST_DELINQ__NORMALIZATION_HANDOFF__DEFER_TO_CELL_7_7__006,NORMALIZATION::CANONICAL_PAYLOAD::MTHS_SINCE_LAST_DELINQ,MAPPING::CANONICAL_PAYLOAD::MTHS_SINCE_LAST_DELINQ::CANONICAL_PAYLOAD,canonical_payload__mths_since_last_delinq__canonical_payload,CANONICAL_PAYLOAD::mths_since_last_delinq,CANONICAL_PAYLOAD,CANONICAL_PAYLOAD_FIELD,INPUT_OR_CONTRACT_FIELD_TO_CANONICAL_TARGET,mths_since_last_delinq,mths_since_last_delinq,True,True,True,True,False,,CANONICAL_TARGET_MAPPED,True,True,CELL_7_7,DECLARED_ONLY_CANONICAL_VALUE_REFERENCE,False,NOT_AVAILABLE_IN_CELL_7_7_METADATA_CONTRACT,True,DECLARED_ONLY_NO_RUNTIME_TRANSFORMATION,"Normalization or transformation requirements are declared as metadata only. Cell 7.7 does not execute normalization, encoding, imputation, scaling, feature engineering, or payload assembly.",False,True,True,True,canonical_payload,True,False,False,False,True,"['MISSING_POLICY', 'MODE_GUARDRAIL', 'NORMALIZATION_HANDOFF', 'PAYLOAD_COMPLETENESS', 'TYPE_CHECK']",5,CANONICAL_VECTOR_REFERENCE_AVAILABLE,INFO,Canonical mapping is available for portfolio demo contract use only.,Feature/path-level mapping row consolidated from Cell 7.6 validation metadata. This row does not execute transformation logic.,READY,
CANONICAL_PAYLOAD,MF::mths_since_last_delinq_missing_flag,mths_since_last_delinq_missing_flag,mths_since_last_delinq_missing_flag,,MODEL_FEATURE,canonical_payload__mths_since_last_delinq_missing_flag,VALIDATION::CANONICAL_PAYLOAD__MTHS_SINCE_LAST_DELINQ_MISSING_FLAG__NORMALIZATION_HANDOFF__DEFER_TO_CELL_7_7__006,NORMALIZATION::CANONICAL_PAYLOAD::MTHS_SINCE_LAST_DELINQ_MISSING_FLAG,MAPPING::CANONICAL_PAYLOAD::MTHS_SINCE_LAST_DELINQ_MISSING_FLAG::CANONICAL_PAYLOAD,canonical_payload__mths_since_last_delinq_missing_flag__canonical_payload,CANONICAL_PAYLOAD::mths_since_last_delinq_missing_flag,CANONICAL_PAYLOAD,CANONICAL_PAYLOAD_FIELD,INPUT_OR_CONTRACT_FIELD_TO_CANONICAL_TARGET,mths_since_last_delinq_missing_flag,mths_since_last_delinq_missing_flag,True,True,True,True,False,,CANONICAL_TARGET_MAPPED,True,True,CELL_7_7,DECLARED_ONLY_CANONICAL_VALUE_REFERENCE,False,NOT_AVAILABLE_IN_CELL_7_7_METADATA_CONTRACT,True,DECLARED_ONLY_NO_RUNTIME_TRANSFORMATION,"Normalization or transformation requirements are declared as metadata only. Cell 7.7 does not execute normalization, encoding, imputation, scaling, feature engineering, or payload assembly.",False,True,True,True,canonical_payload,True,False,False,False,True,"['MISSING_POLICY', 'MODE_GUARDRAIL', 'NORMALIZATION_HANDOFF', 'PAYLOAD_COMPLETENESS', 'TYPE_CHECK']",5,CANONICAL_VECTOR_REFERENCE_AVAILABLE,INFO,Canonical mapping is available for portfolio demo contract use only.,Feature/path-level mapping row consolidated from Cell 7.6 validation metadata. This row does not execute transformation logic.,READY,
CANONICAL_PAYLOAD,MF::num_actv_bc_tl,num_actv_bc_tl,num_actv_bc_tl,,MODEL_FEATURE,canonical_payload__num_actv_bc_tl,VALIDATION::CANONICAL_PAYLOAD__NUM_ACTV_BC_TL__NORMALIZATION_HANDOFF__DEFER_TO_CELL_7_7__006,NORMALIZATION::CANONICAL_PAYLOAD::NUM_ACTV_BC_TL,MAPPING::CANONICAL_PAYLOAD::NUM_ACTV_BC_TL::CANONICAL_PAYLOAD,canonical_payload__num_actv_bc_tl__canonical_payload,CANONICAL_PAYLOAD::num_actv_bc_tl,CANONICAL_PAYLOAD,CANONICAL_PAYLOAD_FIELD,INPUT_OR_CONTRACT_FIELD_TO_CANONICAL_TARGET,num_actv_bc_tl,num_actv_bc_tl,True,True,True,True,False,,CANONICAL_TARGET_MAPPED,True,True,CELL_7_7,DECLARED_ONLY_CANONICAL_VALUE_REFERENCE,False,NOT_AVAILABLE_IN_CELL_7_7_METADATA_CONTRACT,True,DECLARED_ONLY_NO_RUNTIME_TRANSFORMATION,"Normalization or transformation requirements are declared as metadata only. Cell 7.7 does not execute normalization, encoding, imputation, scaling, feature engineering, or payload assembly.",False,True,True,True,canonical_payload,True,False,False,False,True,"['MISSING_POLICY', 'MODE_GUARDRAIL', 'NORMALIZATION_HANDOFF', 'PAYLOAD_COMPLETENESS', 'TYPE_CHECK']",5,CANONICAL_VECTOR_REFERENCE_AVAILABLE,INFO,Canonical mapping is available for portfolio demo contract use only.,Feature/path-level mapping row consolidated from Cell 7.6 validation metadata. This row does not execute transformation logic.,READY,
CANONICAL_PAYLOAD,MF::open_acc,open_acc,open_acc,,MODEL_FEATURE,canonical_payload__open_acc,VALIDATION::CANONICAL_PAYLOAD__OPEN_ACC__NORMALIZATION_HANDOFF__DEFER_TO_CELL_7_7__006,NORMALIZATION::CANONICAL_PAYLOAD::OPEN_ACC,MAPPING::CANONICAL_PAYLOAD::OPEN_ACC::CANONICAL_PAYLOAD,canonical_payload__open_acc__canonical_payload,CANONICAL_PAYLOAD::open_acc,CANONICAL_PAYLOAD,CANONICAL_PAYLOAD_FIELD,INPUT_OR_CONTRACT_FIELD_TO_CANONICAL_TARGET,open_acc,open_acc,True,True,True,True,False,,CANONICAL_TARGET_MAPPED,True,True,CELL_7_7,DECLARED_ONLY_CANONICAL_VALUE_REFERENCE,False,NOT_AVAILABLE_IN_CELL_7_7_METADATA_CONTRACT,True,DECLARED_ONLY_NO_RUNTIME_TRANSFORMATION,"Normalization or transformation requirements are declared as metadata only. Cell 7.7 does not execute normalization, encoding, imputation, scaling, feature engineering, or payload assembly.",False,True,True,True,canonical_payload,True,False,False,False,True,"['MISSING_POLICY', 'MODE_GUARDRAIL', 'NORMALIZATION_HANDOFF', 'PAYLOAD_COMPLETENESS', 'TYPE_CHECK']",5,CANONICAL_VECTOR_REFERENCE_AVAILABLE,INFO,Canonical mapping is available for portfolio demo contract use only.,Feature/path-level mapping row consolidated from Cell 7.6 validation metadata. This row does not execute transformation logic.,READY,
CANONICAL_PAYLOAD,MF::payment_to_income,payment_to_income,payment_to_income,,MODEL_FEATURE,canonical_payload__payment_to_income,VALIDATION::CANONICAL_PAYLOAD__PAYMENT_TO_INCOME__NORMALIZATION_HANDOFF__DEFER_TO_CELL_7_7__006,NORMALIZATION::CANONICAL_PAYLOAD::PAYMENT_TO_INCOME,MAPPING::CANONICAL_PAYLOAD::PAYMENT_TO_INCOME::CANONICAL_PAYLOAD,canonical_payload__payment_to_income__canonical_payload,CANONICAL_PAYLOAD::payment_to_income,CANONICAL_PAYLOAD,CANONICAL_PAYLOAD_FIELD,INPUT_OR_CONTRACT_FIELD_TO_CANONICAL_TARGET,payment_to_income,payment_to_income,True,True,True,True,False,,CANONICAL_TARGET_MAPPED,True,True,CELL_7_7,DECLARED_ONLY_CANONICAL_VALUE_REFERENCE,False,NOT_AVAILABLE_IN_CELL_7_7_METADATA_CONTRACT,True,DECLARED_ONLY_NO_RUNTIME_TRANSFORMATION,"Normalization or transformation requirements are declared as metadata only. Cell 7.7 does not execute normalization, encoding, imputation, scaling, feature engineering, or payload assembly.",False,True,True,True,canonical_payload,True,False,False,False,True,"['MISSING_POLICY', 'MODE_GUARDRAIL', 'NORMALIZATION_HANDOFF', 'PAYLOAD_COMPLETENESS', 'TYPE_CHECK']",5,CANONICAL_VECTOR_REFERENCE_AVAILABLE,INFO,Canonical mapping is available for portfolio demo contract use only.,Feature/path-level mapping row consolidated from Cell 7.6 validation metadata. This row does not execute transformation logic.,READY,
CANONICAL_PAYLOAD,MF::pct_tl_nvr_dlq,pct_tl_nvr_dlq,pct_tl_nvr_dlq,,MODEL_FEATURE,canonical_payload__pct_tl_nvr_dlq,VALIDATION::CANONICAL_PAYLOAD__PCT_TL_NVR_DLQ__NORMALIZATION_HANDOFF__DEFER_TO_CELL_7_7__006,NORMALIZATION::CANONICAL_PAYLOAD::PCT_TL_NVR_DLQ,MAPPING::CANONICAL_PAYLOAD::PCT_TL_NVR_DLQ::CANONICAL_PAYLOAD,canonical_payload__pct_tl_nvr_dlq__canonical_payload,CANONICAL_PAYLOAD::pct_tl_nvr_dlq,CANONICAL_PAYLOAD,CANONICAL_PAYLOAD_FIELD,INPUT_OR_CONTRACT_FIELD_TO_CANONICAL_TARGET,pct_tl_nvr_dlq,pct_tl_nvr_dlq,True,True,True,True,False,,CANONICAL_TARGET_MAPPED,True,True,CELL_7_7,DECLARED_ONLY_CANONICAL_VALUE_REFERENCE,False,NOT_AVAILABLE_IN_CELL_7_7_METADATA_CONTRACT,True,DECLARED_ONLY_NO_RUNTIME_TRANSFORMATION,"Normalization or transformation requirements are declared as metadata only. Cell 7.7 does not execute normalization, encoding, imputation, scaling, feature engineering, or payload assembly.",False,True,True,True,canonical_payload,True,False,False,False,True,"['MISSING_POLICY', 'MODE_GUARDRAIL', 'NORMALIZATION_HANDOFF', 'PAYLOAD_COMPLETENESS', 'TYPE_CHECK']",5,CANONICAL_VECTOR_REFERENCE_AVAILABLE,INFO,Canonical mapping is available for portfolio demo contract use only.,Feature/path-level mapping row consolidated from Cell 7.6 validation metadata. This row does not execute transformation logic.,READY,
CANONICAL_PAYLOAD,MF::pub_rec,pub_rec,pub_rec,,MODEL_FEATURE,canonical_payload__pub_rec,VALIDATION::CANONICAL_PAYLOAD__PUB_REC__NORMALIZATION_HANDOFF__DEFER_TO_CELL_7_7__006,NORMALIZATION::CANONICAL_PAYLOAD::PUB_REC,MAPPING::CANONICAL_PAYLOAD::PUB_REC::CANONICAL_PAYLOAD,canonical_payload__pub_rec__canonical_payload,CANONICAL_PAYLOAD::pub_rec,CANONICAL_PAYLOAD,CANONICAL_PAYLOAD_FIELD,INPUT_OR_CONTRACT_FIELD_TO_CANONICAL_TARGET,pub_rec,pub_rec,True,True,True,True,False,,CANONICAL_TARGET_MAPPED,True,True,CELL_7_7,DECLARED_ONLY_CANONICAL_VALUE_REFERENCE,False,NOT_AVAILABLE_IN_CELL_7_7_METADATA_CONTRACT,True,DECLARED_ONLY_NO_RUNTIME_TRANSFORMATION,"Normalization or transformation requirements are declared as metadata only. Cell 7.7 does not execute normalization, encoding, imputation, scaling, feature engineering, or payload assembly.",False,True,True,True,canonical_payload,True,False,False,False,True,"['MISSING_POLICY', 'MODE_GUARDRAIL', 'NORMALIZATION_HANDOFF', 'PAYLOAD_COMPLETENESS', 'TYPE_CHECK']",5,CANONICAL_VECTOR_REFERENCE_AVAILABLE,INFO,Canonical mapping is available for portfolio demo contract use only.,Feature/path-level mapping row consolidated from Cell 7.6 validation metadata. This row does not execute transformation logic.,READY,
CANONICAL_PAYLOAD,MF::pub_rec_bankruptcies,pub_rec_bankruptcies,pub_rec_bankruptcies,,MODEL_FEATURE,canonical_payload__pub_rec_bankruptcies,VALIDATION::CANONICAL_PAYLOAD__PUB_REC_BANKRUPTCIES__NORMALIZATION_HANDOFF__DEFER_TO_CELL_7_7__006,NORMALIZATION::CANONICAL_PAYLOAD::PUB_REC_BANKRUPTCIES,MAPPING::CANONICAL_PAYLOAD::PUB_REC_BANKRUPTCIES::CANONICAL_PAYLOAD,canonical_payload__pub_rec_bankruptcies__canonical_payload,CANONICAL_PAYLOAD::pub_rec_bankruptcies,CANONICAL_PAYLOAD,CANONICAL_PAYLOAD_FIELD,INPUT_OR_CONTRACT_FIELD_TO_CANONICAL_TARGET,pub_rec_bankruptcies,pub_rec_bankruptcies,True,True,True,True,False,,CANONICAL_TARGET_MAPPED,True,True,CELL_7_7,DECLARED_ONLY_CANONICAL_VALUE_REFERENCE,False,NOT_AVAILABLE_IN_CELL_7_7_METADATA_CONTRACT,True,DECLARED_ONLY_NO_RUNTIME_TRANSFORMATION,"Normalization or transformation requirements are declared as metadata only. Cell 7.7 does not execute normalization, encoding, imputation, scaling, feature engineering, or payload assembly.",False,True,True,True,canonical_payload,True,False,False,False,True,"['MISSING_POLICY', 'MODE_GUARDRAIL', 'NORMALIZATION_HANDOFF', 'PAYLOAD_COMPLETENESS', 'TYPE_CHECK']",5,CANONICAL_VECTOR_REFERENCE_AVAILABLE,INFO,Canonical mapping is available for portfolio demo contract use only.,Feature/path-level mapping row consolidated from Cell 7.6 validation metadata. This row does not execute transformation logic.,READY,
CANONICAL_PAYLOAD,MF::pub_rec_flag,pub_rec_flag,pub_rec_flag,,MODEL_FEATURE,canonical_payload__pub_rec_flag,VALIDATION::CANONICAL_PAYLOAD__PUB_REC_FLAG__NORMALIZATION_HANDOFF__DEFER_TO_CELL_7_7__006,NORMALIZATION::CANONICAL_PAYLOAD::PUB_REC_FLAG,MAPPING::CANONICAL_PAYLOAD::PUB_REC_FLAG::CANONICAL_PAYLOAD,canonical_payload__pub_rec_flag__canonical_payload,CANONICAL_PAYLOAD::pub_rec_flag,CANONICAL_PAYLOAD,CANONICAL_PAYLOAD_FIELD,INPUT_OR_CONTRACT_FIELD_TO_CANONICAL_TARGET,pub_rec_flag,pub_rec_flag,True,True,True,True,False,,CANONICAL_TARGET_MAPPED,True,True,CELL_7_7,DECLARED_ONLY_CANONICAL_VALUE_REFERENCE,False,NOT_AVAILABLE_IN_CELL_7_7_METADATA_CONTRACT,True,DECLARED_ONLY_NO_RUNTIME_TRANSFORMATION,"Normalization or transformation requirements are declared as metadata only. Cell 7.7 does not execute normalization, encoding, imputation, scaling, feature engineering, or payload assembly.",False,True,True,True,canonical_payload,True,False,False,False,True,"['MISSING_POLICY', 'MODE_GUARDRAIL', 'NORMALIZATION_HANDOFF', 'PAYLOAD_COMPLETENESS', 'TYPE_CHECK']",5,CANONICAL_VECTOR_REFERENCE_AVAILABLE,INFO,Canonical mapping is available for portfolio demo contract use only.,Feature/path-level mapping row consolidated from Cell 7.6 validation metadata. This row does not execute transformation logic.,READY,
CANONICAL_PAYLOAD,MF::purpose,purpose,purpose,,MODEL_FEATURE,canonical_payload__purpose,VALIDATION::CANONICAL_PAYLOAD__PURPOSE__NORMALIZATION_HANDOFF__DEFER_TO_CELL_7_7__006,NORMALIZATION::CANONICAL_PAYLOAD::PURPOSE,MAPPING::CANONICAL_PAYLOAD::PURPOSE::CANONICAL_PAYLOAD,canonical_payload__purpose__canonical_payload,CANONICAL_PAYLOAD::purpose,CANONICAL_PAYLOAD,CANONICAL_PAYLOAD_FIELD,INPUT_OR_CONTRACT_FIELD_TO_CANONICAL_TARGET,purpose,purpose,True,True,True,True,False,,CANONICAL_TARGET_MAPPED,True,True,CELL_7_7,DECLARED_ONLY_CANONICAL_VALUE_REFERENCE,False,NOT_AVAILABLE_IN_CELL_7_7_METADATA_CONTRACT,True,DECLARED_ONLY_NO_RUNTIME_TRANSFORMATION,"Normalization or transformation requirements are declared as metadata only. Cell 7.7 does not execute normalization, encoding, imputation, scaling, feature engineering, or payload assembly.",False,True,True,True,canonical_payload,True,False,False,False,True,"['MISSING_POLICY', 'MODE_GUARDRAIL', 'NORMALIZATION_HANDOFF', 'PAYLOAD_COMPLETENESS', 'TYPE_CHECK']",5,CANONICAL_VECTOR_REFERENCE_AVAILABLE,INFO,Canonical mapping is available for portfolio demo contract use only.,Feature/path-level mapping row consolidated from Cell 7.6 validation metadata. This row does not execute transformation logic.,READY,
CANONICAL_PAYLOAD,MF::revol_bal,revol_bal,revol_bal,,MODEL_FEATURE,canonical_payload__revol_bal,VALIDATION::CANONICAL_PAYLOAD__REVOL_BAL__NORMALIZATION_HANDOFF__DEFER_TO_CELL_7_7__006,NORMALIZATION::CANONICAL_PAYLOAD::REVOL_BAL,MAPPING::CANONICAL_PAYLOAD::REVOL_BAL::CANONICAL_PAYLOAD,canonical_payload__revol_bal__canonical_payload,CANONICAL_PAYLOAD::revol_bal,CANONICAL_PAYLOAD,CANONICAL_PAYLOAD_FIELD,INPUT_OR_CONTRACT_FIELD_TO_CANONICAL_TARGET,revol_bal,revol_bal,True,True,True,True,False,,CANONICAL_TARGET_MAPPED,True,True,CELL_7_7,DECLARED_ONLY_CANONICAL_VALUE_REFERENCE,False,NOT_AVAILABLE_IN_CELL_7_7_METADATA_CONTRACT,True,DECLARED_ONLY_NO_RUNTIME_TRANSFORMATION,"Normalization or transformation requirements are declared as metadata only. Cell 7.7 does not execute normalization, encoding, imputation, scaling, feature engineering, or payload assembly.",False,True,True,True,canonical_payload,True,False,False,False,True,"['MISSING_POLICY', 'MODE_GUARDRAIL', 'NORMALIZATION_HANDOFF', 'PAYLOAD_COMPLETENESS', 'TYPE_CHECK']",5,CANONICAL_VECTOR_REFERENCE_AVAILABLE,INFO,Canonical mapping is available for portfolio demo contract use only.,Feature/path-level mapping row consolidated from Cell 7.6 validation metadata. This row does not execute transformation logic.,READY,
CANONICAL_PAYLOAD,MF::revol_util,revol_util,revol_util,,MODEL_FEATURE,canonical_payload__revol_util,VALIDATION::CANONICAL_PAYLOAD__REVOL_UTIL__NORMALIZATION_HANDOFF__DEFER_TO_CELL_7_7__006,NORMALIZATION::CANONICAL_PAYLOAD::REVOL_UTIL,MAPPING::CANONICAL_PAYLOAD::REVOL_UTIL::CANONICAL_PAYLOAD,canonical_payload__revol_util__canonical_payload,CANONICAL_PAYLOAD::revol_util,CANONICAL_PAYLOAD,CANONICAL_PAYLOAD_FIELD,INPUT_OR_CONTRACT_FIELD_TO_CANONICAL_TARGET,revol_util,revol_util,True,True,True,True,False,,CANONICAL_TARGET_MAPPED,True,True,CELL_7_7,DECLARED_ONLY_CANONICAL_VALUE_REFERENCE,False,NOT_AVAILABLE_IN_CELL_7_7_METADATA_CONTRACT,True,DECLARED_ONLY_NO_RUNTIME_TRANSFORMATION,"Normalization or transformation requirements are declared as metadata only. Cell 7.7 does not execute normalization, encoding, imputation, scaling, feature engineering, or payload assembly.",False,True,True,True,canonical_payload,True,False,False,False,True,"['MISSING_POLICY', 'MODE_GUARDRAIL', 'NORMALIZATION_HANDOFF', 'PAYLOAD_COMPLETENESS', 'TYPE_CHECK']",5,CANONICAL_VECTOR_REFERENCE_AVAILABLE,INFO,Canonical mapping is available for portfolio demo contract use only.,Feature/path-level mapping row consolidated from Cell 7.6 validation metadata. This row does not execute transformation logic.,READY,
CANONICAL_PAYLOAD,MF::term_months,term_months,term_months,,MODEL_FEATURE,canonical_payload__term_months,VALIDATION::CANONICAL_PAYLOAD__TERM_MONTHS__NORMALIZATION_HANDOFF__DEFER_TO_CELL_7_7__006,NORMALIZATION::CANONICAL_PAYLOAD::TERM_MONTHS,MAPPING::CANONICAL_PAYLOAD::TERM_MONTHS::CANONICAL_PAYLOAD,canonical_payload__term_months__canonical_payload,CANONICAL_PAYLOAD::term_months,CANONICAL_PAYLOAD,CANONICAL_PAYLOAD_FIELD,INPUT_OR_CONTRACT_FIELD_TO_CANONICAL_TARGET,term_months,term_months,True,True,True,True,False,,CANONICAL_TARGET_MAPPED,True,True,CELL_7_7,DECLARED_ONLY_CANONICAL_VALUE_REFERENCE,False,NOT_AVAILABLE_IN_CELL_7_7_METADATA_CONTRACT,True,DECLARED_ONLY_NO_RUNTIME_TRANSFORMATION,"Normalization or transformation requirements are declared as metadata only. Cell 7.7 does not execute normalization, encoding, imputation, scaling, feature engineering, or payload assembly.",False,True,True,True,canonical_payload,True,False,False,False,True,"['MISSING_POLICY', 'MODE_GUARDRAIL', 'NORMALIZATION_HANDOFF', 'PAYLOAD_COMPLETENESS', 'TYPE_CHECK']",5,CANONICAL_VECTOR_REFERENCE_AVAILABLE,INFO,Canonical mapping is available for portfolio demo contract use only.,Feature/path-level mapping row consolidated from Cell 7.6 validation metadata. This row does not execute transformation logic.,READY,
CANONICAL_PAYLOAD,MF::tot_cur_bal,tot_cur_bal,tot_cur_bal,,MODEL_FEATURE,canonical_payload__tot_cur_bal,VALIDATION::CANONICAL_PAYLOAD__TOT_CUR_BAL__NORMALIZATION_HANDOFF__DEFER_TO_CELL_7_7__006,NORMALIZATION::CANONICAL_PAYLOAD::TOT_CUR_BAL,MAPPING::CANONICAL_PAYLOAD::TOT_CUR_BAL::CANONICAL_PAYLOAD,canonical_payload__tot_cur_bal__canonical_payload,CANONICAL_PAYLOAD::tot_cur_bal,CANONICAL_PAYLOAD,CANONICAL_PAYLOAD_FIELD,INPUT_OR_CONTRACT_FIELD_TO_CANONICAL_TARGET,tot_cur_bal,tot_cur_bal,True,True,True,True,False,,CANONICAL_TARGET_MAPPED,True,True,CELL_7_7,DECLARED_ONLY_CANONICAL_VALUE_REFERENCE,False,NOT_AVAILABLE_IN_CELL_7_7_METADATA_CONTRACT,True,DECLARED_ONLY_NO_RUNTIME_TRANSFORMATION,"Normalization or transformation requirements are declared as metadata only. Cell 7.7 does not execute normalization, encoding, imputation, scaling, feature engineering, or payload assembly.",False,True,True,True,canonical_payload,True,False,False,False,True,"['MISSING_POLICY', 'MODE_GUARDRAIL', 'NORMALIZATION_HANDOFF', 'PAYLOAD_COMPLETENESS', 'TYPE_CHECK']",5,CANONICAL_VECTOR_REFERENCE_AVAILABLE,INFO,Canonical mapping is available for portfolio demo contract use only.,Feature/path-level mapping row consolidated from Cell 7.6 validation metadata. This row does not execute transformation logic.,READY,
CANONICAL_PAYLOAD,MF::total_acc,total_acc,total_acc,,MODEL_FEATURE,canonical_payload__total_acc,VALIDATION::CANONICAL_PAYLOAD__TOTAL_ACC__NORMALIZATION_HANDOFF__DEFER_TO_CELL_7_7__006,NORMALIZATION::CANONICAL_PAYLOAD::TOTAL_ACC,MAPPING::CANONICAL_PAYLOAD::TOTAL_ACC::CANONICAL_PAYLOAD,canonical_payload__total_acc__canonical_payload,CANONICAL_PAYLOAD::total_acc,CANONICAL_PAYLOAD,CANONICAL_PAYLOAD_FIELD,INPUT_OR_CONTRACT_FIELD_TO_CANONICAL_TARGET,total_acc,total_acc,True,True,True,True,False,,CANONICAL_TARGET_MAPPED,True,True,CELL_7_7,DECLARED_ONLY_CANONICAL_VALUE_REFERENCE,False,NOT_AVAILABLE_IN_CELL_7_7_METADATA_CONTRACT,True,DECLARED_ONLY_NO_RUNTIME_TRANSFORMATION,"Normalization or transformation requirements are declared as metadata only. Cell 7.7 does not execute normalization, encoding, imputation, scaling, feature engineering, or payload assembly.",False,True,True,True,canonical_payload,True,False,False,False,True,"['MISSING_POLICY', 'MODE_GUARDRAIL', 'NORMALIZATION_HANDOFF', 'PAYLOAD_COMPLETENESS', 'TYPE_CHECK']",5,CANONICAL_VECTOR_REFERENCE_AVAILABLE,INFO,Canonical mapping is available for portfolio demo contract use only.,Feature/path-level mapping row consolidated from Cell 7.6 validation metadata. This row does not execute transformation logic.,READY,
CANONICAL_PAYLOAD,MF::total_rev_hi_lim,total_rev_hi_lim,total_rev_hi_lim,,MODEL_FEATURE,canonical_payload__total_rev_hi_lim,VALIDATION::CANONICAL_PAYLOAD__TOTAL_REV_HI_LIM__NORMALIZATION_HANDOFF__DEFER_TO_CELL_7_7__006,NORMALIZATION::CANONICAL_PAYLOAD::TOTAL_REV_HI_LIM,MAPPING::CANONICAL_PAYLOAD::TOTAL_REV_HI_LIM::CANONICAL_PAYLOAD,canonical_payload__total_rev_hi_lim__canonical_payload,CANONICAL_PAYLOAD::total_rev_hi_lim,CANONICAL_PAYLOAD,CANONICAL_PAYLOAD_FIELD,INPUT_OR_CONTRACT_FIELD_TO_CANONICAL_TARGET,total_rev_hi_lim,total_rev_hi_lim,True,True,True,True,False,,CANONICAL_TARGET_MAPPED,True,True,CELL_7_7,DECLARED_ONLY_CANONICAL_VALUE_REFERENCE,False,NOT_AVAILABLE_IN_CELL_7_7_METADATA_CONTRACT,True,DECLARED_ONLY_NO_RUNTIME_TRANSFORMATION,"Normalization or transformation requirements are declared as metadata only. Cell 7.7 does not execute normalization, encoding, imputation, scaling, feature engineering, or payload assembly.",False,True,True,True,canonical_payload,True,False,False,False,True,"['MISSING_POLICY', 'MODE_GUARDRAIL', 'NORMALIZATION_HANDOFF', 'PAYLOAD_COMPLETENESS', 'TYPE_CHECK']",5,CANONICAL_VECTOR_REFERENCE_AVAILABLE,INFO,Canonical mapping is available for portfolio demo contract use only.,Feature/path-level mapping row consolidated from Cell 7.6 validation metadata. This row does not execute transformation logic.,READY,
CANONICAL_PAYLOAD,MF::util_to_fico_ratio,util_to_fico_ratio,util_to_fico_ratio,,MODEL_FEATURE,canonical_payload__util_to_fico_ratio,VALIDATION::CANONICAL_PAYLOAD__UTIL_TO_FICO_RATIO__NORMALIZATION_HANDOFF__DEFER_TO_CELL_7_7__006,NORMALIZATION::CANONICAL_PAYLOAD::UTIL_TO_FICO_RATIO,MAPPING::CANONICAL_PAYLOAD::UTIL_TO_FICO_RATIO::CANONICAL_PAYLOAD,canonical_payload__util_to_fico_ratio__canonical_payload,CANONICAL_PAYLOAD::util_to_fico_ratio,CANONICAL_PAYLOAD,CANONICAL_PAYLOAD_FIELD,INPUT_OR_CONTRACT_FIELD_TO_CANONICAL_TARGET,util_to_fico_ratio,util_to_fico_ratio,True,True,True,True,False,,CANONICAL_TARGET_MAPPED,True,True,CELL_7_7,DECLARED_ONLY_CANONICAL_VALUE_REFERENCE,False,NOT_AVAILABLE_IN_CELL_7_7_METADATA_CONTRACT,True,DECLARED_ONLY_NO_RUNTIME_TRANSFORMATION,"Normalization or transformation requirements are declared as metadata only. Cell 7.7 does not execute normalization, encoding, imputation, scaling, feature engineering, or payload assembly.",False,True,True,True,canonical_payload,True,False,False,False,True,"['MISSING_POLICY', 'MODE_GUARDRAIL', 'NORMALIZATION_HANDOFF', 'PAYLOAD_COMPLETENESS', 'TYPE_CHECK']",5,CANONICAL_VECTOR_REFERENCE_AVAILABLE,INFO,Canonical mapping is available for portfolio demo contract use only.,Feature/path-level mapping row consolidated from Cell 7.6 validation metadata. This row does not execute transformation logic.,READY,
CANONICAL_PAYLOAD,MF::verification_encoded,verification_encoded,verification_encoded,,MODEL_FEATURE,canonical_payload__verification_encoded,VALIDATION::CANONICAL_PAYLOAD__VERIFICATION_ENCODED__NORMALIZATION_HANDOFF__DEFER_TO_CELL_7_7__006,NORMALIZATION::CANONICAL_PAYLOAD::VERIFICATION_ENCODED,MAPPING::CANONICAL_PAYLOAD::VERIFICATION_ENCODED::CANONICAL_PAYLOAD,canonical_payload__verification_encoded__canonical_payload,CANONICAL_PAYLOAD::verification_encoded,CANONICAL_PAYLOAD,CANONICAL_PAYLOAD_FIELD,INPUT_OR_CONTRACT_FIELD_TO_CANONICAL_TARGET,verification_encoded,verification_encoded,True,True,True,True,False,,CANONICAL_TARGET_MAPPED,True,True,CELL_7_7,DECLARED_ONLY_CANONICAL_VALUE_REFERENCE,False,NOT_AVAILABLE_IN_CELL_7_7_METADATA_CONTRACT,True,DECLARED_ONLY_NO_RUNTIME_TRANSFORMATION,"Normalization or transformation requirements are declared as metadata only. Cell 7.7 does not execute normalization, encoding, imputation, scaling, feature engineering, or payload assembly.",False,True,True,True,canonical_payload,True,False,False,False,True,"['MISSING_POLICY', 'MODE_GUARDRAIL', 'NORMALIZATION_HANDOFF', 'PAYLOAD_COMPLETENESS', 'TYPE_CHECK']",5,CANONICAL_VECTOR_REFERENCE_AVAILABLE,INFO,Canonical mapping is available for portfolio demo contract use only.,Feature/path-level mapping row consolidated from Cell 7.6 validation metadata. This row does not execute transformation logic.,READY,
SAMPLE_PROFILE,MF::credit_age_months,credit_age_months,credit_age_months,,MODEL_FEATURE,sample_profile__credit_age_months,VALIDATION::SAMPLE_PROFILE__CREDIT_AGE_MONTHS__PAYLOAD_COMPLETENESS__PAYLOAD_COMPLETENESS__001,NORMALIZATION::SAMPLE_PROFILE::CREDIT_AGE_MONTHS,MAPPING::SAMPLE_PROFILE::CREDIT_AGE_MONTHS::LIMITATION_AWARE_MAPPING,sample_profile__credit_age_months__limitation_aware_mapping,SAMPLE_PROFILE::credit_age_months,LIMITATION_AWARE_MAPPING,LIMITED_CANONICAL_FIELD,INPUT_OR_CONTRACT_FIELD_TO_CANONICAL_TARGET,credit_age_months,credit_age_months,True,True,True,True,False,,CANONICAL_TARGET_MAPPED,False,False,,DECLARED_ONLY_LIMITATION_AWARE_CANONICAL_REFERENCE,False,NOT_AVAILABLE_IN_CELL_7_7_METADATA_CONTRACT,False,DECLARED_ONLY_NO_RUNTIME_TRANSFORMATION,"Normalization or transformation requirements are declared as metadata only. Cell 7.7 does not execute normalization, encoding, imputation, scaling, feature engineering, or payload assembly.",False,True,False,False,synthetic_profile,False,True,True,True,True,"['LIMITATION_DISCLOSURE', 'MISSING_POLICY', 'MODE_GUARDRAIL', 'PAYLOAD_COMPLETENESS', 'TYPE_CHECK']",5,CANONICAL_VECTOR_REFERENCE_AVAILABLE,WARNING,"credit_age_months is a limitation-aware canonical field. It is allowed only in synthetic, technical, or canonical payload paths with disclosure.",Feature/path-level mapping row consolidated from Cell 7.6 validation metadata. This row does not execute transformation logic.,READY_WITH_LIMITATION,
ADVANCED_EDITOR,MF::credit_age_months,credit_age_months,credit_age_months,,MODEL_FEATURE,advanced_editor__credit_age_months,VALIDATION::ADVANCED_EDITOR__CREDIT_AGE_MONTHS__NORMALIZATION_HANDOFF__DEFER_TO_CELL_7_7__008,NORMALIZATION::ADVANCED_EDITOR::CREDIT_AGE_MONTHS,MAPPING::ADVANCED_EDITOR::CREDIT_AGE_MONTHS::LIMITATION_AWARE_MAPPING,advanced_editor__credit_age_months__limitation_aware_mapping,ADVANCED_EDITOR::credit_age_months,LIMITATION_AWARE_MAPPING,LIMITED_CANONICAL_FIELD,INPUT_OR_CONTRACT_FIELD_TO_CANONICAL_TARGET,credit_age_months,credit_age_months,True,True,True,True,False,,CANONICAL_TARGET_MAPPED,True,True,CELL_7_7,DECLARED_ONLY_LIMITATION_AWARE_CANONICAL_REFERENCE,False,NOT_AVAILABLE_IN_CELL_7_7_METADATA_CONTRACT,True,DECLARED_ONLY_NO_RUNTIME_TRANSFORMATION,"Normalization or transformation requirements are declared as metadata only. Cell 7.7 does not execute normalization, encoding, imputation, scaling, feature engineering, or payload assembly.",False,True,False,False,canonical_feature,True,True,True,True,True,"['LIMITATION_DISCLOSURE', 'MISSING_POLICY', 'MODE_GUARDRAIL', 'NORMALIZATION_HANDOFF', 'TYPE_CHECK']",5,CANONICAL_VECTOR_REFERENCE_AVAILABLE,WARNING,"credit_age_months is a limitation-aware canonical field. It is allowed only in synthetic, technical, or canonical payload paths with disclosure.",Feature/path-level mapping row consolidated from Cell 7.6 validation metadata. This row does not execute transformation logic.,READY_WITH_LIMITATION,
CANONICAL_PAYLOAD,MF::credit_age_months,credit_age_months,credit_age_months,,MODEL_FEATURE,canonical_payload__credit_age_months,VALIDATION::CANONICAL_PAYLOAD__CREDIT_AGE_MONTHS__NORMALIZATION_HANDOFF__DEFER_TO_CELL_7_7__007,NORMALIZATION::CANONICAL_PAYLOAD::CREDIT_AGE_MONTHS,MAPPING::CANONICAL_PAYLOAD::CREDIT_AGE_MONTHS::LIMITATION_AWARE_MAPPING,canonical_payload__credit_age_months__limitation_aware_mapping,CANONICAL_PAYLOAD::credit_age_months,LIMITATION_AWARE_MAPPING,LIMITED_CANONICAL_FIELD,INPUT_OR_CONTRACT_FIELD_TO_CANONICAL_TARGET,credit_age_months,credit_age_months,True,True,True,True,False,,CANONICAL_TARGET_MAPPED,True,True,CELL_7_7,DECLARED_ONLY_LIMITATION_AWARE_CANONICAL_REFERENCE,False,NOT_AVAILABLE_IN_CELL_7_7_METADATA_CONTRACT,True,DECLARED_ONLY_NO_RUNTIME_TRANSFORMATION,"Normalization or transformation requirements are declared as metadata only. Cell 7.7 does not execute normalization, encoding, imputation, scaling, feature engineering, or payload assembly.",False,True,True,True,canonical_payload,True,True,True,True,True,"['LIMITATION_DISCLOSURE', 'MISSING_POLICY', 'MODE_GUARDRAIL', 'NORMALIZATION_HANDOFF', 'PAYLOAD_COMPLETENESS', 'TYPE_CHECK']",6,CANONICAL_VECTOR_REFERENCE_AVAILABLE,WARNING,"credit_age_months is a limitation-aware canonical field. It is allowed only in synthetic, technical, or canonical payload paths with disclosure.",Feature/path-level mapping row consolidated from Cell 7.6 validation metadata. This row does not execute transformation logic.,READY_WITH_LIMITATION,
BASIC_FORM,,,acc_open_past_24mths,,MAPPING_GAP_DISCLOSURE,,,NORMALIZATION::BASIC_FORM::ACC_OPEN_PAST_24MTHS::GAP_DISCLOSURE,MAPPING::BASIC_FORM::ACC_OPEN_PAST_24MTHS::MAPPING_GAP_DISCLOSURE,basic_form__acc_open_past_24mths__mapping_gap_disclosure,BASIC_FORM::acc_open_past_24mths::GAP_DISCLOSURE,MAPPING_GAP_DISCLOSURE,DISCLOSED_MAPPING_GAP,NO_BASIC_FORM_SOURCE_TO_CANONICAL_TARGET,,acc_open_past_24mths,False,False,False,False,True,BASIC_FORM_HAS_NO_SAFE_SOURCE_FIELD_FOR_CANONICAL_TARGET,BASIC_FORM_PAYLOAD_GAP_DISCLOSED,False,True,CELL_7_9,NO_BASIC_FORM_RUNTIME_NORMALIZATION,False,NOT_APPLICABLE_BASIC_FORM_GAP,False,NONE,Basic Form cannot produce this canonical feature safely in Cell 7.7. The gap is disclosed and must be handled by synthetic profile or payload assembly contracts later.,False,False,False,False,mapping_gap_disclosure,False,False,False,False,True,[],0,PARTIAL_MAPPING_REQUIRES_CELL_7_8_AND_CELL_7_9,WARNING,Basic Form is not a complete canonical payload path.,Disclosure row added by Cell 7.7 to avoid falsely claiming Basic Form can produce the complete canonical model vector.,READY_WITH_GAP_DISCLOSURE,Basic Form canonical mapping gap disclosed.
BASIC_FORM,,,bankruptcy_flag,,MAPPING_GAP_DISCLOSURE,,,NORMALIZATION::BASIC_FORM::BANKRUPTCY_FLAG::GAP_DISCLOSURE,MAPPING::BASIC_FORM::BANKRUPTCY_FLAG::MAPPING_GAP_DISCLOSURE,basic_form__bankruptcy_flag__mapping_gap_disclosure,BASIC_FORM::bankruptcy_flag::GAP_DISCLOSURE,MAPPING_GAP_DISCLOSURE,DISCLOSED_MAPPING_GAP,NO_BASIC_FORM_SOURCE_TO_CANONICAL_TARGET,,bankruptcy_flag,False,False,False,False,True,BASIC_FORM_HAS_NO_SAFE_SOURCE_FIELD_FOR_CANONICAL_TARGET,BASIC_FORM_PAYLOAD_GAP_DISCLOSED,False,True,CELL_7_9,NO_BASIC_FORM_RUNTIME_NORMALIZATION,False,NOT_APPLICABLE_BASIC_FORM_GAP,False,NONE,Basic Form cannot produce this canonical feature safely in Cell 7.7. The gap is disclosed and must be handled by synthetic profile or payload assembly contracts later.,False,False,False,False,mapping_gap_disclosure,False,False,False,False,True,[],0,PARTIAL_MAPPING_REQUIRES_CELL_7_8_AND_CELL_7_9,WARNING,Basic Form is not a complete canonical payload path.,Disclosure row added by Cell 7.7 to avoid falsely claiming Basic Form can produce the complete canonical model vector.,READY_WITH_GAP_DISCLOSURE,Basic Form canonical mapping gap disclosed.
BASIC_FORM,,,bc_open_to_buy,,MAPPING_GAP_DISCLOSURE,,,NORMALIZATION::BASIC_FORM::BC_OPEN_TO_BUY::GAP_DISCLOSURE,MAPPING::BASIC_FORM::BC_OPEN_TO_BUY::MAPPING_GAP_DISCLOSURE,basic_form__bc_open_to_buy__mapping_gap_disclosure,BASIC_FORM::bc_open_to_buy::GAP_DISCLOSURE,MAPPING_GAP_DISCLOSURE,DISCLOSED_MAPPING_GAP,NO_BASIC_FORM_SOURCE_TO_CANONICAL_TARGET,,bc_open_to_buy,False,False,False,False,True,BASIC_FORM_HAS_NO_SAFE_SOURCE_FIELD_FOR_CANONICAL_TARGET,BASIC_FORM_PAYLOAD_GAP_DISCLOSED,False,True,CELL_7_9,NO_BASIC_FORM_RUNTIME_NORMALIZATION,False,NOT_APPLICABLE_BASIC_FORM_GAP,False,NONE,Basic Form cannot produce this canonical feature safely in Cell 7.7. The gap is disclosed and must be handled by synthetic profile or payload assembly contracts later.,False,False,False,False,mapping_gap_disclosure,False,False,False,False,True,[],0,PARTIAL_MAPPING_REQUIRES_CELL_7_8_AND_CELL_7_9,WARNING,Basic Form is not a complete canonical payload path.,Disclosure row added by Cell 7.7 to avoid falsely claiming Basic Form can produce the complete canonical model vector.,READY_WITH_GAP_DISCLOSURE,Basic Form canonical mapping gap disclosed.
BASIC_FORM,,,bc_open_to_buy_missing_flag,,MAPPING_GAP_DISCLOSURE,,,NORMALIZATION::BASIC_FORM::BC_OPEN_TO_BUY_MISSING_FLAG::GAP_DISCLOSURE,MAPPING::BASIC_FORM::BC_OPEN_TO_BUY_MISSING_FLAG::MAPPING_GAP_DISCLOSURE,basic_form__bc_open_to_buy_missing_flag__mapping_gap_disclosure,BASIC_FORM::bc_open_to_buy_missing_flag::GAP_DISCLOSURE,MAPPING_GAP_DISCLOSURE,DISCLOSED_MAPPING_GAP,NO_BASIC_FORM_SOURCE_TO_CANONICAL_TARGET,,bc_open_to_buy_missing_flag,False,False,False,False,True,BASIC_FORM_HAS_NO_SAFE_SOURCE_FIELD_FOR_CANONICAL_TARGET,BASIC_FORM_PAYLOAD_GAP_DISCLOSED,False,True,CELL_7_9,NO_BASIC_FORM_RUNTIME_NORMALIZATION,False,NOT_APPLICABLE_BASIC_FORM_GAP,False,NONE,Basic Form cannot produce this canonical feature safely in Cell 7.7. The gap is disclosed and must be handled by synthetic profile or payload assembly contracts later.,False,False,False,False,mapping_gap_disclosure,False,False,False,False,True,[],0,PARTIAL_MAPPING_REQUIRES_CELL_7_8_AND_CELL_7_9,WARNING,Basic Form is not a complete canonical payload path.,Disclosure row added by Cell 7.7 to avoid falsely claiming Basic Form can produce the complete canonical model vector.,READY_WITH_GAP_DISCLOSURE,Basic Form canonical mapping gap disclosed.
BASIC_FORM,,,bc_util,,MAPPING_GAP_DISCLOSURE,,,NORMALIZATION::BASIC_FORM::BC_UTIL::GAP_DISCLOSURE,MAPPING::BASIC_FORM::BC_UTIL::MAPPING_GAP_DISCLOSURE,basic_form__bc_util__mapping_gap_disclosure,BASIC_FORM::bc_util::GAP_DISCLOSURE,MAPPING_GAP_DISCLOSURE,DISCLOSED_MAPPING_GAP,NO_BASIC_FORM_SOURCE_TO_CANONICAL_TARGET,,bc_util,False,False,False,False,True,BASIC_FORM_HAS_NO_SAFE_SOURCE_FIELD_FOR_CANONICAL_TARGET,BASIC_FORM_PAYLOAD_GAP_DISCLOSED,False,True,CELL_7_9,NO_BASIC_FORM_RUNTIME_NORMALIZATION,False,NOT_APPLICABLE_BASIC_FORM_GAP,False,NONE,Basic Form cannot produce this canonical feature safely in Cell 7.7. The gap is disclosed and must be handled by synthetic profile or payload assembly contracts later.,False,False,False,False,mapping_gap_disclosure,False,False,False,False,True,[],0,PARTIAL_MAPPING_REQUIRES_CELL_7_8_AND_CELL_7_9,WARNING,Basic Form is not a complete canonical payload path.,Disclosure row added by Cell 7.7 to avoid falsely claiming Basic Form can produce the complete canonical model vector.,READY_WITH_GAP_DISCLOSURE,Basic Form canonical mapping gap disclosed.
BASIC_FORM,,,bc_util_missing_flag,,MAPPING_GAP_DISCLOSURE,,,NORMALIZATION::BASIC_FORM::BC_UTIL_MISSING_FLAG::GAP_DISCLOSURE,MAPPING::BASIC_FORM::BC_UTIL_MISSING_FLAG::MAPPING_GAP_DISCLOSURE,basic_form__bc_util_missing_flag__mapping_gap_disclosure,BASIC_FORM::bc_util_missing_flag::GAP_DISCLOSURE,MAPPING_GAP_DISCLOSURE,DISCLOSED_MAPPING_GAP,NO_BASIC_FORM_SOURCE_TO_CANONICAL_TARGET,,bc_util_missing_flag,False,False,False,False,True,BASIC_FORM_HAS_NO_SAFE_SOURCE_FIELD_FOR_CANONICAL_TARGET,BASIC_FORM_PAYLOAD_GAP_DISCLOSED,False,True,CELL_7_9,NO_BASIC_FORM_RUNTIME_NORMALIZATION,False,NOT_APPLICABLE_BASIC_FORM_GAP,False,NONE,Basic Form cannot produce this canonical feature safely in Cell 7.7. The gap is disclosed and must be handled by synthetic profile or payload assembly contracts later.,False,False,False,False,mapping_gap_disclosure,False,False,False,False,True,[],0,PARTIAL_MAPPING_REQUIRES_CELL_7_8_AND_CELL_7_9,WARNING,Basic Form is not a complete canonical payload path.,Disclosure row added by Cell 7.7 to avoid falsely claiming Basic Form can produce the complete canonical model vector.,READY_WITH_GAP_DISCLOSURE,Basic Form canonical mapping gap disclosed.
BASIC_FORM,,,credit_age_months,,MAPPING_GAP_DISCLOSURE,,,NORMALIZATION::BASIC_FORM::CREDIT_AGE_MONTHS::GAP_DISCLOSURE,MAPPING::BASIC_FORM::CREDIT_AGE_MONTHS::MAPPING_GAP_DISCLOSURE,basic_form__credit_age_months__mapping_gap_disclosure,BASIC_FORM::credit_age_months::GAP_DISCLOSURE,MAPPING_GAP_DISCLOSURE,DISCLOSED_MAPPING_GAP,NO_BASIC_FORM_SOURCE_TO_CANONICAL_TARGET,,credit_age_months,False,False,False,False,True,BASIC_FORM_HAS_NO_SAFE_SOURCE_FIELD_FOR_CANONICAL_TARGET,BASIC_FORM_PAYLOAD_GAP_DISCLOSED,False,True,CELL_7_9,NO_BASIC_FORM_RUNTIME_NORMALIZATION,False,NOT_APPLICABLE_BASIC_FORM_GAP,False,NONE,Basic Form cannot produce this canonical feature safely in Cell 7.7. The gap is disclosed and must be handled by synthetic profile or payload assembly contracts later.,False,False,False,False,mapping_gap_disclosure,False,True,True,True,False,[],0,PARTIAL_MAPPING_REQUIRES_CELL_7_8_AND_CELL_7_9,WARNING,Basic Form is not a complete canonical payload path.,Disclosure row added by Cell 7.7 to avoid falsely claiming Basic Form can produce the complete canonical model vector.,READY_WITH_GAP_DISCLOSURE,Basic Form canonical mapping gap disclosed.
BASIC_FORM,,,debt_to_income_revol,,MAPPING_GAP_DISCLOSURE,,,NORMALIZATION::BASIC_FORM::DEBT_TO_INCOME_REVOL::GAP_DISCLOSURE,MAPPING::BASIC_FORM::DEBT_TO_INCOME_REVOL::MAPPING_GAP_DISCLOSURE,basic_form__debt_to_income_revol__mapping_gap_disclosure,BASIC_FORM::debt_to_income_revol::GAP_DISCLOSURE,MAPPING_GAP_DISCLOSURE,DISCLOSED_MAPPING_GAP,NO_BASIC_FORM_SOURCE_TO_CANONICAL_TARGET,,debt_to_income_revol,False,False,False,False,True,BASIC_FORM_HAS_NO_SAFE_SOURCE_FIELD_FOR_CANONICAL_TARGET,BASIC_FORM_PAYLOAD_GAP_DISCLOSED,False,True,CELL_7_9,NO_BASIC_FORM_RUNTIME_NORMALIZATION,False,NOT_APPLICABLE_BASIC_FORM_GAP,False,NONE,Basic Form cannot produce this canonical feature safely in Cell 7.7. The gap is disclosed and must be handled by synthetic profile or payload assembly contracts later.,False,False,False,False,mapping_gap_disclosure,False,False,False,False,True,[],0,PARTIAL_MAPPING_REQUIRES_CELL_7_8_AND_CELL_7_9,WARNING,Basic Form is not a complete canonical payload path.,Disclosure row added by Cell 7.7 to avoid falsely claiming Basic Form can produce the complete canonical model vector.,READY_WITH_GAP_DISCLOSURE,Basic Form canonical mapping gap disclosed.
BASIC_FORM,,,delinq_2yrs,,MAPPING_GAP_DISCLOSURE,,,NORMALIZATION::BASIC_FORM::DELINQ_2YRS::GAP_DISCLOSURE,MAPPING::BASIC_FORM::DELINQ_2YRS::MAPPING_GAP_DISCLOSURE,basic_form__delinq_2yrs__mapping_gap_disclosure,BASIC_FORM::delinq_2yrs::GAP_DISCLOSURE,MAPPING_GAP_DISCLOSURE,DISCLOSED_MAPPING_GAP,NO_BASIC_FORM_SOURCE_TO_CANONICAL_TARGET,,delinq_2yrs,False,False,False,False,True,BASIC_FORM_HAS_NO_SAFE_SOURCE_FIELD_FOR_CANONICAL_TARGET,BASIC_FORM_PAYLOAD_GAP_DISCLOSED,False,True,CELL_7_9,NO_BASIC_FORM_RUNTIME_NORMALIZATION,False,NOT_APPLICABLE_BASIC_FORM_GAP,False,NONE,Basic Form cannot produce this canonical feature safely in Cell 7.7. The gap is disclosed and must be handled by synthetic profile or payload assembly contracts later.,False,False,False,False,mapping_gap_disclosure,False,False,False,False,True,[],0,PARTIAL_MAPPING_REQUIRES_CELL_7_8_AND_CELL_7_9,WARNING,Basic Form is not a complete canonical payload path.,Disclosure row added by Cell 7.7 to avoid falsely claiming Basic Form can produce the complete canonical model vector.,READY_WITH_GAP_DISCLOSURE,Basic Form canonical mapping gap disclosed.
BASIC_FORM,,,delinq_flag,,MAPPING_GAP_DISCLOSURE,,,NORMALIZATION::BASIC_FORM::DELINQ_FLAG::GAP_DISCLOSURE,MAPPING::BASIC_FORM::DELINQ_FLAG::MAPPING_GAP_DISCLOSURE,basic_form__delinq_flag__mapping_gap_disclosure,BASIC_FORM::delinq_flag::GAP_DISCLOSURE,MAPPING_GAP_DISCLOSURE,DISCLOSED_MAPPING_GAP,NO_BASIC_FORM_SOURCE_TO_CANONICAL_TARGET,,delinq_flag,False,False,False,False,True,BASIC_FORM_HAS_NO_SAFE_SOURCE_FIELD_FOR_CANONICAL_TARGET,BASIC_FORM_PAYLOAD_GAP_DISCLOSED,False,True,CELL_7_9,NO_BASIC_FORM_RUNTIME_NORMALIZATION,False,NOT_APPLICABLE_BASIC_FORM_GAP,False,NONE,Basic Form cannot produce this canonical feature safely in Cell 7.7. The gap is disclosed and must be handled by synthetic profile or payload assembly contracts later.,False,False,False,False,mapping_gap_disclosure,False,False,False,False,True,[],0,PARTIAL_MAPPING_REQUIRES_CELL_7_8_AND_CELL_7_9,WARNING,Basic Form is not a complete canonical payload path.,Disclosure row added by Cell 7.7 to avoid falsely claiming Basic Form can produce the complete canonical model vector.,READY_WITH_GAP_DISCLOSURE,Basic Form canonical mapping gap disclosed.
BASIC_FORM,,,fico_avg,,MAPPING_GAP_DISCLOSURE,,,NORMALIZATION::BASIC_FORM::FICO_AVG::GAP_DISCLOSURE,MAPPING::BASIC_FORM::FICO_AVG::MAPPING_GAP_DISCLOSURE,basic_form__fico_avg__mapping_gap_disclosure,BASIC_FORM::fico_avg::GAP_DISCLOSURE,MAPPING_GAP_DISCLOSURE,DISCLOSED_MAPPING_GAP,NO_BASIC_FORM_SOURCE_TO_CANONICAL_TARGET,,fico_avg,False,False,False,False,True,BASIC_FORM_HAS_NO_SAFE_SOURCE_FIELD_FOR_CANONICAL_TARGET,BASIC_FORM_PAYLOAD_GAP_DISCLOSED,False,True,CELL_7_9,NO_BASIC_FORM_RUNTIME_NORMALIZATION,False,NOT_APPLICABLE_BASIC_FORM_GAP,False,NONE,Basic Form cannot produce this canonical feature safely in Cell 7.7. The gap is disclosed and must be handled by synthetic profile or payload assembly contracts later.,False,False,False,False,mapping_gap_disclosure,False,False,False,False,True,[],0,PARTIAL_MAPPING_REQUIRES_CELL_7_8_AND_CELL_7_9,WARNING,Basic Form is not a complete canonical payload path.,Disclosure row added by Cell 7.7 to avoid falsely claiming Basic Form can produce the complete canonical model vector.,READY_WITH_GAP_DISCLOSURE,Basic Form canonical mapping gap disclosed.
BASIC_FORM,,,grade_encoded,,MAPPING_GAP_DISCLOSURE,,,NORMALIZATION::BASIC_FORM::GRADE_ENCODED::GAP_DISCLOSURE,MAPPING::BASIC_FORM::GRADE_ENCODED::MAPPING_GAP_DISCLOSURE,basic_form__grade_encoded__mapping_gap_disclosure,BASIC_FORM::grade_encoded::GAP_DISCLOSURE,MAPPING_GAP_DISCLOSURE,DISCLOSED_MAPPING_GAP,NO_BASIC_FORM_SOURCE_TO_CANONICAL_TARGET,,grade_encoded,False,False,False,False,True,BASIC_FORM_HAS_NO_SAFE_SOURCE_FIELD_FOR_CANONICAL_TARGET,BASIC_FORM_PAYLOAD_GAP_DISCLOSED,False,True,CELL_7_9,NO_BASIC_FORM_RUNTIME_NORMALIZATION,False,NOT_APPLICABLE_BASIC_FORM_GAP,False,NONE,Basic Form cannot produce this canonical feature safely in Cell 7.7. The gap is disclosed and must be handled by synthetic profile or payload assembly contracts later.,False,False,False,False,mapping_gap_disclosure,False,True,True,True,False,[],0,PARTIAL_MAPPING_REQUIRES_CELL_7_8_AND_CELL_7_9,WARNING,Basic Form is not a complete canonical payload path.,Disclosure row added by Cell 7.7 to avoid falsely claiming Basic Form can produce the complete canonical model vector.,READY_WITH_GAP_DISCLOSURE,Basic Form canonical mapping gap disclosed.
BASIC_FORM,,,high_revol_util_flag,,MAPPING_GAP_DISCLOSURE,,,NORMALIZATION::BASIC_FORM::HIGH_REVOL_UTIL_FLAG::GAP_DISCLOSURE,MAPPING::BASIC_FORM::HIGH_REVOL_UTIL_FLAG::MAPPING_GAP_DISCLOSURE,basic_form__high_revol_util_flag__mapping_gap_disclosure,BASIC_FORM::high_revol_util_flag::GAP_DISCLOSURE,MAPPING_GAP_DISCLOSURE,DISCLOSED_MAPPING_GAP,NO_BASIC_FORM_SOURCE_TO_CANONICAL_TARGET,,high_revol_util_flag,False,False,False,False,True,BASIC_FORM_HAS_NO_SAFE_SOURCE_FIELD_FOR_CANONICAL_TARGET,BASIC_FORM_PAYLOAD_GAP_DISCLOSED,False,True,CELL_7_9,NO_BASIC_FORM_RUNTIME_NORMALIZATION,False,NOT_APPLICABLE_BASIC_FORM_GAP,False,NONE,Basic Form cannot produce this canonical feature safely in Cell 7.7. The gap is disclosed and must be handled by synthetic profile or payload assembly contracts later.,False,False,False,False,mapping_gap_disclosure,False,False,False,False,True,[],0,PARTIAL_MAPPING_REQUIRES_CELL_7_8_AND_CELL_7_9,WARNING,Basic Form is not a complete canonical payload path.,Disclosure row added by Cell 7.7 to avoid falsely claiming Basic Form can produce the complete canonical model vector.,READY_WITH_GAP_DISCLOSURE,Basic Form canonical mapping gap disclosed.
BASIC_FORM,,,home_ownership_encoded,,MAPPING_GAP_DISCLOSURE,,,NORMALIZATION::BASIC_FORM::HOME_OWNERSHIP_ENCODED::GAP_DISCLOSURE,MAPPING::BASIC_FORM::HOME_OWNERSHIP_ENCODED::MAPPING_GAP_DISCLOSURE,basic_form__home_ownership_encoded__mapping_gap_disclosure,BASIC_FORM::home_ownership_encoded::GAP_DISCLOSURE,MAPPING_GAP_DISCLOSURE,DISCLOSED_MAPPING_GAP,NO_BASIC_FORM_SOURCE_TO_CANONICAL_TARGET,,home_ownership_encoded,False,False,False,False,True,BASIC_FORM_HAS_NO_SAFE_SOURCE_FIELD_FOR_CANONICAL_TARGET,BASIC_FORM_PAYLOAD_GAP_DISCLOSED,False,True,CELL_7_9,NO_BASIC_FORM_RUNTIME_NORMALIZATION,False,NOT_APPLICABLE_BASIC_FORM_GAP,False,NONE,Basic Form cannot produce this canonical feature safely in Cell 7.7. The gap is disclosed and must be handled by synthetic profile or payload assembly contracts later.,False,False,False,False,mapping_gap_disclosure,False,False,False,False,True,[],0,PARTIAL_MAPPING_REQUIRES_CELL_7_8_AND_CELL_7_9,WARNING,Basic Form is not a complete canonical payload path.,Disclosure row added by Cell 7.7 to avoid falsely claiming Basic Form can produce the complete canonical model vector.,READY_WITH_GAP_DISCLOSURE,Basic Form canonical mapping gap disclosed.
BASIC_FORM,,,inq_last_6mths,,MAPPING_GAP_DISCLOSURE,,,NORMALIZATION::BASIC_FORM::INQ_LAST_6MTHS::GAP_DISCLOSURE,MAPPING::BASIC_FORM::INQ_LAST_6MTHS::MAPPING_GAP_DISCLOSURE,basic_form__inq_last_6mths__mapping_gap_disclosure,BASIC_FORM::inq_last_6mths::GAP_DISCLOSURE,MAPPING_GAP_DISCLOSURE,DISCLOSED_MAPPING_GAP,NO_BASIC_FORM_SOURCE_TO_CANONICAL_TARGET,,inq_last_6mths,False,False,False,False,True,BASIC_FORM_HAS_NO_SAFE_SOURCE_FIELD_FOR_CANONICAL_TARGET,BASIC_FORM_PAYLOAD_GAP_DISCLOSED,False,True,CELL_7_9,NO_BASIC_FORM_RUNTIME_NORMALIZATION,False,NOT_APPLICABLE_BASIC_FORM_GAP,False,NONE,Basic Form cannot produce this canonical feature safely in Cell 7.7. The gap is disclosed and must be handled by synthetic profile or payload assembly contracts later.,False,False,False,False,mapping_gap_disclosure,False,False,False,False,True,[],0,PARTIAL_MAPPING_REQUIRES_CELL_7_8_AND_CELL_7_9,WARNING,Basic Form is not a complete canonical payload path.,Disclosure row added by Cell 7.7 to avoid falsely claiming Basic Form can produce the complete canonical model vector.,READY_WITH_GAP_DISCLOSURE,Basic Form canonical mapping gap disclosed.
BASIC_FORM,,,inq_per_open_acc,,MAPPING_GAP_DISCLOSURE,,,NORMALIZATION::BASIC_FORM::INQ_PER_OPEN_ACC::GAP_DISCLOSURE,MAPPING::BASIC_FORM::INQ_PER_OPEN_ACC::MAPPING_GAP_DISCLOSURE,basic_form__inq_per_open_acc__mapping_gap_disclosure,BASIC_FORM::inq_per_open_acc::GAP_DISCLOSURE,MAPPING_GAP_DISCLOSURE,DISCLOSED_MAPPING_GAP,NO_BASIC_FORM_SOURCE_TO_CANONICAL_TARGET,,inq_per_open_acc,False,False,False,False,True,BASIC_FORM_HAS_NO_SAFE_SOURCE_FIELD_FOR_CANONICAL_TARGET,BASIC_FORM_PAYLOAD_GAP_DISCLOSED,False,True,CELL_7_9,NO_BASIC_FORM_RUNTIME_NORMALIZATION,False,NOT_APPLICABLE_BASIC_FORM_GAP,False,NONE,Basic Form cannot produce this canonical feature safely in Cell 7.7. The gap is disclosed and must be handled by synthetic profile or payload assembly contracts later.,False,False,False,False,mapping_gap_disclosure,False,False,False,False,True,[],0,PARTIAL_MAPPING_REQUIRES_CELL_7_8_AND_CELL_7_9,WARNING,Basic Form is not a complete canonical payload path.,Disclosure row added by Cell 7.7 to avoid falsely claiming Basic Form can produce the complete canonical model vector.,READY_WITH_GAP_DISCLOSURE,Basic Form canonical mapping gap disclosed.
BASIC_FORM,,,installment,,MAPPING_GAP_DISCLOSURE,,,NORMALIZATION::BASIC_FORM::INSTALLMENT::GAP_DISCLOSURE,MAPPING::BASIC_FORM::INSTALLMENT::MAPPING_GAP_DISCLOSURE,basic_form__installment__mapping_gap_disclosure,BASIC_FORM::installment::GAP_DISCLOSURE,MAPPING_GAP_DISCLOSURE,DISCLOSED_MAPPING_GAP,NO_BASIC_FORM_SOURCE_TO_CANONICAL_TARGET,,installment,False,False,False,False,True,BASIC_FORM_HAS_NO_SAFE_SOURCE_FIELD_FOR_CANONICAL_TARGET,BASIC_FORM_PAYLOAD_GAP_DISCLOSED,False,True,CELL_7_9,NO_BASIC_FORM_RUNTIME_NORMALIZATION,False,NOT_APPLICABLE_BASIC_FORM_GAP,False,NONE,Basic Form cannot produce this canonical feature safely in Cell 7.7. The gap is disclosed and must be handled by synthetic profile or payload assembly contracts later.,False,False,False,False,mapping_gap_disclosure,False,False,False,False,True,[],0,PARTIAL_MAPPING_REQUIRES_CELL_7_8_AND_CELL_7_9,WARNING,Basic Form is not a complete canonical payload path.,Disclosure row added by Cell 7.7 to avoid falsely claiming Basic Form can produce the complete canonical model vector.,READY_WITH_GAP_DISCLOSURE,Basic Form canonical mapping gap disclosed.
BASIC_FORM,,,is_60_month,,MAPPING_GAP_DISCLOSURE,,,NORMALIZATION::BASIC_FORM::IS_60_MONTH::GAP_DISCLOSURE,MAPPING::BASIC_FORM::IS_60_MONTH::MAPPING_GAP_DISCLOSURE,basic_form__is_60_month__mapping_gap_disclosure,BASIC_FORM::is_60_month::GAP_DISCLOSURE,MAPPING_GAP_DISCLOSURE,DISCLOSED_MAPPING_GAP,NO_BASIC_FORM_SOURCE_TO_CANONICAL_TARGET,,is_60_month,False,False,False,False,True,BASIC_FORM_HAS_NO_SAFE_SOURCE_FIELD_FOR_CANONICAL_TARGET,BASIC_FORM_PAYLOAD_GAP_DISCLOSED,False,True,CELL_7_9,NO_BASIC_FORM_RUNTIME_NORMALIZATION,False,NOT_APPLICABLE_BASIC_FORM_GAP,False,NONE,Basic Form cannot produce this canonical feature safely in Cell 7.7. The gap is disclosed and must be handled by synthetic profile or payload assembly contracts later.,False,False,False,False,mapping_gap_disclosure,False,False,False,False,True,[],0,PARTIAL_MAPPING_REQUIRES_CELL_7_8_AND_CELL_7_9,WARNING,Basic Form is not a complete canonical payload path.,Disclosure row added by Cell 7.7 to avoid falsely claiming Basic Form can produce the complete canonical model vector.,READY_WITH_GAP_DISCLOSURE,Basic Form canonical mapping gap disclosed.
BASIC_FORM,,,loan_to_income,,MAPPING_GAP_DISCLOSURE,,,NORMALIZATION::BASIC_FORM::LOAN_TO_INCOME::GAP_DISCLOSURE,MAPPING::BASIC_FORM::LOAN_TO_INCOME::MAPPING_GAP_DISCLOSURE,basic_form__loan_to_income__mapping_gap_disclosure,BASIC_FORM::loan_to_income::GAP_DISCLOSURE,MAPPING_GAP_DISCLOSURE,DISCLOSED_MAPPING_GAP,NO_BASIC_FORM_SOURCE_TO_CANONICAL_TARGET,,loan_to_income,False,False,False,False,True,BASIC_FORM_HAS_NO_SAFE_SOURCE_FIELD_FOR_CANONICAL_TARGET,BASIC_FORM_PAYLOAD_GAP_DISCLOSED,False,True,CELL_7_9,NO_BASIC_FORM_RUNTIME_NORMALIZATION,False,NOT_APPLICABLE_BASIC_FORM_GAP,False,NONE,Basic Form cannot produce this canonical feature safely in Cell 7.7. The gap is disclosed and must be handled by synthetic profile or payload assembly contracts later.,False,False,False,False,mapping_gap_disclosure,False,False,False,False,True,[],0,PARTIAL_MAPPING_REQUIRES_CELL_7_8_AND_CELL_7_9,WARNING,Basic Form is not a complete canonical payload path.,Disclosure row added by Cell 7.7 to avoid falsely claiming Basic Form can produce the complete canonical model vector.,READY_WITH_GAP_DISCLOSURE,Basic Form canonical mapping gap disclosed.
BASIC_FORM,,,log_annual_inc,,MAPPING_GAP_DISCLOSURE,,,NORMALIZATION::BASIC_FORM::LOG_ANNUAL_INC::GAP_DISCLOSURE,MAPPING::BASIC_FORM::LOG_ANNUAL_INC::MAPPING_GAP_DISCLOSURE,basic_form__log_annual_inc__mapping_gap_disclosure,BASIC_FORM::log_annual_inc::GAP_DISCLOSURE,MAPPING_GAP_DISCLOSURE,DISCLOSED_MAPPING_GAP,NO_BASIC_FORM_SOURCE_TO_CANONICAL_TARGET,,log_annual_inc,False,False,False,False,True,BASIC_FORM_HAS_NO_SAFE_SOURCE_FIELD_FOR_CANONICAL_TARGET,BASIC_FORM_PAYLOAD_GAP_DISCLOSED,False,True,CELL_7_9,NO_BASIC_FORM_RUNTIME_NORMALIZATION,False,NOT_APPLICABLE_BASIC_FORM_GAP,False,NONE,Basic Form cannot produce this canonical feature safely in Cell 7.7. The gap is disclosed and must be handled by synthetic profile or payload assembly contracts later.,False,False,False,False,mapping_gap_disclosure,False,False,False,False,True,[],0,PARTIAL_MAPPING_REQUIRES_CELL_7_8_AND_CELL_7_9,WARNING,Basic Form is not a complete canonical payload path.,Disclosure row added by Cell 7.7 to avoid falsely claiming Basic Form can produce the complete canonical model vector.,READY_WITH_GAP_DISCLOSURE,Basic Form canonical mapping gap disclosed.
BASIC_FORM,,,log_loan_amnt,,MAPPING_GAP_DISCLOSURE,,,NORMALIZATION::BASIC_FORM::LOG_LOAN_AMNT::GAP_DISCLOSURE,MAPPING::BASIC_FORM::LOG_LOAN_AMNT::MAPPING_GAP_DISCLOSURE,basic_form__log_loan_amnt__mapping_gap_disclosure,BASIC_FORM::log_loan_amnt::GAP_DISCLOSURE,MAPPING_GAP_DISCLOSURE,DISCLOSED_MAPPING_GAP,NO_BASIC_FORM_SOURCE_TO_CANONICAL_TARGET,,log_loan_amnt,False,False,False,False,True,BASIC_FORM_HAS_NO_SAFE_SOURCE_FIELD_FOR_CANONICAL_TARGET,BASIC_FORM_PAYLOAD_GAP_DISCLOSED,False,True,CELL_7_9,NO_BASIC_FORM_RUNTIME_NORMALIZATION,False,NOT_APPLICABLE_BASIC_FORM_GAP,False,NONE,Basic Form cannot produce this canonical feature safely in Cell 7.7. The gap is disclosed and must be handled by synthetic profile or payload assembly contracts later.,False,False,False,False,mapping_gap_disclosure,False,False,False,False,True,[],0,PARTIAL_MAPPING_REQUIRES_CELL_7_8_AND_CELL_7_9,WARNING,Basic Form is not a complete canonical payload path.,Disclosure row added by Cell 7.7 to avoid falsely claiming Basic Form can produce the complete canonical model vector.,READY_WITH_GAP_DISCLOSURE,Basic Form canonical mapping gap disclosed.
BASIC_FORM,,,log_revol_bal,,MAPPING_GAP_DISCLOSURE,,,NORMALIZATION::BASIC_FORM::LOG_REVOL_BAL::GAP_DISCLOSURE,MAPPING::BASIC_FORM::LOG_REVOL_BAL::MAPPING_GAP_DISCLOSURE,basic_form__log_revol_bal__mapping_gap_disclosure,BASIC_FORM::log_revol_bal::GAP_DISCLOSURE,MAPPING_GAP_DISCLOSURE,DISCLOSED_MAPPING_GAP,NO_BASIC_FORM_SOURCE_TO_CANONICAL_TARGET,,log_revol_bal,False,False,False,False,True,BASIC_FORM_HAS_NO_SAFE_SOURCE_FIELD_FOR_CANONICAL_TARGET,BASIC_FORM_PAYLOAD_GAP_DISCLOSED,False,True,CELL_7_9,NO_BASIC_FORM_RUNTIME_NORMALIZATION,False,NOT_APPLICABLE_BASIC_FORM_GAP,False,NONE,Basic Form cannot produce this canonical feature safely in Cell 7.7. The gap is disclosed and must be handled by synthetic profile or payload assembly contracts later.,False,False,False,False,mapping_gap_disclosure,False,False,False,False,True,[],0,PARTIAL_MAPPING_REQUIRES_CELL_7_8_AND_CELL_7_9,WARNING,Basic Form is not a complete canonical payload path.,Disclosure row added by Cell 7.7 to avoid falsely claiming Basic Form can produce the complete canonical model vector.,READY_WITH_GAP_DISCLOSURE,Basic Form canonical mapping gap disclosed.
BASIC_FORM,,,log_tot_cur_bal,,MAPPING_GAP_DISCLOSURE,,,NORMALIZATION::BASIC_FORM::LOG_TOT_CUR_BAL::GAP_DISCLOSURE,MAPPING::BASIC_FORM::LOG_TOT_CUR_BAL::MAPPING_GAP_DISCLOSURE,basic_form__log_tot_cur_bal__mapping_gap_disclosure,BASIC_FORM::log_tot_cur_bal::GAP_DISCLOSURE,MAPPING_GAP_DISCLOSURE,DISCLOSED_MAPPING_GAP,NO_BASIC_FORM_SOURCE_TO_CANONICAL_TARGET,,log_tot_cur_bal,False,False,False,False,True,BASIC_FORM_HAS_NO_SAFE_SOURCE_FIELD_FOR_CANONICAL_TARGET,BASIC_FORM_PAYLOAD_GAP_DISCLOSED,False,True,CELL_7_9,NO_BASIC_FORM_RUNTIME_NORMALIZATION,False,NOT_APPLICABLE_BASIC_FORM_GAP,False,NONE,Basic Form cannot produce this canonical feature safely in Cell 7.7. The gap is disclosed and must be handled by synthetic profile or payload assembly contracts later.,False,False,False,False,mapping_gap_disclosure,False,False,False,False,True,[],0,PARTIAL_MAPPING_REQUIRES_CELL_7_8_AND_CELL_7_9,WARNING,Basic Form is not a complete canonical payload path.,Disclosure row added by Cell 7.7 to avoid falsely claiming Basic Form can produce the complete canonical model vector.,READY_WITH_GAP_DISCLOSURE,Basic Form canonical mapping gap disclosed.
BASIC_FORM,,,log_total_rev_hi_lim,,MAPPING_GAP_DISCLOSURE,,,NORMALIZATION::BASIC_FORM::LOG_TOTAL_REV_HI_LIM::GAP_DISCLOSURE,MAPPING::BASIC_FORM::LOG_TOTAL_REV_HI_LIM::MAPPING_GAP_DISCLOSURE,basic_form__log_total_rev_hi_lim__mapping_gap_disclosure,BASIC_FORM::log_total_rev_hi_lim::GAP_DISCLOSURE,MAPPING_GAP_DISCLOSURE,DISCLOSED_MAPPING_GAP,NO_BASIC_FORM_SOURCE_TO_CANONICAL_TARGET,,log_total_rev_hi_lim,False,False,False,False,True,BASIC_FORM_HAS_NO_SAFE_SOURCE_FIELD_FOR_CANONICAL_TARGET,BASIC_FORM_PAYLOAD_GAP_DISCLOSED,False,True,CELL_7_9,NO_BASIC_FORM_RUNTIME_NORMALIZATION,False,NOT_APPLICABLE_BASIC_FORM_GAP,False,NONE,Basic Form cannot produce this canonical feature safely in Cell 7.7. The gap is disclosed and must be handled by synthetic profile or payload assembly contracts later.,False,False,False,False,mapping_gap_disclosure,False,False,False,False,True,[],0,PARTIAL_MAPPING_REQUIRES_CELL_7_8_AND_CELL_7_9,WARNING,Basic Form is not a complete canonical payload path.,Disclosure row added by Cell 7.7 to avoid falsely claiming Basic Form can produce the complete canonical model vector.,READY_WITH_GAP_DISCLOSURE,Basic Form canonical mapping gap disclosed.
BASIC_FORM,,,mo_sin_old_rev_tl_op,,MAPPING_GAP_DISCLOSURE,,,NORMALIZATION::BASIC_FORM::MO_SIN_OLD_REV_TL_OP::GAP_DISCLOSURE,MAPPING::BASIC_FORM::MO_SIN_OLD_REV_TL_OP::MAPPING_GAP_DISCLOSURE,basic_form__mo_sin_old_rev_tl_op__mapping_gap_disclosure,BASIC_FORM::mo_sin_old_rev_tl_op::GAP_DISCLOSURE,MAPPING_GAP_DISCLOSURE,DISCLOSED_MAPPING_GAP,NO_BASIC_FORM_SOURCE_TO_CANONICAL_TARGET,,mo_sin_old_rev_tl_op,False,False,False,False,True,BASIC_FORM_HAS_NO_SAFE_SOURCE_FIELD_FOR_CANONICAL_TARGET,BASIC_FORM_PAYLOAD_GAP_DISCLOSED,False,True,CELL_7_9,NO_BASIC_FORM_RUNTIME_NORMALIZATION,False,NOT_APPLICABLE_BASIC_FORM_GAP,False,NONE,Basic Form cannot produce this canonical feature safely in Cell 7.7. The gap is disclosed and must be handled by synthetic profile or payload assembly contracts later.,False,False,False,False,mapping_gap_disclosure,False,False,False,False,True,[],0,PARTIAL_MAPPING_REQUIRES_CELL_7_8_AND_CELL_7_9,WARNING,Basic Form is not a complete canonical payload path.,Disclosure row added by Cell 7.7 to avoid falsely claiming Basic Form can produce the complete canonical model vector.,READY_WITH_GAP_DISCLOSURE,Basic Form canonical mapping gap disclosed.
BASIC_FORM,,,mo_sin_old_rev_tl_op_missing_flag,,MAPPING_GAP_DISCLOSURE,,,NORMALIZATION::BASIC_FORM::MO_SIN_OLD_REV_TL_OP_MISSING_FLAG::GAP_DISCLOSURE,MAPPING::BASIC_FORM::MO_SIN_OLD_REV_TL_OP_MISSING_FLAG::MAPPING_GAP_DISCLOSURE,basic_form__mo_sin_old_rev_tl_op_missing_flag__mapping_gap_disclosure,BASIC_FORM::mo_sin_old_rev_tl_op_missing_flag::GAP_DISCLOSURE,MAPPING_GAP_DISCLOSURE,DISCLOSED_MAPPING_GAP,NO_BASIC_FORM_SOURCE_TO_CANONICAL_TARGET,,mo_sin_old_rev_tl_op_missing_flag,False,False,False,False,True,BASIC_FORM_HAS_NO_SAFE_SOURCE_FIELD_FOR_CANONICAL_TARGET,BASIC_FORM_PAYLOAD_GAP_DISCLOSED,False,True,CELL_7_9,NO_BASIC_FORM_RUNTIME_NORMALIZATION,False,NOT_APPLICABLE_BASIC_FORM_GAP,False,NONE,Basic Form cannot produce this canonical feature safely in Cell 7.7. The gap is disclosed and must be handled by synthetic profile or payload assembly contracts later.,False,False,False,False,mapping_gap_disclosure,False,False,False,False,True,[],0,PARTIAL_MAPPING_REQUIRES_CELL_7_8_AND_CELL_7_9,WARNING,Basic Form is not a complete canonical payload path.,Disclosure row added by Cell 7.7 to avoid falsely claiming Basic Form can produce the complete canonical model vector.,READY_WITH_GAP_DISCLOSURE,Basic Form canonical mapping gap disclosed.
BASIC_FORM,,,mo_sin_rcnt_rev_tl_op,,MAPPING_GAP_DISCLOSURE,,,NORMALIZATION::BASIC_FORM::MO_SIN_RCNT_REV_TL_OP::GAP_DISCLOSURE,MAPPING::BASIC_FORM::MO_SIN_RCNT_REV_TL_OP::MAPPING_GAP_DISCLOSURE,basic_form__mo_sin_rcnt_rev_tl_op__mapping_gap_disclosure,BASIC_FORM::mo_sin_rcnt_rev_tl_op::GAP_DISCLOSURE,MAPPING_GAP_DISCLOSURE,DISCLOSED_MAPPING_GAP,NO_BASIC_FORM_SOURCE_TO_CANONICAL_TARGET,,mo_sin_rcnt_rev_tl_op,False,False,False,False,True,BASIC_FORM_HAS_NO_SAFE_SOURCE_FIELD_FOR_CANONICAL_TARGET,BASIC_FORM_PAYLOAD_GAP_DISCLOSED,False,True,CELL_7_9,NO_BASIC_FORM_RUNTIME_NORMALIZATION,False,NOT_APPLICABLE_BASIC_FORM_GAP,False,NONE,Basic Form cannot produce this canonical feature safely in Cell 7.7. The gap is disclosed and must be handled by synthetic profile or payload assembly contracts later.,False,False,False,False,mapping_gap_disclosure,False,False,False,False,True,[],0,PARTIAL_MAPPING_REQUIRES_CELL_7_8_AND_CELL_7_9,WARNING,Basic Form is not a complete canonical payload path.,Disclosure row added by Cell 7.7 to avoid falsely claiming Basic Form can produce the complete canonical model vector.,READY_WITH_GAP_DISCLOSURE,Basic Form canonical mapping gap disclosed.
BASIC_FORM,,,mo_sin_rcnt_rev_tl_op_missing_flag,,MAPPING_GAP_DISCLOSURE,,,NORMALIZATION::BASIC_FORM::MO_SIN_RCNT_REV_TL_OP_MISSING_FLAG::GAP_DISCLOSURE,MAPPING::BASIC_FORM::MO_SIN_RCNT_REV_TL_OP_MISSING_FLAG::MAPPING_GAP_DISCLOSURE,basic_form__mo_sin_rcnt_rev_tl_op_missing_flag__mapping_gap_disclosure,BASIC_FORM::mo_sin_rcnt_rev_tl_op_missing_flag::GAP_DISCLOSURE,MAPPING_GAP_DISCLOSURE,DISCLOSED_MAPPING_GAP,NO_BASIC_FORM_SOURCE_TO_CANONICAL_TARGET,,mo_sin_rcnt_rev_tl_op_missing_flag,False,False,False,False,True,BASIC_FORM_HAS_NO_SAFE_SOURCE_FIELD_FOR_CANONICAL_TARGET,BASIC_FORM_PAYLOAD_GAP_DISCLOSED,False,True,CELL_7_9,NO_BASIC_FORM_RUNTIME_NORMALIZATION,False,NOT_APPLICABLE_BASIC_FORM_GAP,False,NONE,Basic Form cannot produce this canonical feature safely in Cell 7.7. The gap is disclosed and must be handled by synthetic profile or payload assembly contracts later.,False,False,False,False,mapping_gap_disclosure,False,False,False,False,True,[],0,PARTIAL_MAPPING_REQUIRES_CELL_7_8_AND_CELL_7_9,WARNING,Basic Form is not a complete canonical payload path.,Disclosure row added by Cell 7.7 to avoid falsely claiming Basic Form can produce the complete canonical model vector.,READY_WITH_GAP_DISCLOSURE,Basic Form canonical mapping gap disclosed.
BASIC_FORM,,,mort_acc,,MAPPING_GAP_DISCLOSURE,,,NORMALIZATION::BASIC_FORM::MORT_ACC::GAP_DISCLOSURE,MAPPING::BASIC_FORM::MORT_ACC::MAPPING_GAP_DISCLOSURE,basic_form__mort_acc__mapping_gap_disclosure,BASIC_FORM::mort_acc::GAP_DISCLOSURE,MAPPING_GAP_DISCLOSURE,DISCLOSED_MAPPING_GAP,NO_BASIC_FORM_SOURCE_TO_CANONICAL_TARGET,,mort_acc,False,False,False,False,True,BASIC_FORM_HAS_NO_SAFE_SOURCE_FIELD_FOR_CANONICAL_TARGET,BASIC_FORM_PAYLOAD_GAP_DISCLOSED,False,True,CELL_7_9,NO_BASIC_FORM_RUNTIME_NORMALIZATION,False,NOT_APPLICABLE_BASIC_FORM_GAP,False,NONE,Basic Form cannot produce this canonical feature safely in Cell 7.7. The gap is disclosed and must be handled by synthetic profile or payload assembly contracts later.,False,False,False,False,mapping_gap_disclosure,False,False,False,False,True,[],0,PARTIAL_MAPPING_REQUIRES_CELL_7_8_AND_CELL_7_9,WARNING,Basic Form is not a complete canonical payload path.,Disclosure row added by Cell 7.7 to avoid falsely claiming Basic Form can produce the complete canonical model vector.,READY_WITH_GAP_DISCLOSURE,Basic Form canonical mapping gap disclosed.
BASIC_FORM,,,mths_since_last_delinq,,MAPPING_GAP_DISCLOSURE,,,NORMALIZATION::BASIC_FORM::MTHS_SINCE_LAST_DELINQ::GAP_DISCLOSURE,MAPPING::BASIC_FORM::MTHS_SINCE_LAST_DELINQ::MAPPING_GAP_DISCLOSURE,basic_form__mths_since_last_delinq__mapping_gap_disclosure,BASIC_FORM::mths_since_last_delinq::GAP_DISCLOSURE,MAPPING_GAP_DISCLOSURE,DISCLOSED_MAPPING_GAP,NO_BASIC_FORM_SOURCE_TO_CANONICAL_TARGET,,mths_since_last_delinq,False,False,False,False,True,BASIC_FORM_HAS_NO_SAFE_SOURCE_FIELD_FOR_CANONICAL_TARGET,BASIC_FORM_PAYLOAD_GAP_DISCLOSED,False,True,CELL_7_9,NO_BASIC_FORM_RUNTIME_NORMALIZATION,False,NOT_APPLICABLE_BASIC_FORM_GAP,False,NONE,Basic Form cannot produce this canonical feature safely in Cell 7.7. The gap is disclosed and must be handled by synthetic profile or payload assembly contracts later.,False,False,False,False,mapping_gap_disclosure,False,False,False,False,True,[],0,PARTIAL_MAPPING_REQUIRES_CELL_7_8_AND_CELL_7_9,WARNING,Basic Form is not a complete canonical payload path.,Disclosure row added by Cell 7.7 to avoid falsely claiming Basic Form can produce the complete canonical model vector.,READY_WITH_GAP_DISCLOSURE,Basic Form canonical mapping gap disclosed.
BASIC_FORM,,,mths_since_last_delinq_missing_flag,,MAPPING_GAP_DISCLOSURE,,,NORMALIZATION::BASIC_FORM::MTHS_SINCE_LAST_DELINQ_MISSING_FLAG::GAP_DISCLOSURE,MAPPING::BASIC_FORM::MTHS_SINCE_LAST_DELINQ_MISSING_FLAG::MAPPING_GAP_DISCLOSURE,basic_form__mths_since_last_delinq_missing_flag__mapping_gap_disclosure,BASIC_FORM::mths_since_last_delinq_missing_flag::GAP_DISCLOSURE,MAPPING_GAP_DISCLOSURE,DISCLOSED_MAPPING_GAP,NO_BASIC_FORM_SOURCE_TO_CANONICAL_TARGET,,mths_since_last_delinq_missing_flag,False,False,False,False,True,BASIC_FORM_HAS_NO_SAFE_SOURCE_FIELD_FOR_CANONICAL_TARGET,BASIC_FORM_PAYLOAD_GAP_DISCLOSED,False,True,CELL_7_9,NO_BASIC_FORM_RUNTIME_NORMALIZATION,False,NOT_APPLICABLE_BASIC_FORM_GAP,False,NONE,Basic Form cannot produce this canonical feature safely in Cell 7.7. The gap is disclosed and must be handled by synthetic profile or payload assembly contracts later.,False,False,False,False,mapping_gap_disclosure,False,False,False,False,True,[],0,PARTIAL_MAPPING_REQUIRES_CELL_7_8_AND_CELL_7_9,WARNING,Basic Form is not a complete canonical payload path.,Disclosure row added by Cell 7.7 to avoid falsely claiming Basic Form can produce the complete canonical model vector.,READY_WITH_GAP_DISCLOSURE,Basic Form canonical mapping gap disclosed.
BASIC_FORM,,,num_actv_bc_tl,,MAPPING_GAP_DISCLOSURE,,,NORMALIZATION::BASIC_FORM::NUM_ACTV_BC_TL::GAP_DISCLOSURE,MAPPING::BASIC_FORM::NUM_ACTV_BC_TL::MAPPING_GAP_DISCLOSURE,basic_form__num_actv_bc_tl__mapping_gap_disclosure,BASIC_FORM::num_actv_bc_tl::GAP_DISCLOSURE,MAPPING_GAP_DISCLOSURE,DISCLOSED_MAPPING_GAP,NO_BASIC_FORM_SOURCE_TO_CANONICAL_TARGET,,num_actv_bc_tl,False,False,False,False,True,BASIC_FORM_HAS_NO_SAFE_SOURCE_FIELD_FOR_CANONICAL_TARGET,BASIC_FORM_PAYLOAD_GAP_DISCLOSED,False,True,CELL_7_9,NO_BASIC_FORM_RUNTIME_NORMALIZATION,False,NOT_APPLICABLE_BASIC_FORM_GAP,False,NONE,Basic Form cannot produce this canonical feature safely in Cell 7.7. The gap is disclosed and must be handled by synthetic profile or payload assembly contracts later.,False,False,False,False,mapping_gap_disclosure,False,False,False,False,True,[],0,PARTIAL_MAPPING_REQUIRES_CELL_7_8_AND_CELL_7_9,WARNING,Basic Form is not a complete canonical payload path.,Disclosure row added by Cell 7.7 to avoid falsely claiming Basic Form can produce the complete canonical model vector.,READY_WITH_GAP_DISCLOSURE,Basic Form canonical mapping gap disclosed.
BASIC_FORM,,,open_acc,,MAPPING_GAP_DISCLOSURE,,,NORMALIZATION::BASIC_FORM::OPEN_ACC::GAP_DISCLOSURE,MAPPING::BASIC_FORM::OPEN_ACC::MAPPING_GAP_DISCLOSURE,basic_form__open_acc__mapping_gap_disclosure,BASIC_FORM::open_acc::GAP_DISCLOSURE,MAPPING_GAP_DISCLOSURE,DISCLOSED_MAPPING_GAP,NO_BASIC_FORM_SOURCE_TO_CANONICAL_TARGET,,open_acc,False,False,False,False,True,BASIC_FORM_HAS_NO_SAFE_SOURCE_FIELD_FOR_CANONICAL_TARGET,BASIC_FORM_PAYLOAD_GAP_DISCLOSED,False,True,CELL_7_9,NO_BASIC_FORM_RUNTIME_NORMALIZATION,False,NOT_APPLICABLE_BASIC_FORM_GAP,False,NONE,Basic Form cannot produce this canonical feature safely in Cell 7.7. The gap is disclosed and must be handled by synthetic profile or payload assembly contracts later.,False,False,False,False,mapping_gap_disclosure,False,False,False,False,True,[],0,PARTIAL_MAPPING_REQUIRES_CELL_7_8_AND_CELL_7_9,WARNING,Basic Form is not a complete canonical payload path.,Disclosure row added by Cell 7.7 to avoid falsely claiming Basic Form can produce the complete canonical model vector.,READY_WITH_GAP_DISCLOSURE,Basic Form canonical mapping gap disclosed.
BASIC_FORM,,,payment_to_income,,MAPPING_GAP_DISCLOSURE,,,NORMALIZATION::BASIC_FORM::PAYMENT_TO_INCOME::GAP_DISCLOSURE,MAPPING::BASIC_FORM::PAYMENT_TO_INCOME::MAPPING_GAP_DISCLOSURE,basic_form__payment_to_income__mapping_gap_disclosure,BASIC_FORM::payment_to_income::GAP_DISCLOSURE,MAPPING_GAP_DISCLOSURE,DISCLOSED_MAPPING_GAP,NO_BASIC_FORM_SOURCE_TO_CANONICAL_TARGET,,payment_to_income,False,False,False,False,True,BASIC_FORM_HAS_NO_SAFE_SOURCE_FIELD_FOR_CANONICAL_TARGET,BASIC_FORM_PAYLOAD_GAP_DISCLOSED,False,True,CELL_7_9,NO_BASIC_FORM_RUNTIME_NORMALIZATION,False,NOT_APPLICABLE_BASIC_FORM_GAP,False,NONE,Basic Form cannot produce this canonical feature safely in Cell 7.7. The gap is disclosed and must be handled by synthetic profile or payload assembly contracts later.,False,False,False,False,mapping_gap_disclosure,False,False,False,False,True,[],0,PARTIAL_MAPPING_REQUIRES_CELL_7_8_AND_CELL_7_9,WARNING,Basic Form is not a complete canonical payload path.,Disclosure row added by Cell 7.7 to avoid falsely claiming Basic Form can produce the complete canonical model vector.,READY_WITH_GAP_DISCLOSURE,Basic Form canonical mapping gap disclosed.
BASIC_FORM,,,pct_tl_nvr_dlq,,MAPPING_GAP_DISCLOSURE,,,NORMALIZATION::BASIC_FORM::PCT_TL_NVR_DLQ::GAP_DISCLOSURE,MAPPING::BASIC_FORM::PCT_TL_NVR_DLQ::MAPPING_GAP_DISCLOSURE,basic_form__pct_tl_nvr_dlq__mapping_gap_disclosure,BASIC_FORM::pct_tl_nvr_dlq::GAP_DISCLOSURE,MAPPING_GAP_DISCLOSURE,DISCLOSED_MAPPING_GAP,NO_BASIC_FORM_SOURCE_TO_CANONICAL_TARGET,,pct_tl_nvr_dlq,False,False,False,False,True,BASIC_FORM_HAS_NO_SAFE_SOURCE_FIELD_FOR_CANONICAL_TARGET,BASIC_FORM_PAYLOAD_GAP_DISCLOSED,False,True,CELL_7_9,NO_BASIC_FORM_RUNTIME_NORMALIZATION,False,NOT_APPLICABLE_BASIC_FORM_GAP,False,NONE,Basic Form cannot produce this canonical feature safely in Cell 7.7. The gap is disclosed and must be handled by synthetic profile or payload assembly contracts later.,False,False,False,False,mapping_gap_disclosure,False,False,False,False,True,[],0,PARTIAL_MAPPING_REQUIRES_CELL_7_8_AND_CELL_7_9,WARNING,Basic Form is not a complete canonical payload path.,Disclosure row added by Cell 7.7 to avoid falsely claiming Basic Form can produce the complete canonical model vector.,READY_WITH_GAP_DISCLOSURE,Basic Form canonical mapping gap disclosed.
BASIC_FORM,,,pub_rec,,MAPPING_GAP_DISCLOSURE,,,NORMALIZATION::BASIC_FORM::PUB_REC::GAP_DISCLOSURE,MAPPING::BASIC_FORM::PUB_REC::MAPPING_GAP_DISCLOSURE,basic_form__pub_rec__mapping_gap_disclosure,BASIC_FORM::pub_rec::GAP_DISCLOSURE,MAPPING_GAP_DISCLOSURE,DISCLOSED_MAPPING_GAP,NO_BASIC_FORM_SOURCE_TO_CANONICAL_TARGET,,pub_rec,False,False,False,False,True,BASIC_FORM_HAS_NO_SAFE_SOURCE_FIELD_FOR_CANONICAL_TARGET,BASIC_FORM_PAYLOAD_GAP_DISCLOSED,False,True,CELL_7_9,NO_BASIC_FORM_RUNTIME_NORMALIZATION,False,NOT_APPLICABLE_BASIC_FORM_GAP,False,NONE,Basic Form cannot produce this canonical feature safely in Cell 7.7. The gap is disclosed and must be handled by synthetic profile or payload assembly contracts later.,False,False,False,False,mapping_gap_disclosure,False,False,False,False,True,[],0,PARTIAL_MAPPING_REQUIRES_CELL_7_8_AND_CELL_7_9,WARNING,Basic Form is not a complete canonical payload path.,Disclosure row added by Cell 7.7 to avoid falsely claiming Basic Form can produce the complete canonical model vector.,READY_WITH_GAP_DISCLOSURE,Basic Form canonical mapping gap disclosed.
BASIC_FORM,,,pub_rec_bankruptcies,,MAPPING_GAP_DISCLOSURE,,,NORMALIZATION::BASIC_FORM::PUB_REC_BANKRUPTCIES::GAP_DISCLOSURE,MAPPING::BASIC_FORM::PUB_REC_BANKRUPTCIES::MAPPING_GAP_DISCLOSURE,basic_form__pub_rec_bankruptcies__mapping_gap_disclosure,BASIC_FORM::pub_rec_bankruptcies::GAP_DISCLOSURE,MAPPING_GAP_DISCLOSURE,DISCLOSED_MAPPING_GAP,NO_BASIC_FORM_SOURCE_TO_CANONICAL_TARGET,,pub_rec_bankruptcies,False,False,False,False,True,BASIC_FORM_HAS_NO_SAFE_SOURCE_FIELD_FOR_CANONICAL_TARGET,BASIC_FORM_PAYLOAD_GAP_DISCLOSED,False,True,CELL_7_9,NO_BASIC_FORM_RUNTIME_NORMALIZATION,False,NOT_APPLICABLE_BASIC_FORM_GAP,False,NONE,Basic Form cannot produce this canonical feature safely in Cell 7.7. The gap is disclosed and must be handled by synthetic profile or payload assembly contracts later.,False,False,False,False,mapping_gap_disclosure,False,False,False,False,True,[],0,PARTIAL_MAPPING_REQUIRES_CELL_7_8_AND_CELL_7_9,WARNING,Basic Form is not a complete canonical payload path.,Disclosure row added by Cell 7.7 to avoid falsely claiming Basic Form can produce the complete canonical model vector.,READY_WITH_GAP_DISCLOSURE,Basic Form canonical mapping gap disclosed.
BASIC_FORM,,,pub_rec_flag,,MAPPING_GAP_DISCLOSURE,,,NORMALIZATION::BASIC_FORM::PUB_REC_FLAG::GAP_DISCLOSURE,MAPPING::BASIC_FORM::PUB_REC_FLAG::MAPPING_GAP_DISCLOSURE,basic_form__pub_rec_flag__mapping_gap_disclosure,BASIC_FORM::pub_rec_flag::GAP_DISCLOSURE,MAPPING_GAP_DISCLOSURE,DISCLOSED_MAPPING_GAP,NO_BASIC_FORM_SOURCE_TO_CANONICAL_TARGET,,pub_rec_flag,False,False,False,False,True,BASIC_FORM_HAS_NO_SAFE_SOURCE_FIELD_FOR_CANONICAL_TARGET,BASIC_FORM_PAYLOAD_GAP_DISCLOSED,False,True,CELL_7_9,NO_BASIC_FORM_RUNTIME_NORMALIZATION,False,NOT_APPLICABLE_BASIC_FORM_GAP,False,NONE,Basic Form cannot produce this canonical feature safely in Cell 7.7. The gap is disclosed and must be handled by synthetic profile or payload assembly contracts later.,False,False,False,False,mapping_gap_disclosure,False,False,False,False,True,[],0,PARTIAL_MAPPING_REQUIRES_CELL_7_8_AND_CELL_7_9,WARNING,Basic Form is not a complete canonical payload path.,Disclosure row added by Cell 7.7 to avoid falsely claiming Basic Form can produce the complete canonical model vector.,READY_WITH_GAP_DISCLOSURE,Basic Form canonical mapping gap disclosed.
BASIC_FORM,,,revol_bal,,MAPPING_GAP_DISCLOSURE,,,NORMALIZATION::BASIC_FORM::REVOL_BAL::GAP_DISCLOSURE,MAPPING::BASIC_FORM::REVOL_BAL::MAPPING_GAP_DISCLOSURE,basic_form__revol_bal__mapping_gap_disclosure,BASIC_FORM::revol_bal::GAP_DISCLOSURE,MAPPING_GAP_DISCLOSURE,DISCLOSED_MAPPING_GAP,NO_BASIC_FORM_SOURCE_TO_CANONICAL_TARGET,,revol_bal,False,False,False,False,True,BASIC_FORM_HAS_NO_SAFE_SOURCE_FIELD_FOR_CANONICAL_TARGET,BASIC_FORM_PAYLOAD_GAP_DISCLOSED,False,True,CELL_7_9,NO_BASIC_FORM_RUNTIME_NORMALIZATION,False,NOT_APPLICABLE_BASIC_FORM_GAP,False,NONE,Basic Form cannot produce this canonical feature safely in Cell 7.7. The gap is disclosed and must be handled by synthetic profile or payload assembly contracts later.,False,False,False,False,mapping_gap_disclosure,False,False,False,False,True,[],0,PARTIAL_MAPPING_REQUIRES_CELL_7_8_AND_CELL_7_9,WARNING,Basic Form is not a complete canonical payload path.,Disclosure row added by Cell 7.7 to avoid falsely claiming Basic Form can produce the complete canonical model vector.,READY_WITH_GAP_DISCLOSURE,Basic Form canonical mapping gap disclosed.
BASIC_FORM,,,revol_util,,MAPPING_GAP_DISCLOSURE,,,NORMALIZATION::BASIC_FORM::REVOL_UTIL::GAP_DISCLOSURE,MAPPING::BASIC_FORM::REVOL_UTIL::MAPPING_GAP_DISCLOSURE,basic_form__revol_util__mapping_gap_disclosure,BASIC_FORM::revol_util::GAP_DISCLOSURE,MAPPING_GAP_DISCLOSURE,DISCLOSED_MAPPING_GAP,NO_BASIC_FORM_SOURCE_TO_CANONICAL_TARGET,,revol_util,False,False,False,False,True,BASIC_FORM_HAS_NO_SAFE_SOURCE_FIELD_FOR_CANONICAL_TARGET,BASIC_FORM_PAYLOAD_GAP_DISCLOSED,False,True,CELL_7_9,NO_BASIC_FORM_RUNTIME_NORMALIZATION,False,NOT_APPLICABLE_BASIC_FORM_GAP,False,NONE,Basic Form cannot produce this canonical feature safely in Cell 7.7. The gap is disclosed and must be handled by synthetic profile or payload assembly contracts later.,False,False,False,False,mapping_gap_disclosure,False,False,False,False,True,[],0,PARTIAL_MAPPING_REQUIRES_CELL_7_8_AND_CELL_7_9,WARNING,Basic Form is not a complete canonical payload path.,Disclosure row added by Cell 7.7 to avoid falsely claiming Basic Form can produce the complete canonical model vector.,READY_WITH_GAP_DISCLOSURE,Basic Form canonical mapping gap disclosed.
BASIC_FORM,,,tot_cur_bal,,MAPPING_GAP_DISCLOSURE,,,NORMALIZATION::BASIC_FORM::TOT_CUR_BAL::GAP_DISCLOSURE,MAPPING::BASIC_FORM::TOT_CUR_BAL::MAPPING_GAP_DISCLOSURE,basic_form__tot_cur_bal__mapping_gap_disclosure,BASIC_FORM::tot_cur_bal::GAP_DISCLOSURE,MAPPING_GAP_DISCLOSURE,DISCLOSED_MAPPING_GAP,NO_BASIC_FORM_SOURCE_TO_CANONICAL_TARGET,,tot_cur_bal,False,False,False,False,True,BASIC_FORM_HAS_NO_SAFE_SOURCE_FIELD_FOR_CANONICAL_TARGET,BASIC_FORM_PAYLOAD_GAP_DISCLOSED,False,True,CELL_7_9,NO_BASIC_FORM_RUNTIME_NORMALIZATION,False,NOT_APPLICABLE_BASIC_FORM_GAP,False,NONE,Basic Form cannot produce this canonical feature safely in Cell 7.7. The gap is disclosed and must be handled by synthetic profile or payload assembly contracts later.,False,False,False,False,mapping_gap_disclosure,False,False,False,False,True,[],0,PARTIAL_MAPPING_REQUIRES_CELL_7_8_AND_CELL_7_9,WARNING,Basic Form is not a complete canonical payload path.,Disclosure row added by Cell 7.7 to avoid falsely claiming Basic Form can produce the complete canonical model vector.,READY_WITH_GAP_DISCLOSURE,Basic Form canonical mapping gap disclosed.
BASIC_FORM,,,total_acc,,MAPPING_GAP_DISCLOSURE,,,NORMALIZATION::BASIC_FORM::TOTAL_ACC::GAP_DISCLOSURE,MAPPING::BASIC_FORM::TOTAL_ACC::MAPPING_GAP_DISCLOSURE,basic_form__total_acc__mapping_gap_disclosure,BASIC_FORM::total_acc::GAP_DISCLOSURE,MAPPING_GAP_DISCLOSURE,DISCLOSED_MAPPING_GAP,NO_BASIC_FORM_SOURCE_TO_CANONICAL_TARGET,,total_acc,False,False,False,False,True,BASIC_FORM_HAS_NO_SAFE_SOURCE_FIELD_FOR_CANONICAL_TARGET,BASIC_FORM_PAYLOAD_GAP_DISCLOSED,False,True,CELL_7_9,NO_BASIC_FORM_RUNTIME_NORMALIZATION,False,NOT_APPLICABLE_BASIC_FORM_GAP,False,NONE,Basic Form cannot produce this canonical feature safely in Cell 7.7. The gap is disclosed and must be handled by synthetic profile or payload assembly contracts later.,False,False,False,False,mapping_gap_disclosure,False,False,False,False,True,[],0,PARTIAL_MAPPING_REQUIRES_CELL_7_8_AND_CELL_7_9,WARNING,Basic Form is not a complete canonical payload path.,Disclosure row added by Cell 7.7 to avoid falsely claiming Basic Form can produce the complete canonical model vector.,READY_WITH_GAP_DISCLOSURE,Basic Form canonical mapping gap disclosed.
BASIC_FORM,,,total_rev_hi_lim,,MAPPING_GAP_DISCLOSURE,,,NORMALIZATION::BASIC_FORM::TOTAL_REV_HI_LIM::GAP_DISCLOSURE,MAPPING::BASIC_FORM::TOTAL_REV_HI_LIM::MAPPING_GAP_DISCLOSURE,basic_form__total_rev_hi_lim__mapping_gap_disclosure,BASIC_FORM::total_rev_hi_lim::GAP_DISCLOSURE,MAPPING_GAP_DISCLOSURE,DISCLOSED_MAPPING_GAP,NO_BASIC_FORM_SOURCE_TO_CANONICAL_TARGET,,total_rev_hi_lim,False,False,False,False,True,BASIC_FORM_HAS_NO_SAFE_SOURCE_FIELD_FOR_CANONICAL_TARGET,BASIC_FORM_PAYLOAD_GAP_DISCLOSED,False,True,CELL_7_9,NO_BASIC_FORM_RUNTIME_NORMALIZATION,False,NOT_APPLICABLE_BASIC_FORM_GAP,False,NONE,Basic Form cannot produce this canonical feature safely in Cell 7.7. The gap is disclosed and must be handled by synthetic profile or payload assembly contracts later.,False,False,False,False,mapping_gap_disclosure,False,False,False,False,True,[],0,PARTIAL_MAPPING_REQUIRES_CELL_7_8_AND_CELL_7_9,WARNING,Basic Form is not a complete canonical payload path.,Disclosure row added by Cell 7.7 to avoid falsely claiming Basic Form can produce the complete canonical model vector.,READY_WITH_GAP_DISCLOSURE,Basic Form canonical mapping gap disclosed.
BASIC_FORM,,,util_to_fico_ratio,,MAPPING_GAP_DISCLOSURE,,,NORMALIZATION::BASIC_FORM::UTIL_TO_FICO_RATIO::GAP_DISCLOSURE,MAPPING::BASIC_FORM::UTIL_TO_FICO_RATIO::MAPPING_GAP_DISCLOSURE,basic_form__util_to_fico_ratio__mapping_gap_disclosure,BASIC_FORM::util_to_fico_ratio::GAP_DISCLOSURE,MAPPING_GAP_DISCLOSURE,DISCLOSED_MAPPING_GAP,NO_BASIC_FORM_SOURCE_TO_CANONICAL_TARGET,,util_to_fico_ratio,False,False,False,False,True,BASIC_FORM_HAS_NO_SAFE_SOURCE_FIELD_FOR_CANONICAL_TARGET,BASIC_FORM_PAYLOAD_GAP_DISCLOSED,False,True,CELL_7_9,NO_BASIC_FORM_RUNTIME_NORMALIZATION,False,NOT_APPLICABLE_BASIC_FORM_GAP,False,NONE,Basic Form cannot produce this canonical feature safely in Cell 7.7. The gap is disclosed and must be handled by synthetic profile or payload assembly contracts later.,False,False,False,False,mapping_gap_disclosure,False,False,False,False,True,[],0,PARTIAL_MAPPING_REQUIRES_CELL_7_8_AND_CELL_7_9,WARNING,Basic Form is not a complete canonical payload path.,Disclosure row added by Cell 7.7 to avoid falsely claiming Basic Form can produce the complete canonical model vector.,READY_WITH_GAP_DISCLOSURE,Basic Form canonical mapping gap disclosed.
BASIC_FORM,,,verification_encoded,,MAPPING_GAP_DISCLOSURE,,,NORMALIZATION::BASIC_FORM::VERIFICATION_ENCODED::GAP_DISCLOSURE,MAPPING::BASIC_FORM::VERIFICATION_ENCODED::MAPPING_GAP_DISCLOSURE,basic_form__verification_encoded__mapping_gap_disclosure,BASIC_FORM::verification_encoded::GAP_DISCLOSURE,MAPPING_GAP_DISCLOSURE,DISCLOSED_MAPPING_GAP,NO_BASIC_FORM_SOURCE_TO_CANONICAL_TARGET,,verification_encoded,False,False,False,False,True,BASIC_FORM_HAS_NO_SAFE_SOURCE_FIELD_FOR_CANONICAL_TARGET,BASIC_FORM_PAYLOAD_GAP_DISCLOSED,False,True,CELL_7_9,NO_BASIC_FORM_RUNTIME_NORMALIZATION,False,NOT_APPLICABLE_BASIC_FORM_GAP,False,NONE,Basic Form cannot produce this canonical feature safely in Cell 7.7. The gap is disclosed and must be handled by synthetic profile or payload assembly contracts later.,False,False,False,False,mapping_gap_disclosure,False,False,False,False,True,[],0,PARTIAL_MAPPING_REQUIRES_CELL_7_8_AND_CELL_7_9,WARNING,Basic Form is not a complete canonical payload path.,Disclosure row added by Cell 7.7 to avoid falsely claiming Basic Form can produce the complete canonical model vector.,READY_WITH_GAP_DISCLOSURE,Basic Form canonical mapping gap disclosed.
